2026-09-14T10:47:21.237428 [ENB    ] [I] Using binary /home/co1750/srsRAN_4G/build/srsenb/src/srsenb with arguments: /home/co1750/tc005-o5g/enb-tc005.conf 
2026-09-14T10:47:21.237560 [ENB    ] [I] Built in Release mode using commit ce8a3ca on branch HEAD.
2026-09-14T10:47:21.238715 [ENB    ] [I] Using sync queue size of one for ZMQ based radio.
2026-09-14T10:47:21.279202 [RRC    ] [I] Tx Broadcast PDU - systemInformationBlockType1, cc=0, idx=0 (15 B)
    0000: 40 40 04 03 00 01 00 19 b0 18 14 60 10 82 80
2026-09-14T10:47:21.279208 [RRC    ] [I] Tx Broadcast PDU - systemInformation-r8, cc=0, idx=1 (33 B)
    0000: 00 80 0c e1 bf 78 88 00 ca 11 e0 01 00 00 08 01
    0010: 82 99 45 ab 9c 30 c6 a6 cc c1 c2 14 62 d8 4e a5
2026-09-14T10:47:21.279210 [RRC    ] [I] Allocating 1 PRBs for PUCCH
2026-09-14T10:47:21.279382 [MAC    ] [I] [    0] Using time-domain PF scheduling policy for cc=0
2026-09-14T10:47:21.279404 [RRC    ] [I] T310 200, T311 10000, N310 1
2026-09-14T10:47:21.279405 [RRC    ] [I] Inactivity timeout: 30000 ms
2026-09-14T10:47:21.279405 [RRC    ] [I] Max consecutive MAC KOs: 100
2026-09-14T10:47:21.279418 [S1AP   ] [I] Proc "MME Connection" - Starting new MME connection.
2026-09-14T10:47:21.279418 [S1AP   ] [I] Connecting to MME 127.0.0.2:36412
2026-09-14T10:47:21.279432 [COMN   ] [D] [    0] Setting RTO_INFO options on SCTP socket. Association 0, Initial RTO 3000, Minimum RTO 1000, Maximum RTO 6000
2026-09-14T10:47:21.279433 [COMN   ] [D] [    0] Setting SCTP_INITMSG options on SCTP socket. Max attempts 3, Max init attempts timeout 5000
2026-09-14T10:47:21.279444 [COMN   ] [D] [    0] Successfully bound to address 127.0.0.2:0
2026-09-14T10:47:21.279444 [S1AP   ] [I] SCTP socket opened. fd=7
2026-09-14T10:47:21.279488 [S1AP   ] [I] SCTP socket connected with MME. fd=7
2026-09-14T10:47:21.279493 [COMN   ] [D] [    0] RxSockets: socket fd=7 has been registered.
2026-09-14T10:47:21.279493 [S1AP   ] [I] SCTP socket established with MME
2026-09-14T10:47:21.279532 [S1AP   ] [I] Tx S1AP SDU, s1SetupRequest
    0000: 00 11 00 2d 00 00 04 00 3b 00 08 00 00 f1 10 00
    0010: 00 19 b0 00 3c 40 0a 03 80 73 72 73 65 6e 62 30
2026-09-14T10:47:21.279546 [S1AP   ] [I] Proc "MME Connection" - S1SetupRequest sent. Waiting for response...
2026-09-14T10:47:21.279552 [COMN   ] [D] [    0] Successfully bound to address 127.0.0.2:2152
2026-09-14T10:47:21.279554 [COMN   ] [D] [    0] RxSockets: socket fd=8 has been registered.
2026-09-14T10:47:21.279667 [RF     ] [I] Configuring physical DL channel 0 with band-pass filter (0.0, 0.0)
2026-09-14T10:47:21.279667 [RF     ] [I] Configuring physical UL channel 0 with band-pass filter (0.0, 0.0)
2026-09-14T10:47:21.279848 [S1AP   ] [I] Rx S1AP SDU - S1SetupResponse
    0000: 20 11 00 26 00 00 03 00 3d 40 0b 04 00 74 63 30
    0010: 30 35 2d 6d 6d 65 00 69 00 0b 00 00 00 f1 10 00
2026-09-14T10:47:21.279850 [S1AP   ] [I] Proc "MME Connection" - S1Setup procedure completed successfully
2026-09-14T10:47:21.437829 [PHY0   ] [I] [    0] Component Carrier Worker 0 configured cell 50 PRB
2026-09-14T10:47:21.437882 [PHY0   ] [I] [    0] Worker 0 configured cell 50 PRB
2026-09-14T10:47:21.511887 [PHY1   ] [I] [    0] Component Carrier Worker 0 configured cell 50 PRB
2026-09-14T10:47:21.511930 [PHY1   ] [I] [    0] Worker 0 configured cell 50 PRB
2026-09-14T10:47:21.585803 [PHY2   ] [I] [    0] Component Carrier Worker 0 configured cell 50 PRB
2026-09-14T10:47:21.585844 [PHY2   ] [I] [    0] Worker 0 configured cell 50 PRB
2026-09-14T10:47:21.588888 [RF     ] [I] Mapping RF channel 0 (device=0, channel=0) to logical carrier 0 on f_tx=2680.0 MHz
2026-09-14T10:47:21.588890 [RF     ] [I] Mapping RF channel 0 (device=0, channel=0) to logical carrier 0 on f_rx=2560.0 MHz
2026-09-14T10:47:21.588891 [PHY    ] [I] [    0] Starting RX/TX thread nof_prb=50, sf_len=11520
2026-09-14T10:47:29.919637 [PHY    ] [I] [  342] PRACH: cc=0, 0/1, preamble=5, offset=0.0 us, peak2avg=839.0, max_offset=30.0 us
2026-09-14T10:47:29.919982 [MAC    ] [I] [  341] SCHED: Added user rnti=0x46
2026-09-14T10:47:29.919988 [MAC    ] [I] [  341] SCHED: rnti=0x46, new lcid configuration: [{lcid=0, mode=bi-dir, prio=1, lcg=0}]
2026-09-14T10:47:29.919990 [MAC    ] [I] [  341] SCHED: Resetting rnti=0x46, cc=0 HARQs and feedback state
2026-09-14T10:47:29.919990 [MAC    ] [I] [  341] SCHED: rnti=0x46 PCell is now enb_cc_idx=0
2026-09-14T10:47:29.920071 [RRC    ] [I] Setting RLF timer for rnti=0x46 to 4000ms
2026-09-14T10:47:29.920088 [RLC    ] [I] Added LTE radio bearer with LCID 0 in Transparent Mode
2026-09-14T10:47:29.920094 [RRC    ] [I] Added new user rnti=0x46
2026-09-14T10:47:29.920096 [MAC    ] [I] [  341] SCHED: New PRACH tti=341, preamble=5, temp_crnti=0x46, ta_cmd=0, msg3_size=7
2026-09-14T10:47:29.920097 [MAC    ] [I] [  341] RACH:  tti=341, cc=0, pci=1, preamble=5, offset=0, temp_crnti=0x46
2026-09-14T10:47:29.920111 [MAC    ] [I] [  341] rach_tprof: {mean, max, min}={468.5, 468, 468} usec, nof_samples=1
2026-09-14T10:47:29.920732 [MAC    ] [I] [  342] SCHED: RAR, ra-rnti=2, rbgs=[0, 1), dci=(2,0), msg3 grants=[{c-rnti=0x46, rba=102, mcs=0}]
2026-09-14T10:47:29.920766 [PHY0   ] [I] [  342] PDCCH: cc=0, rnti=0x2, f=1A, cce= 0, L=2, riv=100, pid=0, mcs={1}, ndi={0}, tpc_pucch=0, tti_tx_dl=346
2026-09-14T10:47:29.920793 [PHY0   ] [I] [  342] PDSCH: cc=0, rnti=0x2, nof_prb=3, nof_re=450, tbs={11}, mod={2}, rv={0}, tti_tx_dl=346
2026-09-14T10:47:29.922926 [MAC    ] [I] [  344] SCHED: Msg3 tx rnti=0x46, cc=0, pid=0, dci=(0,0), prb=[2, 5), n_rtx=0, cfi=1, tbs=7, bsr=0 (0-7), tti_tx_ul=352
2026-09-14T10:47:29.931933 [MAC    ] [I] [  352] SCHED: UL adaptive link: rnti=0x46, snr_estim=5.00, last_mcs=0, snr_offset=0.001000
2026-09-14T10:47:29.931935 [MAC    ] [I] [  352] Pushing PDU rnti=0x46, tti_rx=352, nof_bytes=7
2026-09-14T10:47:29.931945 [PHY0   ] [I] [  352] PUSCH: cc=0, rnti=0x46, rb=(2,4), nof_re=432, tbs=7, mod=2, rv=0, crc=OK, avg_iter=2.0, snr=117.9 dB, epre=117.6 dBfs, ta=0.0 us, cfo=-0.0 hz, t=40 us
2026-09-14T10:47:29.931967 [PHY0   ] [I] [  352] PHICH: rnti=0x46, hi=1, I_lowest=2, n_dmrs=0, tti_tx_dl=356
2026-09-14T10:47:29.932030 [MAC    ] [I] [  352] 0x46 UL LCID=0 len=6
2026-09-14T10:47:29.932983 [RRC    ] [I] Rx SRB0 PDU, rnti=0x46 - rrcConnectionRequest (6 B)
    0000: 54 80 9a 45 14 48
2026-09-14T10:47:29.932997 [RRC    ] [I] Allocated SR resources in time-freq slot (0, 0), sf_cfg_idx=0
2026-09-14T10:47:29.932998 [RRC    ] [I] Allocated CQI resources for ue_cc_idx=0, time-frequency slot (0, 0), n_pucch_2=0, pmi_cfg_idx=38
2026-09-14T10:47:29.933015 [RRC    ] [I] TC15_DEBUG drx_cfg_present=1 sps_cfg_present=1 sps_dl_present=1 sps_ul_present=1
2026-09-14T10:47:29.933029 [MAC    ] [I] [  353] SCHED: UE Contention Resolution Identity for rnti=0x46 needs to be scheduled
2026-09-14T10:47:29.933033 [MAC    ] [I] [  353] SCHED: rnti=0x46, new lcid configuration: [{lcid=0, mode=bi-dir, prio=1, lcg=0}, {lcid=1, mode=bi-dir, prio=1, lcg=0}]
2026-09-14T10:47:29.933041 [PDCP   ] [I] Init SRB1 with bearer ID: 1
2026-09-14T10:47:29.933042 [PDCP   ] [I] SN len bits: 5, SN len bytes: 1, reordering window: 0, Maximum SN: 31, discard timer: -1 ms
2026-09-14T10:47:29.933042 [PDCP   ] [I] Status Report Required: False
2026-09-14T10:47:29.933046 [PDCP   ] [I] Add SRB1 (lcid=1, sn_len=5bits)
2026-09-14T10:47:29.933420 [RLC    ] [I] SRB1: AM LTE configured - t_poll_retx=45, poll_pdu=-1, poll_byte=-1, max_retx_thresh=4, t_reordering=35, t_status_prohibit=0, tx_queue_length=256
2026-09-14T10:47:29.933422 [RLC    ] [I] Added LTE radio bearer with LCID 1 in Acknowledged Mode
2026-09-14T10:47:29.933444 [RRC    ] [I] Tx SRB0 PDU, rnti=0x46 - rrcConnectionSetup (29 B)
    0000: 60 13 9b 3e 66 13 b6 18 1e 83 df 08 61 60 00 81
    0010: de 5c 19 99 0c 1a 60 00 13 20 40 00 7c
2026-09-14T10:47:29.933450 [RLC    ] [I] SRB0: Tx SDU, queue size=1, bytes=29
    0000: 60 13 9b 3e 66 13 b6 18 1e 83 df 08 61 60 00 81
    0010: de 5c 19 99 0c 1a 60 00 13 20 40 00 7c
2026-09-14T10:47:29.933944 [MAC    ] [I] [  354] SCHED: DL tx rnti=0x46, cc=0, pid=0, mask=0x10000, dci=(3, 0), n_rtx=0, cfi=1, tbs=41, buffer=38/0, tti_tx_dl=358
2026-09-14T10:47:29.933946 [MAC    ] [I] [  354] SCHED: DL MAC CEs cc=0: rnti=0x46: [CE "ConResId"]
2026-09-14T10:47:29.933950 [RLC    ] [I] SRB0: Tx Transparent Mode PDU, queue size=0, bytes=0
    0000: 60 13 9b 3e 66 13 b6 18 1e 83 df 08 61 60 00 81
    0010: de 5c 19 99 0c 1a 60 00 13 20 40 00 7c
2026-09-14T10:47:29.933954 [MAC    ] [I] [  354] 0x46 DL CON_RES: id=0x54809a451448 LCID=0 len=29
2026-09-14T10:47:29.933989 [PHY0   ] [I] [  354] PDCCH: cc=0, rnti=0x46, f=1A, cce= 0, L=3, riv=100, pid=0, mcs={7}, ndi={1}, tpc_pucch=1, tti_tx_dl=358
2026-09-14T10:47:29.934013 [PHY0   ] [I] [  354] PDSCH: cc=0, rnti=0x46, nof_prb=3, nof_re=450, tbs={41}, mod={2}, rv={0}, tti_tx_dl=358
2026-09-14T10:47:29.940409 [PHY0   ] [I] [  360] PUCCH: cc=0; rnti=0x46, f=1, n_pucch=0, dmrs_corr=-nan, snr=-inf dB, corr=0.000, sr=no, ta=0.0 us
2026-09-14T10:47:29.941502 [PHY1   ] [I] [  361] PUCCH: cc=0; rnti=0x46, f=2, n_pucch=0, dmrs_corr=-nan, snr=-inf dB, corr=0.000, cqi=0 (cc=0), ta=0.0 us
2026-09-14T10:47:29.942611 [MAC    ] [I] [  362] SCHED: DL adaptive link: rnti=0x46, cqi=5, last_mcs=7, cqi_offset=0.001000
2026-09-14T10:47:29.942617 [PHY0   ] [I] [  362] PUCCH: cc=0; rnti=0x46, f=1a, n_pucch=12, dmrs_corr=1.000, snr=111.8 dB, corr=1.000, ack=1, ta=0.0 us
2026-09-14T10:47:29.962413 [PHY0   ] [I] [  380] PUCCH: cc=0; rnti=0x46, f=1, n_pucch=0, dmrs_corr=1.000, snr=111.7 dB, corr=1.000, sr=yes, ta=0.0 us
2026-09-14T10:47:29.962441 [MAC    ] [I] [  380] SCHED: UL tx rnti=0x46, cc=0, pid=4, dci=(3,0), prb=[2, 47), n_rtx=0, cfi=1, tbs=157, bsr=0 (512-157), tti_tx_ul=388
2026-09-14T10:47:29.962468 [PHY0   ] [I] [  380] PDCCH: cc=0, rnti=0x46, f=0, cce= 0, L=3, riv=347, mcs=0, rv=0, ndi=1, f_h=n/a, cqi=no, tpc_pusch=1, dmrs_cs=0, tti_tx_dl=384
2026-09-14T10:47:29.971417 [MAC    ] [I] [  388] SCHED: UL adaptive link: rnti=0x46, snr_estim=5.00, last_mcs=0, snr_offset=0.002000
2026-09-14T10:47:29.971418 [MAC    ] [I] [  388] Pushing PDU rnti=0x46, tti_rx=388, nof_bytes=157
2026-09-14T10:47:29.971429 [PHY0   ] [I] [  388] PUSCH: cc=0, rnti=0x46, rb=(2,46), nof_re=6480, tbs=157, mod=2, rv=0, crc=OK, avg_iter=2.0, snr=109.0 dB, epre=105.8 dBfs, ta=0.0 us, cfo=0.0 hz, t=237 us
2026-09-14T10:47:29.971449 [PHY0   ] [I] [  388] PHICH: rnti=0x46, hi=1, I_lowest=2, n_dmrs=0, tti_tx_dl=392
2026-09-14T10:47:29.971529 [MAC    ] [I] [  388] 0x46 UL PHR: ph=30.0 LBSR: b=0 0 0 0  LCID=1 len=31 PAD: len=117
2026-09-14T10:47:29.971533 [RLC    ] [I] SRB1: Rx PDU - N bytes 31
2026-09-14T10:47:29.971540 [RLC    ] [I] SRB1: Rx data PDU SN=0 (29 B)
    0000: 00 20 00 2a 0e 82 e2 10 12 20 20 20 64 a8 ec 10
    0010: 05 e0 e0 00 08 04 03 a0 62 00 00 00 00
2026-09-14T10:47:29.971563 [RLC    ] [I] SRB1: Status packet requested through polling bit
2026-09-14T10:47:29.971564 [RLC    ] [I] SRB1: Rx SDU (29 B)
    0000: 00 20 00 2a 0e 82 e2 10 12 20 20 20 64 a8 ec 10
    0010: 05 e0 e0 00 08 04 03 a0 62 00 00 00 00
2026-09-14T10:47:29.971568 [PDCP   ] [I] SRB1 Rx PDU SN=0 (29 B, integrity=none, encryption=none)
    0000: 00 20 00 2a 0e 82 e2 10 12 20 20 20 64 a8 ec 10
    0010: 05 e0 e0 00 08 04 03 a0 62 00 00 00 00
2026-09-14T10:47:29.972222 [RRC    ] [I] Rx SRB1 PDU, rnti=0x46 - rrcConnectionSetupComplete (24 B)
    0000: 20 00 2a 0e 82 e2 10 12 20 20 20 64 a8 ec 10 05
    0010: e0 e0 00 08 04 03 a0 62
2026-09-14T10:47:29.972247 [RRC    ] [I] RRCConnectionSetupComplete transaction ID: 0
2026-09-14T10:47:29.972259 [MAC    ] [I] [  389] SCHED: DL tx rnti=0x46, cc=0, pid=0, mask=0x10000, dci=(3, 0), n_rtx=0, cfi=1, tbs=7, buffer=7/0, tti_tx_dl=393
2026-09-14T10:47:29.972269 [RLC    ] [I] Tx status PDU - SRB1: ACK_SN = 1, N_nack = 0
2026-09-14T10:47:29.972311 [S1AP   ] [I] Tx S1AP SDU, InitialUEMessage, rnti=0x46
    0000: 00 0c 40 3e 00 00 05 00 08 00 02 00 01 00 1a 00
    0010: 16 15 07 41 71 08 09 10 10 10 32 54 76 08 02 f0
2026-09-14T10:47:29.972320 [MAC    ] [I] [  389] 0x46 DL LCID=1 len=2
2026-09-14T10:47:29.972351 [PHY1   ] [I] [  389] PDCCH: cc=0, rnti=0x46, f=1A, cce= 0, L=3, riv=100, pid=0, mcs={0}, ndi={0}, tpc_pucch=1, tti_tx_dl=393
2026-09-14T10:47:29.972374 [PHY1   ] [I] [  389] PDSCH: cc=0, rnti=0x46, nof_prb=3, nof_re=450, tbs={7}, mod={2}, rv={0}, tti_tx_dl=393
2026-09-14T10:47:29.975104 [S1AP   ] [I] Rx S1AP SDU - DownlinkNASTransport
    0000: 00 0b 40 38 00 00 03 00 00 00 02 00 01 00 08 00
    0010: 02 00 01 00 1a 00 25 24 07 52 00 ca 1e 6f 42 df
2026-09-14T10:47:29.975106 [S1AP   ] [I] Checking UE S1 logical connection. eNB UE S1AP ID=1, MME UE S1AP ID=1
2026-09-14T10:47:29.975131 [RRC    ] [I] Tx SRB1 PDU, rnti=0x46 - dlInformationTransfer (39 B)
    0000: 08 01 20 3a 90 06 50 f3 7a 16 ff 91 d1 2c 9e c5
    0010: c7 79 6c 16 ea e8 82 32 ed 3b bc aa 84 00 07 9f
2026-09-14T10:47:29.975140 [PDCP   ] [I] TX SRB1 PDU, SN=0, integrity=none, encryption=none
    0000: 00 08 01 20 3a 90 06 50 f3 7a 16 ff 91 d1 2c 9e
    0010: c5 c7 79 6c 16 ea e8 82 32 ed 3b bc aa 84 00 07
2026-09-14T10:47:29.975143 [RLC    ] [I] SRB1: Tx SDU (44 B, PDCP_SN=0 tx_sdu_queue_len=1)
    0000: 00 08 01 20 3a 90 06 50 f3 7a 16 ff 91 d1 2c 9e
    0010: c5 c7 79 6c 16 ea e8 82 32 ed 3b bc aa 84 00 07
2026-09-14T10:47:29.975611 [MAC    ] [I] [  392] SCHED: DL tx rnti=0x46, cc=0, pid=1, mask=0x18000, dci=(3, 0), n_rtx=0, cfi=1, tbs=51, buffer=51/0, tti_tx_dl=396
2026-09-14T10:47:29.975623 [RLC    ] [I] SRB1: Tx PDU SN=0 (46 B)
    0000: a0 00 00 08 01 20 3a 90 06 50 f3 7a 16 ff 91 d1
    0010: 2c 9e c5 c7 79 6c 16 ea e8 82 32 ed 3b bc aa 84
2026-09-14T10:47:29.975630 [MAC    ] [I] [  392] 0x46 DL LCID=1 len=46
2026-09-14T10:47:29.975660 [PHY0   ] [I] [  392] PDCCH: cc=0, rnti=0x46, f=1, cce= 0, L=3, rbg=0x18000, pid=1, mcs={4}, ndi={1}, tpc_pucch=1, tti_tx_dl=396
2026-09-14T10:47:29.975700 [PHY0   ] [I] [  392] PDSCH: cc=0, rnti=0x46, nof_prb=6, nof_re=900, tbs={51}, mod={2}, rv={0}, tti_tx_dl=396
2026-09-14T10:47:29.981211 [MAC    ] [I] [  397] SCHED: DL adaptive link: rnti=0x46, cqi=5, last_mcs=0, cqi_offset=0.002000
2026-09-14T10:47:29.981222 [PHY1   ] [I] [  397] PUCCH: cc=0; rnti=0x46, f=1a, n_pucch=12, dmrs_corr=1.000, snr=111.7 dB, corr=1.000, ack=1, ta=0.0 us
2026-09-14T10:47:29.984429 [MAC    ] [I] [  400] SCHED: DL adaptive link: rnti=0x46, cqi=5, last_mcs=4, cqi_offset=0.003000
2026-09-14T10:47:29.984437 [PHY0   ] [I] [  400] PUCCH: cc=0; rnti=0x46, f=1a, n_pucch=12, dmrs_corr=1.000, snr=111.7 dB, corr=1.000, ack=1, ta=0.0 us
2026-09-14T10:47:29.985529 [PHY1   ] [I] [  401] PUCCH: cc=0; rnti=0x46, f=2, n_pucch=0, dmrs_corr=1.000, snr=111.7 dB, corr=1.000, cqi=15 (cc=0), ta=0.0 us
2026-09-14T10:47:30.006591 [PHY0   ] [I] [  420] PUCCH: cc=0; rnti=0x46, f=1, n_pucch=0, dmrs_corr=1.000, snr=111.7 dB, corr=1.000, sr=yes, ta=0.0 us
2026-09-14T10:47:30.006613 [MAC    ] [I] [  420] SCHED: UL tx rnti=0x46, cc=0, pid=4, dci=(0,4), prb=[2, 11), n_rtx=0, cfi=1, tbs=517, bsr=0 (512-517), tti_tx_ul=428
2026-09-14T10:47:30.006633 [PHY0   ] [I] [  420] PDCCH: cc=0, rnti=0x46, f=0, cce= 4, L=0, riv=402, mcs=22, rv=0, ndi=0, f_h=n/a, cqi=no, tpc_pusch=1, dmrs_cs=0, tti_tx_dl=424
2026-09-14T10:47:30.015472 [MAC    ] [I] [  428] SCHED: UL adaptive link: rnti=0x46, snr_estim=99.68, last_mcs=22, snr_offset=0.003000
2026-09-14T10:47:30.015476 [MAC    ] [I] [  428] Pushing PDU rnti=0x46, tti_rx=428, nof_bytes=517
2026-09-14T10:47:30.015490 [PHY0   ] [I] [  428] PUSCH: cc=0, rnti=0x46, rb=(2,10), nof_re=1296, tbs=517, mod=4, rv=0, crc=OK, avg_iter=2.0, snr=111.4 dB, epre=112.9 dBfs, ta=0.0 us, cfo=0.0 hz, t=106 us
2026-09-14T10:47:30.015518 [MAC    ] [I] [  428] 0x46 UL LBSR: b=0 0 0 0  LCID=1 len=2 LCID=1 len=21 PAD: len=485
2026-09-14T10:47:30.015521 [PHY0   ] [I] [  428] PHICH: rnti=0x46, hi=1, I_lowest=2, n_dmrs=0, tti_tx_dl=432
2026-09-14T10:47:30.015521 [RLC    ] [I] SRB1: Rx PDU - N bytes 2
2026-09-14T10:47:30.015561 [RLC    ] [I] Rx Status PDU SRB1: ACK_SN = 1, N_nack = 0
2026-09-14T10:47:30.015569 [RLC    ] [I] SRB1: Rx PDU - N bytes 21
2026-09-14T10:47:30.015570 [RLC    ] [I] SRB1: Rx data PDU SN=1 (19 B)
    0000: 01 48 01 60 ea 61 0e e5 cb d4 08 dd 33 14 e0 00
    0010: 00 00 00
2026-09-14T10:47:30.015572 [RLC    ] [I] SRB1: Status packet requested through polling bit
2026-09-14T10:47:30.015574 [RLC    ] [I] SRB1: Rx SDU (19 B)
    0000: 01 48 01 60 ea 61 0e e5 cb d4 08 dd 33 14 e0 00
    0010: 00 00 00
2026-09-14T10:47:30.015576 [PDCP   ] [I] SRB1 Rx PDU SN=1 (19 B, integrity=none, encryption=none)
    0000: 01 48 01 60 ea 61 0e e5 cb d4 08 dd 33 14 e0 00
    0010: 00 00 00
2026-09-14T10:47:30.016485 [MAC    ] [I] [  429] SCHED: DL tx rnti=0x46, cc=0, pid=0, mask=0x10000, dci=(0, 7), n_rtx=0, cfi=1, tbs=7, buffer=7/0, tti_tx_dl=433
2026-09-14T10:47:30.016493 [RLC    ] [I] Tx status PDU - SRB1: ACK_SN = 2, N_nack = 0
2026-09-14T10:47:30.016499 [MAC    ] [I] [  429] 0x46 DL LCID=1 len=2
2026-09-14T10:47:30.016512 [RRC    ] [I] Rx SRB1 PDU, rnti=0x46 - ulInformationTransfer (14 B)
    0000: 48 01 60 ea 61 0e e5 cb d4 08 dd 33 14 e0
2026-09-14T10:47:30.016514 [S1AP   ] [I] Received RRC SDU
    0000: 07 53 08 77 2e 5e a0 46 e9 98 a7
2026-09-14T10:47:30.016524 [PHY1   ] [I] [  429] PDCCH: cc=0, rnti=0x46, f=1, cce= 7, L=0, rbg=0x10000, pid=0, mcs={0}, ndi={1}, tpc_pucch=1, tti_tx_dl=433
2026-09-14T10:47:30.016536 [S1AP   ] [I] Tx S1AP SDU, UplinkNASTransport, rnti=0x46
    0000: 00 0d 40 35 00 00 05 00 00 00 02 00 01 00 08 00
    0010: 02 00 01 00 1a 00 0c 0b 07 53 08 77 2e 5e a0 46
2026-09-14T10:47:30.016555 [PHY1   ] [I] [  429] PDSCH: cc=0, rnti=0x46, nof_prb=3, nof_re=450, tbs={7}, mod={2}, rv={0}, tti_tx_dl=433
2026-09-14T10:47:30.016900 [S1AP   ] [I] Rx S1AP SDU - DownlinkNASTransport
    0000: 00 0b 40 2c 00 00 03 00 00 00 02 00 01 00 08 00
    0010: 02 00 01 00 1a 00 19 18 37 89 b9 81 2a 00 07 5d
2026-09-14T10:47:30.016901 [S1AP   ] [I] Checking UE S1 logical connection. eNB UE S1AP ID=1, MME UE S1AP ID=1
2026-09-14T10:47:30.016911 [RRC    ] [I] Tx SRB1 PDU, rnti=0x46 - dlInformationTransfer (27 B)
    0000: 08 00 c1 bc 4d cc 09 50 00 3a e8 10 00 17 83 86
    0010: 0a 78 47 94 44 d6 eb 2a f8 cd 78
2026-09-14T10:47:30.016916 [PDCP   ] [I] TX SRB1 PDU, SN=1, integrity=none, encryption=none
    0000: 01 08 00 c1 bc 4d cc 09 50 00 3a e8 10 00 17 83
    0010: 86 0a 78 47 94 44 d6 eb 2a f8 cd 78 00 00 00 00
2026-09-14T10:47:30.016919 [RLC    ] [I] SRB1: Tx SDU (32 B, PDCP_SN=1 tx_sdu_queue_len=1)
    0000: 01 08 00 c1 bc 4d cc 09 50 00 3a e8 10 00 17 83
    0010: 86 0a 78 47 94 44 d6 eb 2a f8 cd 78 00 00 00 00
2026-09-14T10:47:30.017566 [MAC    ] [I] [  430] SCHED: DL tx rnti=0x46, cc=0, pid=1, mask=0x10000, dci=(0, 4), n_rtx=0, cfi=1, tbs=41, buffer=39/0, tti_tx_dl=434
2026-09-14T10:47:30.017581 [RLC    ] [I] SRB1: Tx PDU SN=1 (34 B)
    0000: a0 01 01 08 00 c1 bc 4d cc 09 50 00 3a e8 10 00
    0010: 17 83 86 0a 78 47 94 44 d6 eb 2a f8 cd 78 00 00
2026-09-14T10:47:30.017587 [MAC    ] [I] [  430] 0x46 DL LCID=1 len=34
2026-09-14T10:47:30.017606 [PHY0   ] [I] [  430] PDCCH: cc=0, rnti=0x46, f=1, cce= 4, L=0, rbg=0x10000, pid=1, mcs={7}, ndi={0}, tpc_pucch=1, tti_tx_dl=434
2026-09-14T10:47:30.017627 [PHY0   ] [I] [  430] PDSCH: cc=0, rnti=0x46, nof_prb=3, nof_re=450, tbs={41}, mod={2}, rv={0}, tti_tx_dl=434
2026-09-14T10:47:30.025375 [MAC    ] [I] [  437] SCHED: DL adaptive link: rnti=0x46, cqi=15, last_mcs=0, cqi_offset=0.004000
2026-09-14T10:47:30.025383 [PHY1   ] [I] [  437] PUCCH: cc=0; rnti=0x46, f=1a, n_pucch=19, dmrs_corr=1.000, snr=111.7 dB, corr=1.000, ack=1, ta=0.0 us
2026-09-14T10:47:30.026445 [MAC    ] [I] [  438] SCHED: DL adaptive link: rnti=0x46, cqi=15, last_mcs=7, cqi_offset=0.005000
2026-09-14T10:47:30.026453 [PHY0   ] [I] [  438] PUCCH: cc=0; rnti=0x46, f=1a, n_pucch=16, dmrs_corr=1.000, snr=111.7 dB, corr=1.000, ack=1, ta=0.0 us
2026-09-14T10:47:30.028638 [PHY0   ] [I] [  440] PUCCH: cc=0; rnti=0x46, f=1, n_pucch=0, dmrs_corr=1.000, snr=111.7 dB, corr=1.000, sr=yes, ta=0.0 us
2026-09-14T10:47:30.028661 [MAC    ] [I] [  440] SCHED: UL tx rnti=0x46, cc=0, pid=0, dci=(0,4), prb=[2, 11), n_rtx=0, cfi=1, tbs=517, bsr=0 (512-517), tti_tx_ul=448
2026-09-14T10:47:30.028687 [PHY0   ] [I] [  440] PDCCH: cc=0, rnti=0x46, f=0, cce= 4, L=0, riv=402, mcs=22, rv=0, ndi=0, f_h=n/a, cqi=no, tpc_pusch=1, dmrs_cs=0, tti_tx_dl=444
2026-09-14T10:47:30.029738 [PHY1   ] [I] [  441] PUCCH: cc=0; rnti=0x46, f=2, n_pucch=0, dmrs_corr=1.000, snr=111.7 dB, corr=1.000, cqi=15 (cc=0), ta=0.0 us
2026-09-14T10:47:30.037585 [MAC    ] [I] [  448] SCHED: UL adaptive link: rnti=0x46, snr_estim=109.91, last_mcs=22, snr_offset=0.004000
2026-09-14T10:47:30.037587 [MAC    ] [I] [  448] Pushing PDU rnti=0x46, tti_rx=448, nof_bytes=517
2026-09-14T10:47:30.037598 [PHY0   ] [I] [  448] PUSCH: cc=0, rnti=0x46, rb=(2,10), nof_re=1296, tbs=517, mod=4, rv=0, crc=OK, avg_iter=2.0, snr=111.4 dB, epre=112.9 dBfs, ta=0.0 us, cfo=0.0 hz, t=90 us
2026-09-14T10:47:30.037623 [MAC    ] [I] [  448] 0x46 UL PHR: ph=30.0 LBSR: b=0 0 0 0  LCID=1 len=2 LCID=1 len=29 PAD: len=475
2026-09-14T10:47:30.037627 [PHY0   ] [I] [  448] PHICH: rnti=0x46, hi=1, I_lowest=2, n_dmrs=0, tti_tx_dl=452
2026-09-14T10:47:30.037628 [RLC    ] [I] SRB1: Rx PDU - N bytes 2
2026-09-14T10:47:30.037633 [RLC    ] [I] Rx Status PDU SRB1: ACK_SN = 2, N_nack = 0
2026-09-14T10:47:30.037642 [RLC    ] [I] SRB1: Rx PDU - N bytes 29
2026-09-14T10:47:30.037643 [RLC    ] [I] SRB1: Rx data PDU SN=2 (27 B)
    0000: 02 48 02 68 e8 db cf 8a c0 00 eb c4 61 26 66 b2
    0010: 80 12 cf 06 6a 3e 60 00 00 00 00
2026-09-14T10:47:30.037654 [RLC    ] [I] SRB1: Status packet requested through polling bit
2026-09-14T10:47:30.037656 [RLC    ] [I] SRB1: Rx SDU (27 B)
    0000: 02 48 02 68 e8 db cf 8a c0 00 eb c4 61 26 66 b2
    0010: 80 12 cf 06 6a 3e 60 00 00 00 00
2026-09-14T10:47:30.037660 [PDCP   ] [I] SRB1 Rx PDU SN=2 (27 B, integrity=none, encryption=none)
    0000: 02 48 02 68 e8 db cf 8a c0 00 eb c4 61 26 66 b2
    0010: 80 12 cf 06 6a 3e 60 00 00 00 00
2026-09-14T10:47:30.038627 [RRC    ] [I] Rx SRB1 PDU, rnti=0x46 - ulInformationTransfer (22 B)
    0000: 48 02 68 e8 db cf 8a c0 00 eb c4 61 26 66 b2 80
    0010: 12 cf 06 6a 3e 60
2026-09-14T10:47:30.038629 [S1AP   ] [I] Received RRC SDU
    0000: 47 46 de 7c 56 00 07 5e 23 09 33 35 94 00 96 78
    0010: 33 51 f3
2026-09-14T10:47:30.038633 [MAC    ] [I] [  449] SCHED: DL tx rnti=0x46, cc=0, pid=0, mask=0x10000, dci=(0, 7), n_rtx=0, cfi=1, tbs=7, buffer=7/0, tti_tx_dl=453
2026-09-14T10:47:30.038645 [RLC    ] [I] Tx status PDU - SRB1: ACK_SN = 3, N_nack = 0
2026-09-14T10:47:30.038651 [S1AP   ] [I] Tx S1AP SDU, UplinkNASTransport, rnti=0x46
    0000: 00 0d 40 3d 00 00 05 00 00 00 02 00 01 00 08 00
    0010: 02 00 01 00 1a 00 14 13 47 46 de 7c 56 00 07 5e
2026-09-14T10:47:30.038655 [MAC    ] [I] [  449] 0x46 DL LCID=1 len=2
2026-09-14T10:47:30.038687 [PHY1   ] [I] [  449] PDCCH: cc=0, rnti=0x46, f=1, cce= 7, L=0, rbg=0x10000, pid=0, mcs={0}, ndi={0}, tpc_pucch=1, tti_tx_dl=453
2026-09-14T10:47:30.038727 [PHY1   ] [I] [  449] PDSCH: cc=0, rnti=0x46, nof_prb=3, nof_re=450, tbs={7}, mod={2}, rv={0}, tti_tx_dl=453
2026-09-14T10:47:30.045574 [S1AP   ] [I] Rx S1AP SDU - InitialContextSetupRequest
    0000: 00 09 00 80 b0 00 00 07 00 00 00 02 00 01 00 08
    0010: 00 02 00 01 00 42 00 0a 18 3b 9a ca 00 60 3b 9a
2026-09-14T10:47:30.045577 [S1AP   ] [I] Checking UE S1 logical connection. eNB UE S1AP ID=1, MME UE S1AP ID=1
2026-09-14T10:47:30.045578 [RRC    ] [I] Adding initial context for 0x46
2026-09-14T10:47:30.045579 [RRC    ] [I] Selected EEA0 as RRC encryption algorithm
2026-09-14T10:47:30.045580 [RRC    ] [I] Selected EIA2 as RRC integrity algorithm.
2026-09-14T10:47:30.045581 [RRC    ] [I] Key eNodeB (k_enb)
    0000: 1f 7b f0 20 f2 26 3b 01 e5 fa f2 44 d2 dd a7 92
    0010: 0c 63 3a 87 34 3a 95 31 51 44 37 40 80 2e 7b 8f
2026-09-14T10:47:30.045609 [RRC    ] [I] K_eNB (k_enb)
    0000: 1f 7b f0 20 f2 26 3b 01 e5 fa f2 44 d2 dd a7 92
    0010: 0c 63 3a 87 34 3a 95 31 51 44 37 40 80 2e 7b 8f
2026-09-14T10:47:30.045610 [RRC    ] [I] RRC Encryption Key (k_rrc_enc)
    0000: 3c 60 b6 72 6b 12 a9 8e d8 01 ae 56 7c a2 1f 1d
    0010: 85 61 ca fb 24 02 d0 e5 29 43 e8 54 1f 64 66 85
2026-09-14T10:47:30.045611 [RRC    ] [I] RRC Integrity Key (k_rrc_int)
    0000: ad f3 7c 76 e1 c0 79 5a c7 24 79 95 ad 7e 84 13
    0010: bd d6 f2 0f 81 0d b3 fa 5d 5c 14 b2 f9 99 b3 01
2026-09-14T10:47:30.045611 [RRC    ] [I] UP Encryption Key (k_up_enc)
    0000: 97 56 d9 45 02 1f d9 62 bc 03 d3 26 07 5b d7 00
    0010: 41 d5 ae fd 5a 7c 7f fa db ea f0 71 d7 7d 2d f2
2026-09-14T10:47:30.045614 [PDCP   ] [I] Configuring security with 128-EIA2 and EEA0
2026-09-14T10:47:30.045625 [RRC    ] [I] Tx SRB1 PDU, rnti=0x46 - securityModeCommand (3 B)
    0000: 30 00 20
2026-09-14T10:47:30.045648 [PDCP   ] [I] TX SRB1 PDU, SN=2, integrity=tx/rx, encryption=none
    0000: 02 30 00 20 5d 75 b7 8e
2026-09-14T10:47:30.045651 [RLC    ] [I] SRB1: Tx SDU (8 B, PDCP_SN=2 tx_sdu_queue_len=1)
    0000: 02 30 00 20 5d 75 b7 8e
2026-09-14T10:47:30.045657 [RRC    ] [I] Setting up erab id=5 for 0x46
2026-09-14T10:47:30.045671 [RRC    ] [I] setup_erab nas_pdu -> erab_info rnti 0x46
    0000: 27 8d e9 a6 61 01 07 42 01 29 06 40 00 f1 10 00
    0010: 01 00 1d 52 01 c1 01 09 09 08 69 6e 74 65 72 6e
2026-09-14T10:47:30.045684 [GTPU   ] [I] New tunnel created - TEID In=0x1, TEID Out=0x996, rnti=0x46, eps-BearerID=5, remote addr=127.0.0.6
2026-09-14T10:47:30.046394 [MAC    ] [I] [  456] SCHED: DL tx rnti=0x46, cc=0, pid=1, mask=0x10000, dci=(0, 6), n_rtx=0, cfi=1, tbs=18, buffer=15/0, tti_tx_dl=460
2026-09-14T10:47:30.046406 [RLC    ] [I] SRB1: Tx PDU SN=2 (10 B)
    0000: a0 02 02 30 00 20 5d 75 b7 8e
2026-09-14T10:47:30.046414 [MAC    ] [I] [  456] 0x46 DL LCID=1 len=10
2026-09-14T10:47:30.046454 [PHY0   ] [I] [  456] PDCCH: cc=0, rnti=0x46, f=1, cce= 6, L=0, rbg=0x10000, pid=1, mcs={2}, ndi={1}, tpc_pucch=1, tti_tx_dl=460
2026-09-14T10:47:30.046483 [PHY0   ] [I] [  456] PDSCH: cc=0, rnti=0x46, nof_prb=3, nof_re=450, tbs={18}, mod={2}, rv={0}, tti_tx_dl=460
2026-09-14T10:47:30.047584 [MAC    ] [I] [  457] SCHED: DL adaptive link: rnti=0x46, cqi=15, last_mcs=0, cqi_offset=0.006000
2026-09-14T10:47:30.047593 [PHY1   ] [I] [  457] PUCCH: cc=0; rnti=0x46, f=1a, n_pucch=19, dmrs_corr=1.000, snr=111.7 dB, corr=1.000, ack=1, ta=0.0 us
2026-09-14T10:47:30.050851 [PHY0   ] [I] [  460] PUCCH: cc=0; rnti=0x46, f=1, n_pucch=0, dmrs_corr=-nan, snr=-inf dB, corr=0.000, sr=no, ta=0.0 us
2026-09-14T10:47:30.055336 [MAC    ] [I] [  464] SCHED: DL adaptive link: rnti=0x46, cqi=15, last_mcs=2, cqi_offset=0.007000
2026-09-14T10:47:30.055346 [PHY0   ] [I] [  464] PUCCH: cc=0; rnti=0x46, f=1a, n_pucch=18, dmrs_corr=1.000, snr=111.7 dB, corr=1.000, ack=1, ta=0.0 us
2026-09-14T10:47:30.073452 [PHY0   ] [I] [  480] PUCCH: cc=0; rnti=0x46, f=1, n_pucch=0, dmrs_corr=1.000, snr=111.7 dB, corr=1.000, sr=yes, ta=0.0 us
2026-09-14T10:47:30.073485 [MAC    ] [I] [  480] SCHED: UL tx rnti=0x46, cc=0, pid=0, dci=(0,4), prb=[2, 11), n_rtx=0, cfi=1, tbs=517, bsr=0 (512-517), tti_tx_ul=488
2026-09-14T10:47:30.073515 [PHY0   ] [I] [  480] PDCCH: cc=0, rnti=0x46, f=0, cce= 4, L=0, riv=402, mcs=22, rv=0, ndi=1, f_h=n/a, cqi=no, tpc_pusch=1, dmrs_cs=0, tti_tx_dl=484
2026-09-14T10:47:30.074610 [PHY1   ] [I] [  481] PUCCH: cc=0; rnti=0x46, f=2, n_pucch=0, dmrs_corr=1.000, snr=111.7 dB, corr=1.000, cqi=15 (cc=0), ta=0.0 us
2026-09-14T10:47:30.082771 [MAC    ] [I] [  488] SCHED: UL adaptive link: rnti=0x46, snr_estim=110.88, last_mcs=22, snr_offset=0.005000
2026-09-14T10:47:30.082773 [MAC    ] [I] [  488] Pushing PDU rnti=0x46, tti_rx=488, nof_bytes=517
2026-09-14T10:47:30.082786 [PHY0   ] [I] [  488] PUSCH: cc=0, rnti=0x46, rb=(2,10), nof_re=1296, tbs=517, mod=4, rv=0, crc=OK, avg_iter=2.0, snr=111.4 dB, epre=112.8 dBfs, ta=0.0 us, cfo=0.0 hz, t=92 us
2026-09-14T10:47:30.082817 [PHY0   ] [I] [  488] PHICH: rnti=0x46, hi=1, I_lowest=2, n_dmrs=0, tti_tx_dl=492
2026-09-14T10:47:30.082888 [MAC    ] [I] [  488] 0x46 UL LBSR: b=0 0 0 0  LCID=1 len=2 LCID=1 len=9 PAD: len=497
2026-09-14T10:47:30.082892 [RLC    ] [I] SRB1: Rx PDU - N bytes 2
2026-09-14T10:47:30.082898 [RLC    ] [I] Rx Status PDU SRB1: ACK_SN = 3, N_nack = 0
2026-09-14T10:47:30.082907 [RLC    ] [I] SRB1: Rx PDU - N bytes 9
2026-09-14T10:47:30.082908 [RLC    ] [I] SRB1: Rx data PDU SN=3 (7 B)
    0000: 03 28 00 aa 86 e7 58
2026-09-14T10:47:30.082910 [RLC    ] [I] SRB1: Status packet requested through polling bit
2026-09-14T10:47:30.082912 [RLC    ] [I] SRB1: Rx SDU (7 B)
    0000: 03 28 00 aa 86 e7 58
2026-09-14T10:47:30.082915 [PDCP   ] [I] SRB1 Rx PDU SN=3 (7 B, integrity=tx/rx, encryption=none)
    0000: 03 28 00 aa 86 e7 58
2026-09-14T10:47:30.083691 [RRC    ] [I] Rx SRB1 PDU, rnti=0x46 - securityModeComplete (2 B)
    0000: 28 00
2026-09-14T10:47:30.083693 [RRC    ] [I] SecurityModeComplete transaction ID: 0
2026-09-14T10:47:30.083714 [RRC    ] [I] Tx SRB1 PDU, rnti=0x46 - ueCapabilityEnquiry (3 B)
    0000: 38 00 00
2026-09-14T10:47:30.083723 [PDCP   ] [I] TX SRB1 PDU, SN=3, integrity=tx/rx, encryption=tx/rx
    0000: 03 38 00 00 a6 c4 3c 64
2026-09-14T10:47:30.083726 [RLC    ] [I] SRB1: Tx SDU (8 B, PDCP_SN=3 tx_sdu_queue_len=1)
    0000: 03 38 00 00 a6 c4 3c 64
2026-09-14T10:47:30.083799 [MAC    ] [I] [  489] SCHED: DL tx rnti=0x46, cc=0, pid=0, mask=0x10000, dci=(0, 7), n_rtx=0, cfi=1, tbs=22, buffer=22/0, tti_tx_dl=493
2026-09-14T10:47:30.083813 [RLC    ] [I] Tx status PDU - SRB1: ACK_SN = 4, N_nack = 0
2026-09-14T10:47:30.083849 [RLC    ] [I] SRB1: Tx PDU SN=3 (10 B)
    0000: a0 03 03 38 00 00 a6 c4 3c 64
2026-09-14T10:47:30.083854 [MAC    ] [I] [  489] 0x46 DL LCID=1 len=2 LCID=1 len=10
2026-09-14T10:47:30.083881 [PHY1   ] [I] [  489] PDCCH: cc=0, rnti=0x46, f=1, cce= 7, L=0, rbg=0x10000, pid=0, mcs={3}, ndi={1}, tpc_pucch=1, tti_tx_dl=493
2026-09-14T10:47:30.083908 [PHY1   ] [I] [  489] PDSCH: cc=0, rnti=0x46, nof_prb=3, nof_re=450, tbs={22}, mod={2}, rv={0}, tti_tx_dl=493
2026-09-14T10:47:30.092797 [MAC    ] [I] [  497] SCHED: DL adaptive link: rnti=0x46, cqi=15, last_mcs=3, cqi_offset=0.008000
2026-09-14T10:47:30.092808 [PHY1   ] [I] [  497] PUCCH: cc=0; rnti=0x46, f=1a, n_pucch=19, dmrs_corr=1.000, snr=111.7 dB, corr=1.000, ack=1, ta=0.0 us
2026-09-14T10:47:30.096118 [PHY0   ] [I] [  500] PUCCH: cc=0; rnti=0x46, f=1, n_pucch=0, dmrs_corr=1.000, snr=111.7 dB, corr=1.000, sr=yes, ta=0.0 us
2026-09-14T10:47:30.096147 [MAC    ] [I] [  500] SCHED: UL tx rnti=0x46, cc=0, pid=4, dci=(0,4), prb=[2, 11), n_rtx=0, cfi=1, tbs=517, bsr=0 (512-517), tti_tx_ul=508
2026-09-14T10:47:30.096173 [PHY0   ] [I] [  500] PDCCH: cc=0, rnti=0x46, f=0, cce= 4, L=0, riv=402, mcs=22, rv=0, ndi=1, f_h=n/a, cqi=no, tpc_pusch=1, dmrs_cs=0, tti_tx_dl=504
2026-09-14T10:47:30.105332 [MAC    ] [I] [  508] SCHED: UL adaptive link: rnti=0x46, snr_estim=111.35, last_mcs=22, snr_offset=0.006000
2026-09-14T10:47:30.105334 [MAC    ] [I] [  508] Pushing PDU rnti=0x46, tti_rx=508, nof_bytes=517
2026-09-14T10:47:30.105344 [PHY0   ] [I] [  508] PUSCH: cc=0, rnti=0x46, rb=(2,10), nof_re=1296, tbs=517, mod=4, rv=0, crc=OK, avg_iter=2.0, snr=111.4 dB, epre=112.8 dBfs, ta=0.0 us, cfo=0.0 hz, t=75 us
2026-09-14T10:47:30.105365 [PHY0   ] [I] [  508] PHICH: rnti=0x46, hi=1, I_lowest=2, n_dmrs=0, tti_tx_dl=512
2026-09-14T10:47:30.105438 [MAC    ] [I] [  508] 0x46 UL PHR: ph=30.0 LBSR: b=0 0 0 0  LCID=1 len=2 LCID=1 len=23 PAD: len=481
2026-09-14T10:47:30.105442 [RLC    ] [I] SRB1: Rx PDU - N bytes 2
2026-09-14T10:47:30.105446 [RLC    ] [I] Rx Status PDU SRB1: ACK_SN = 4, N_nack = 0
2026-09-14T10:47:30.105455 [RLC    ] [I] SRB1: Rx PDU - N bytes 23
2026-09-14T10:47:30.105456 [RLC    ] [I] SRB1: Rx data PDU SN=4 (21 B)
    0000: 04 38 01 00 c8 1b 00 00 01 80 00 f3 02 08 00 00
    0010: 00 fb d1 d6 96
2026-09-14T10:47:30.105457 [RLC    ] [I] SRB1: Status packet requested through polling bit
2026-09-14T10:47:30.105459 [RLC    ] [I] SRB1: Rx SDU (21 B)
    0000: 04 38 01 00 c8 1b 00 00 01 80 00 f3 02 08 00 00
    0010: 00 fb d1 d6 96
2026-09-14T10:47:30.105461 [PDCP   ] [I] SRB1 Rx PDU SN=4 (21 B, integrity=tx/rx, encryption=tx/rx)
    0000: 04 38 01 00 c8 1b 00 00 01 80 00 f3 02 08 00 00
    0010: 00 fb d1 d6 96
2026-09-14T10:47:30.106341 [MAC    ] [I] [  509] SCHED: DL tx rnti=0x46, cc=0, pid=0, mask=0x10000, dci=(0, 7), n_rtx=0, cfi=1, tbs=7, buffer=7/0, tti_tx_dl=513
2026-09-14T10:47:30.106349 [RLC    ] [I] Tx status PDU - SRB1: ACK_SN = 5, N_nack = 0
2026-09-14T10:47:30.106354 [MAC    ] [I] [  509] 0x46 DL LCID=1 len=2
2026-09-14T10:47:30.106376 [PHY1   ] [I] [  509] PDCCH: cc=0, rnti=0x46, f=1, cce= 7, L=0, rbg=0x10000, pid=0, mcs={0}, ndi={0}, tpc_pucch=1, tti_tx_dl=513
2026-09-14T10:47:30.106397 [PHY1   ] [I] [  509] PDSCH: cc=0, rnti=0x46, nof_prb=3, nof_re=450, tbs={7}, mod={2}, rv={0}, tti_tx_dl=513
2026-09-14T10:47:30.106399 [RRC    ] [I] Rx SRB1 PDU, rnti=0x46 - ueCapabilityInformation (16 B)
    0000: 38 01 00 c8 1b 00 00 01 80 00 f3 02 08 00 00 00
2026-09-14T10:47:30.106400 [RRC    ] [I] UECapabilityInformation transaction ID: 0
2026-09-14T10:47:30.106415 [RRC    ] [I] UE rnti: 0x46 category: 4
2026-09-14T10:47:30.106432 [S1AP   ] [I] Tx S1AP SDU, UECapabilityInfoIndication, rnti=0x46
    0000: 00 16 40 25 00 00 03 00 00 00 02 00 01 00 08 00
    0010: 02 00 01 00 4a 40 12 11 00 78 01 00 c8 1b 00 00
2026-09-14T10:47:30.106474 [RRC    ] [I] UE doesn't support CA. Skipping SCell activation
2026-09-14T10:47:30.106487 [RRC    ] [I] connection_reconf erab_info -> nas_info rnti 0x46
    0000: 27 8d e9 a6 61 01 07 42 01 29 06 40 00 f1 10 00
    0010: 01 00 1d 52 01 c1 01 09 09 08 69 6e 74 65 72 6e
2026-09-14T10:47:30.106936 [RLC    ] [I] SRB2: AM LTE configured - t_poll_retx=45, poll_pdu=-1, poll_byte=-1, max_retx_thresh=4, t_reordering=35, t_status_prohibit=0, tx_queue_length=256
2026-09-14T10:47:30.106938 [RLC    ] [I] Added LTE radio bearer with LCID 2 in Acknowledged Mode
2026-09-14T10:47:30.107357 [RLC    ] [I] DRB1: AM LTE configured - t_poll_retx=120, poll_pdu=64, poll_byte=750000, max_retx_thresh=32, t_reordering=50, t_status_prohibit=50, tx_queue_length=256
2026-09-14T10:47:30.107358 [RLC    ] [I] Added LTE radio bearer with LCID 3 in Acknowledged Mode
2026-09-14T10:47:30.107362 [STCK   ] [I] Bearers: Registered eps-BearerID=5 for rnti=0x46, lcid=3 over LTE-PDCP
2026-09-14T10:47:30.107371 [PDCP   ] [I] Init SRB2 with bearer ID: 2
2026-09-14T10:47:30.107372 [PDCP   ] [I] SN len bits: 5, SN len bytes: 1, reordering window: 0, Maximum SN: 31, discard timer: -1 ms
2026-09-14T10:47:30.107372 [PDCP   ] [I] Status Report Required: False
2026-09-14T10:47:30.107374 [PDCP   ] [I] Add SRB2 (lcid=2, sn_len=5bits)
2026-09-14T10:47:30.107375 [PDCP   ] [I] Configuring security with 128-EIA2 and EEA0
2026-09-14T10:47:30.107379 [PDCP   ] [I] Init DRB1 with bearer ID: 1
2026-09-14T10:47:30.107379 [PDCP   ] [I] SN len bits: 12, SN len bytes: 2, reordering window: 2048, Maximum SN: 4095, discard timer: 150 ms
2026-09-14T10:47:30.107380 [PDCP   ] [I] Status Report Required: True
2026-09-14T10:47:30.107740 [PDCP   ] [I] Add DRB1 (lcid=3, sn_len=12bits)
2026-09-14T10:47:30.107741 [PDCP   ] [I] Configuring security with 128-EIA2 and EEA0
2026-09-14T10:47:30.107764 [RRC    ] [I] Tx SRB1 PDU, rnti=0x46 - rrcConnectionReconfiguration (102 B)
    0000: 20 16 10 80 00 00 06 8b 02 80 10 89 e3 7a 69 98
    0010: 40 41 d0 80 4a 41 90 00 3c 44 00 00 40 07 54 80
2026-09-14T10:47:30.107782 [PDCP   ] [I] TX SRB1 PDU, SN=4, integrity=tx/rx, encryption=tx/rx
    0000: 04 20 16 10 80 00 00 06 8b 02 80 10 89 e3 7a 69
    0010: 98 40 41 d0 80 4a 41 90 00 3c 44 00 00 40 07 54
2026-09-14T10:47:30.107784 [RLC    ] [I] SRB1: Tx SDU (107 B, PDCP_SN=4 tx_sdu_queue_len=1)
    0000: 04 20 16 10 80 00 00 06 8b 02 80 10 89 e3 7a 69
    0010: 98 40 41 d0 80 4a 41 90 00 3c 44 00 00 40 07 54
2026-09-14T10:47:30.108542 [MAC    ] [I] [  511] SCHED: DL tx rnti=0x46, cc=0, pid=1, mask=0x10000, dci=(0, 4), n_rtx=0, cfi=1, tbs=121, buffer=114/0, tti_tx_dl=515
2026-09-14T10:47:30.108548 [RLC    ] [I] SRB1: Tx PDU SN=4 (109 B)
    0000: a0 04 04 20 16 10 80 00 00 06 8b 02 80 10 89 e3
    0010: 7a 69 98 40 41 d0 80 4a 41 90 00 3c 44 00 00 40
2026-09-14T10:47:30.108551 [MAC    ] [I] [  511] 0x46 DL LCID=1 len=109
2026-09-14T10:47:30.108570 [PHY1   ] [I] [  511] PDCCH: cc=0, rnti=0x46, f=1A, cce= 4, L=0, riv=100, pid=1, mcs={18}, ndi={0}, tpc_pucch=1, tti_tx_dl=515
2026-09-14T10:47:30.108593 [PHY1   ] [I] [  511] PDSCH: cc=0, rnti=0x46, nof_prb=3, nof_re=450, tbs={121}, mod={6}, rv={0}, tti_tx_dl=515
2026-09-14T10:47:30.115583 [MAC    ] [I] [  517] SCHED: DL adaptive link: rnti=0x46, cqi=15, last_mcs=0, cqi_offset=0.009000
2026-09-14T10:47:30.115595 [PHY1   ] [I] [  517] PUCCH: cc=0; rnti=0x46, f=1a, n_pucch=19, dmrs_corr=1.000, snr=111.7 dB, corr=1.000, ack=1, ta=0.0 us
2026-09-14T10:47:30.117835 [MAC    ] [I] [  519] SCHED: DL adaptive link: rnti=0x46, cqi=15, last_mcs=18, cqi_offset=0.010000
2026-09-14T10:47:30.117843 [PHY1   ] [I] [  519] PUCCH: cc=0; rnti=0x46, f=1a, n_pucch=16, dmrs_corr=1.000, snr=111.7 dB, corr=1.000, ack=1, ta=0.0 us
2026-09-14T10:47:30.118884 [PHY0   ] [I] [  520] PUCCH: cc=0; rnti=0x46, f=1, n_pucch=0, dmrs_corr=-nan, snr=-inf dB, corr=0.000, sr=no, ta=0.0 us
2026-09-14T10:47:30.120060 [PHY1   ] [I] [  521] PUCCH: cc=0; rnti=0x46, f=2, n_pucch=0, dmrs_corr=1.000, snr=111.7 dB, corr=1.000, cqi=15 (cc=0), ta=0.0 us
2026-09-14T10:47:30.141762 [PHY0   ] [I] [  540] PUCCH: cc=0; rnti=0x46, f=1, n_pucch=0, dmrs_corr=1.000, snr=111.7 dB, corr=1.000, sr=yes, ta=0.0 us
2026-09-14T10:47:30.141790 [MAC    ] [I] [  540] SCHED: UL tx rnti=0x46, cc=0, pid=4, dci=(0,4), prb=[2, 11), n_rtx=0, cfi=1, tbs=517, bsr=0 (512-517), tti_tx_ul=548
2026-09-14T10:47:30.141816 [PHY0   ] [I] [  540] PDCCH: cc=0, rnti=0x46, f=0, cce= 4, L=0, riv=402, mcs=22, rv=0, ndi=0, f_h=n/a, cqi=no, tpc_pusch=1, dmrs_cs=0, tti_tx_dl=544
2026-09-14T10:47:30.150864 [MAC    ] [I] [  548] SCHED: UL adaptive link: rnti=0x46, snr_estim=111.39, last_mcs=22, snr_offset=0.007000
2026-09-14T10:47:30.150866 [MAC    ] [I] [  548] Pushing PDU rnti=0x46, tti_rx=548, nof_bytes=517
2026-09-14T10:47:30.150877 [PHY0   ] [I] [  548] PUSCH: cc=0, rnti=0x46, rb=(2,10), nof_re=1296, tbs=517, mod=4, rv=0, crc=OK, avg_iter=2.0, snr=111.4 dB, epre=112.8 dBfs, ta=0.0 us, cfo=0.0 hz, t=88 us
2026-09-14T10:47:30.150902 [PHY0   ] [I] [  548] PHICH: rnti=0x46, hi=1, I_lowest=2, n_dmrs=0, tti_tx_dl=552
2026-09-14T10:47:30.150971 [MAC    ] [I] [  548] 0x46 UL PHR: ph=30.0 LBSR: b=0 0 0 0  LCID=1 len=2 LCID=1 len=9 LCID=2 len=50 LCID=3 len=52 PAD: len=389
2026-09-14T10:47:30.150975 [RLC    ] [I] SRB1: Rx PDU - N bytes 2
2026-09-14T10:47:30.150980 [RLC    ] [I] Rx Status PDU SRB1: ACK_SN = 5, N_nack = 0
2026-09-14T10:47:30.150988 [RLC    ] [I] SRB1: Rx PDU - N bytes 9
2026-09-14T10:47:30.150989 [RLC    ] [I] SRB1: Rx data PDU SN=5 (7 B)
    0000: 05 10 00 2d f4 fe ee
2026-09-14T10:47:30.150991 [RLC    ] [I] SRB1: Status packet requested through polling bit
2026-09-14T10:47:30.150992 [RLC    ] [I] SRB1: Rx SDU (7 B)
    0000: 05 10 00 2d f4 fe ee
2026-09-14T10:47:30.150994 [PDCP   ] [I] SRB1 Rx PDU SN=5 (7 B, integrity=tx/rx, encryption=tx/rx)
    0000: 05 10 00 2d f4 fe ee
2026-09-14T10:47:30.151003 [RLC    ] [I] SRB2: Rx PDU - N bytes 50
2026-09-14T10:47:30.151003 [RLC    ] [I] SRB2: Rx data PDU SN=0 (46 B)
    0000: 00 48 01 a4 f1 f4 25 bc 80 20 e8 60 00 6a 40 18
    0010: 40 73 b3 80 4a 01 48 02 24 47 ff b1 22 a0 40 40
2026-09-14T10:47:30.151010 [RLC    ] [I] SRB2: Status packet requested through polling bit
2026-09-14T10:47:30.151010 [RLC    ] [I] SRB2: Rx SDU (21 B)
    0000: 00 48 01 a4 f1 f4 25 bc 80 20 e8 60 00 6a 40 18
    0010: 40 73 b3 80 4a
2026-09-14T10:47:30.151013 [PDCP   ] [I] SRB2 Rx PDU SN=0 (21 B, integrity=tx/rx, encryption=tx/rx)
    0000: 00 48 01 a4 f1 f4 25 bc 80 20 e8 60 00 6a 40 18
    0010: 40 73 b3 80 4a
2026-09-14T10:47:30.151014 [RLC    ] [I] SRB2: Rx SDU (25 B)
    0000: 01 48 02 24 47 ff b1 22 a0 40 40 5a 06 3a 25 00
    0010: 80 6d 2d ae 60 86 65 8f 57
2026-09-14T10:47:30.151015 [PDCP   ] [I] SRB2 Rx PDU SN=1 (25 B, integrity=tx/rx, encryption=tx/rx)
    0000: 01 48 02 24 47 ff b1 22 a0 40 40 5a 06 3a 25 00
    0010: 80 6d 2d ae 60 86 65 8f 57
2026-09-14T10:47:30.151018 [RLC    ] [I] DRB1: Rx PDU - N bytes 52
2026-09-14T10:47:30.151018 [RLC    ] [I] DRB1: Rx data PDU SN=0 (50 B)
    0000: 80 00 60 00 00 00 00 08 3a ff fe 80 00 00 00 00
    0010: 00 00 39 a8 6f 82 b3 e9 95 a4 ff 02 00 00 00 00
2026-09-14T10:47:30.151019 [RLC    ] [I] DRB1: Status packet requested through polling bit
2026-09-14T10:47:30.151020 [RLC    ] [I] DRB1: Rx SDU (50 B)
    0000: 80 00 60 00 00 00 00 08 3a ff fe 80 00 00 00 00
    0010: 00 00 39 a8 6f 82 b3 e9 95 a4 ff 02 00 00 00 00
2026-09-14T10:47:30.151021 [PDCP   ] [I] DRB1 Rx PDU SN=0 (50 B, integrity=tx/rx, encryption=tx/rx)
    0000: 80 00 60 00 00 00 00 08 3a ff fe 80 00 00 00 00
    0010: 00 00 39 a8 6f 82 b3 e9 95 a4 ff 02 00 00 00 00
2026-09-14T10:47:30.151023 [PDCP   ] [I] Updated RX_COUNT info with SDU COUNT=0, queue_size0, FMC=1
2026-09-14T10:47:30.151032 [GTPU   ] [I] Tx S1-U SDU, UL > 127.0.0.6:0x1, rnti=0x46, eps-BearerID=5, n_bytes=48, IPv6
    0000: 60 00 00 00 00 08 3a ff fe 80 00 00 00 00 00 00
    0010: 39 a8 6f 82 b3 e9 95 a4 ff 02 00 00 00 00 00 00
2026-09-14T10:47:30.151850 [RRC    ] [I] Rx SRB1 PDU, rnti=0x46 - rrcConnectionReconfigurationComplete (2 B)
    0000: 10 00
2026-09-14T10:47:30.151885 [MAC    ] [I] [  549] SCHED: DL tx rnti=0x46, cc=0, pid=0, mask=0x10000, dci=(0, 7), n_rtx=0, cfi=1, tbs=7, buffer=7/0, tti_tx_dl=553
2026-09-14T10:47:30.151895 [MAC    ] [I] [  549] SCHED: rnti=0x46, new lcid configuration: [{lcid=2, mode=bi-dir, prio=3, lcg=0}, {lcid=3, mode=bi-dir, prio=11, lcg=3}]
2026-09-14T10:47:30.151895 [RLC    ] [I] Tx status PDU - SRB1: ACK_SN = 6, N_nack = 0
2026-09-14T10:47:30.151903 [MAC    ] [I] [  549] 0x46 DL LCID=1 len=2
2026-09-14T10:47:30.151910 [S1AP   ] [I] Procedure InitialContextSetupRequest,rnti=0x46 - Received RRC reconf complete. Finishing UE context setup.
2026-09-14T10:47:30.151928 [PHY1   ] [I] [  549] PDCCH: cc=0, rnti=0x46, f=1A, cce= 7, L=0, riv=100, pid=0, mcs={0}, ndi={1}, tpc_pucch=1, tti_tx_dl=553
2026-09-14T10:47:30.151934 [S1AP   ] [I] Tx S1AP SDU, InitialContextSetupResponse, rnti=0x46
    0000: 20 09 00 22 00 00 03 00 00 40 02 00 01 00 08 40
    0010: 02 00 01 00 33 40 0f 00 00 32 40 0a 0a 1f 7f 00
2026-09-14T10:47:30.151959 [PHY1   ] [I] [  549] PDSCH: cc=0, rnti=0x46, nof_prb=3, nof_re=450, tbs={7}, mod={2}, rv={0}, tti_tx_dl=553
2026-09-14T10:47:30.151979 [RRC    ] [I] Rx SRB2 PDU, rnti=0x46 - ulInformationTransfer (16 B)
    0000: 48 01 a4 f1 f4 25 bc 80 20 e8 60 00 6a 40 18 40
2026-09-14T10:47:30.151980 [S1AP   ] [I] Received RRC SDU
    0000: 27 8f a1 2d e4 01 07 43 00 03 52 00 c2
2026-09-14T10:47:30.151994 [S1AP   ] [I] Tx S1AP SDU, UplinkNASTransport, rnti=0x46
    0000: 00 0d 40 37 00 00 05 00 00 00 02 00 01 00 08 00
    0010: 02 00 01 00 1a 00 0e 0d 27 8f a1 2d e4 01 07 43
2026-09-14T10:47:30.151999 [RRC    ] [I] Rx SRB2 PDU, rnti=0x46 - ulInformationTransfer (20 B)
    0000: 48 02 24 47 ff b1 22 a0 40 40 5a 06 3a 25 00 80
    0010: 6d 2d ae 60
2026-09-14T10:47:30.152000 [S1AP   ] [I] Received RRC SDU
    0000: 22 3f fd 89 15 02 02 02 d0 31 d1 28 04 03 69 6d
    0010: 73
2026-09-14T10:47:30.152005 [S1AP   ] [I] Tx S1AP SDU, UplinkNASTransport, rnti=0x46
    0000: 00 0d 40 3b 00 00 05 00 00 00 02 00 01 00 08 00
    0010: 02 00 01 00 1a 00 12 11 22 3f fd 89 15 02 02 02
2026-09-14T10:47:30.152994 [MAC    ] [I] [  550] SCHED: DL tx rnti=0x46, cc=0, pid=1, mask=0x10000, dci=(0, 4), n_rtx=0, cfi=1, tbs=18, buffer=14/0, tti_tx_dl=554
2026-09-14T10:47:30.153001 [RLC    ] [I] Tx status PDU - SRB2: ACK_SN = 1, N_nack = 0
2026-09-14T10:47:30.153051 [RLC    ] [I] SRB2: No data available to be sent
2026-09-14T10:47:30.153054 [RLC    ] [I] Tx status PDU - DRB1: ACK_SN = 1, N_nack = 0
2026-09-14T10:47:30.153057 [RLC    ] [I] DRB1: No data available to be sent
2026-09-14T10:47:30.153059 [MAC    ] [I] [  550] 0x46 DL LCID=2 len=2 LCID=3 len=2
2026-09-14T10:47:30.153081 [PHY0   ] [I] [  550] PDCCH: cc=0, rnti=0x46, f=1, cce= 4, L=0, rbg=0x10000, pid=1, mcs={2}, ndi={1}, tpc_pucch=1, tti_tx_dl=554
2026-09-14T10:47:30.153102 [PHY0   ] [I] [  550] PDSCH: cc=0, rnti=0x46, nof_prb=3, nof_re=450, tbs={18}, mod={2}, rv={0}, tti_tx_dl=554
2026-09-14T10:47:30.162397 [MAC    ] [I] [  557] SCHED: DL adaptive link: rnti=0x46, cqi=15, last_mcs=0, cqi_offset=0.011000
2026-09-14T10:47:30.162407 [PHY1   ] [I] [  557] PUCCH: cc=0; rnti=0x46, f=1a, n_pucch=19, dmrs_corr=1.000, snr=111.7 dB, corr=1.000, ack=1, ta=0.0 us
2026-09-14T10:47:30.163468 [MAC    ] [I] [  558] SCHED: DL adaptive link: rnti=0x46, cqi=15, last_mcs=2, cqi_offset=0.012000
2026-09-14T10:47:30.163479 [PHY0   ] [I] [  558] PUCCH: cc=0; rnti=0x46, f=1a, n_pucch=16, dmrs_corr=1.000, snr=111.7 dB, corr=1.000, ack=1, ta=0.0 us
2026-09-14T10:47:30.165639 [PHY0   ] [I] [  560] PUCCH: cc=0; rnti=0x46, f=1, n_pucch=0, dmrs_corr=-nan, snr=-inf dB, corr=0.000, sr=no, ta=0.0 us
2026-09-14T10:47:30.166779 [PHY1   ] [I] [  561] PUCCH: cc=0; rnti=0x46, f=2, n_pucch=0, dmrs_corr=1.000, snr=111.7 dB, corr=1.000, cqi=15 (cc=0), ta=0.0 us
2026-09-14T10:47:30.187955 [PHY0   ] [I] [  580] PUCCH: cc=0; rnti=0x46, f=1, n_pucch=0, dmrs_corr=-nan, snr=-inf dB, corr=0.000, sr=no, ta=0.0 us
2026-09-14T10:47:30.209872 [PHY0   ] [I] [  600] PUCCH: cc=0; rnti=0x46, f=1, n_pucch=0, dmrs_corr=-nan, snr=-inf dB, corr=0.000, sr=no, ta=0.0 us
2026-09-14T10:47:30.211002 [PHY1   ] [I] [  601] PUCCH: cc=0; rnti=0x46, f=2, n_pucch=0, dmrs_corr=1.000, snr=111.7 dB, corr=1.000, cqi=15 (cc=0), ta=0.0 us
2026-09-14T10:47:30.232710 [PHY0   ] [I] [  620] PUCCH: cc=0; rnti=0x46, f=1, n_pucch=0, dmrs_corr=-nan, snr=-inf dB, corr=0.000, sr=no, ta=0.0 us
2026-09-14T10:47:30.255554 [PHY0   ] [I] [  640] PUCCH: cc=0; rnti=0x46, f=1, n_pucch=0, dmrs_corr=-nan, snr=-inf dB, corr=0.000, sr=no, ta=0.0 us
2026-09-14T10:47:30.256792 [PHY1   ] [I] [  641] PUCCH: cc=0; rnti=0x46, f=2, n_pucch=0, dmrs_corr=1.000, snr=111.7 dB, corr=1.000, cqi=15 (cc=0), ta=0.0 us
2026-09-14T10:47:30.278194 [PHY0   ] [I] [  660] PUCCH: cc=0; rnti=0x46, f=1, n_pucch=0, dmrs_corr=-nan, snr=-inf dB, corr=0.000, sr=no, ta=0.0 us
2026-09-14T10:47:30.301166 [PHY0   ] [I] [  680] PUCCH: cc=0; rnti=0x46, f=1, n_pucch=0, dmrs_corr=-nan, snr=-inf dB, corr=0.000, sr=no, ta=0.0 us
2026-09-14T10:47:30.302500 [PHY1   ] [I] [  681] PUCCH: cc=0; rnti=0x46, f=2, n_pucch=0, dmrs_corr=1.000, snr=111.7 dB, corr=1.000, cqi=15 (cc=0), ta=0.0 us
2026-09-14T10:47:30.310567 [S1AP   ] [I] Rx S1AP SDU - DownlinkNASTransport
    0000: 00 0b 40 4f 00 00 03 00 00 00 02 00 01 00 08 00
    0010: 02 00 01 00 1a 00 3c 3b 27 b3 69 2e d4 02 07 61
2026-09-14T10:47:30.310570 [S1AP   ] [I] Checking UE S1 logical connection. eNB UE S1AP ID=1, MME UE S1AP ID=1
2026-09-14T10:47:30.310587 [RRC    ] [I] Tx SRB2 PDU, rnti=0x46 - dlInformationTransfer (62 B)
    0000: 08 01 d9 3d 9b 49 76 a0 10 3b 0a 18 bc 80 02 a0
    0010: 02 18 01 80 01 80 01 a8 01 68 02 78 03 b8 03 70
2026-09-14T10:47:30.310598 [PDCP   ] [I] TX SRB2 PDU, SN=0, integrity=tx/rx, encryption=tx/rx
    0000: 00 08 01 d9 3d 9b 49 76 a0 10 3b 0a 18 bc 80 02
    0010: a0 02 18 01 80 01 80 01 a8 01 68 02 78 03 b8 03
2026-09-14T10:47:30.310602 [RLC    ] [I] SRB2: Tx SDU (67 B, PDCP_SN=0 tx_sdu_queue_len=1)
    0000: 00 08 01 d9 3d 9b 49 76 a0 10 3b 0a 18 bc 80 02
    0010: a0 02 18 01 80 01 80 01 a8 01 68 02 78 03 b8 03
2026-09-14T10:47:30.310768 [S1AP   ] [I] Rx S1AP SDU - DownlinkNASTransport
    0000: 00 0b 40 1d 00 00 03 00 00 00 02 00 01 00 08 00
    0010: 02 00 01 00 1a 00 0a 09 27 bb 8f 06 eb 03 02 02
2026-09-14T10:47:30.310769 [S1AP   ] [I] Checking UE S1 logical connection. eNB UE S1AP ID=1, MME UE S1AP ID=1
2026-09-14T10:47:30.310771 [RRC    ] [I] Tx SRB2 PDU, rnti=0x46 - dlInformationTransfer (12 B)
    0000: 08 00 49 3d dc 78 37 58 18 10 16 c8
2026-09-14T10:47:30.310773 [PDCP   ] [I] TX SRB2 PDU, SN=1, integrity=tx/rx, encryption=tx/rx
    0000: 01 08 00 49 3d dc 78 37 58 18 10 16 c8 13 38 5e
    0010: ae
2026-09-14T10:47:30.310774 [RLC    ] [I] SRB2: Tx SDU (17 B, PDCP_SN=1 tx_sdu_queue_len=2)
    0000: 01 08 00 49 3d dc 78 37 58 18 10 16 c8 13 38 5e
    0010: ae
2026-09-14T10:47:30.311750 [MAC    ] [I] [  689] SCHED: DL tx rnti=0x46, cc=0, pid=0, mask=0x10000, dci=(0, 7), n_rtx=0, cfi=1, tbs=93, buffer=93/0, tti_tx_dl=693
2026-09-14T10:47:30.311762 [RLC    ] [I] SRB2: Tx PDU SN=0 (88 B)
    0000: a4 00 04 30 00 08 01 d9 3d 9b 49 76 a0 10 3b 0a
    0010: 18 bc 80 02 a0 02 18 01 80 01 80 01 a8 01 68 02
2026-09-14T10:47:30.311770 [MAC    ] [I] [  689] 0x46 DL LCID=2 len=88
2026-09-14T10:47:30.311795 [PHY1   ] [I] [  689] PDCCH: cc=0, rnti=0x46, f=1, cce= 7, L=0, rbg=0x10000, pid=0, mcs={14}, ndi={0}, tpc_pucch=1, tti_tx_dl=693
2026-09-14T10:47:30.311826 [PHY1   ] [I] [  689] PDSCH: cc=0, rnti=0x46, nof_prb=3, nof_re=450, tbs={93}, mod={4}, rv={0}, tti_tx_dl=693
2026-09-14T10:47:30.321090 [MAC    ] [I] [  697] SCHED: DL adaptive link: rnti=0x46, cqi=15, last_mcs=14, cqi_offset=0.013000
2026-09-14T10:47:30.321103 [PHY1   ] [I] [  697] PUCCH: cc=0; rnti=0x46, f=1a, n_pucch=19, dmrs_corr=1.000, snr=111.7 dB, corr=1.000, ack=1, ta=0.0 us
2026-09-14T10:47:30.324402 [PHY0   ] [I] [  700] PUCCH: cc=0; rnti=0x46, f=1, n_pucch=0, dmrs_corr=1.000, snr=111.7 dB, corr=1.000, sr=yes, ta=0.0 us
2026-09-14T10:47:30.324425 [MAC    ] [I] [  700] SCHED: UL tx rnti=0x46, cc=0, pid=4, dci=(0,4), prb=[2, 11), n_rtx=0, cfi=1, tbs=517, bsr=0 (512-517), tti_tx_ul=708
2026-09-14T10:47:30.324450 [PHY0   ] [I] [  700] PDCCH: cc=0, rnti=0x46, f=0, cce= 4, L=0, riv=402, mcs=22, rv=0, ndi=1, f_h=n/a, cqi=no, tpc_pusch=1, dmrs_cs=0, tti_tx_dl=704
2026-09-14T10:47:30.333609 [MAC    ] [I] [  708] SCHED: UL adaptive link: rnti=0x46, snr_estim=111.42, last_mcs=22, snr_offset=0.008000
2026-09-14T10:47:30.333611 [MAC    ] [I] [  708] Pushing PDU rnti=0x46, tti_rx=708, nof_bytes=517
2026-09-14T10:47:30.333621 [PHY0   ] [I] [  708] PUSCH: cc=0, rnti=0x46, rb=(2,10), nof_re=1296, tbs=517, mod=4, rv=0, crc=OK, avg_iter=2.0, snr=111.4 dB, epre=112.8 dBfs, ta=0.0 us, cfo=0.0 hz, t=98 us
2026-09-14T10:47:30.333644 [PHY0   ] [I] [  708] PHICH: rnti=0x46, hi=1, I_lowest=2, n_dmrs=0, tti_tx_dl=712
2026-09-14T10:47:30.333718 [MAC    ] [I] [  708] 0x46 UL PHR: ph=30.0 LBSR: b=0 0 0 0  LCID=2 len=2 LCID=2 len=25 PAD: len=479
2026-09-14T10:47:30.333722 [RLC    ] [I] SRB2: Rx PDU - N bytes 2
2026-09-14T10:47:30.333728 [RLC    ] [I] Rx Status PDU SRB2: ACK_SN = 1, N_nack = 0
2026-09-14T10:47:30.333737 [RLC    ] [I] SRB2: Rx PDU - N bytes 25
2026-09-14T10:47:30.333739 [RLC    ] [I] SRB2: Rx data PDU SN=1 (23 B)
    0000: 02 48 01 e4 f8 e3 85 8d 60 60 40 5b 45 00 80 6d
    0010: 2d ae 60 7b a4 6f 69
2026-09-14T10:47:30.333742 [RLC    ] [I] SRB2: Status packet requested through polling bit
2026-09-14T10:47:30.333744 [RLC    ] [I] SRB2: Rx SDU (23 B)
    0000: 02 48 01 e4 f8 e3 85 8d 60 60 40 5b 45 00 80 6d
    0010: 2d ae 60 7b a4 6f 69
2026-09-14T10:47:30.333746 [PDCP   ] [I] SRB2 Rx PDU SN=2 (23 B, integrity=tx/rx, encryption=tx/rx)
    0000: 02 48 01 e4 f8 e3 85 8d 60 60 40 5b 45 00 80 6d
    0010: 2d ae 60 7b a4 6f 69
2026-09-14T10:47:30.334637 [MAC    ] [I] [  709] SCHED: DL tx rnti=0x46, cc=0, pid=0, mask=0x10000, dci=(0, 7), n_rtx=0, cfi=1, tbs=7, buffer=7/0, tti_tx_dl=713
2026-09-14T10:47:30.334645 [RLC    ] [I] Tx status PDU - SRB2: ACK_SN = 2, N_nack = 0
2026-09-14T10:47:30.334650 [MAC    ] [I] [  709] 0x46 DL LCID=2 len=2
2026-09-14T10:47:30.334676 [PHY1   ] [I] [  709] PDCCH: cc=0, rnti=0x46, f=1, cce= 7, L=0, rbg=0x10000, pid=0, mcs={0}, ndi={1}, tpc_pucch=1, tti_tx_dl=713
2026-09-14T10:47:30.334699 [RRC    ] [I] Rx SRB2 PDU, rnti=0x46 - ulInformationTransfer (18 B)
    0000: 48 01 e4 f8 e3 85 8d 60 60 40 5b 45 00 80 6d 2d
    0010: ae 60
2026-09-14T10:47:30.334703 [S1AP   ] [I] Received RRC SDU
    0000: 27 c7 1c 2c 6b 03 02 02 da 28 04 03 69 6d 73
2026-09-14T10:47:30.334706 [PHY1   ] [I] [  709] PDSCH: cc=0, rnti=0x46, nof_prb=3, nof_re=450, tbs={7}, mod={2}, rv={0}, tti_tx_dl=713
2026-09-14T10:47:30.334733 [S1AP   ] [I] Tx S1AP SDU, UplinkNASTransport, rnti=0x46
    0000: 00 0d 40 39 00 00 05 00 00 00 02 00 01 00 08 00
    0010: 02 00 01 00 1a 00 10 0f 27 c7 1c 2c 6b 03 02 02
2026-09-14T10:47:30.338583 [S1AP   ] [I] Rx S1AP SDU - E-RABSetupRequest
    0000: 00 05 00 45 00 00 03 00 00 00 02 00 01 00 08 00
    0010: 02 00 01 00 10 00 32 00 00 11 00 2d 0c 00 05 04
2026-09-14T10:47:30.338585 [S1AP   ] [I] Checking UE S1 logical connection. eNB UE S1AP ID=1, MME UE S1AP ID=1
2026-09-14T10:47:30.338587 [RRC    ] [I] Setting up erab id=6 for 0x46
2026-09-14T10:47:30.338591 [RRC    ] [I] setup_erab nas_pdu -> erab_info rnti 0x46
    0000: 27 ba 78 1f 3d 04 62 02 c1 01 05 04 03 69 6d 73
    0010: 05 01 0a 2e 00 02 5e 04 fe fe 9e 9e 58 32
2026-09-14T10:47:30.338605 [GTPU   ] [I] New tunnel created - TEID In=0x2, TEID Out=0x8d1, rnti=0x46, eps-BearerID=6, remote addr=127.0.0.6
2026-09-14T10:47:30.338607 [RRC    ] [I] UE doesn't support CA. Skipping SCell activation
2026-09-14T10:47:30.338616 [RRC    ] [I] connection_reconf erab_info -> nas_info rnti 0x46
    0000: 27 ba 78 1f 3d 04 62 02 c1 01 05 04 03 69 6d 73
    0010: 05 01 0a 2e 00 02 5e 04 fe fe 9e 9e 58 32
2026-09-14T10:47:30.338648 [RLC    ] [I] DRB2: configured in Unacknowledged Mode - t_reordering=45 ms, rx_sn_field_length=10 bits, tx_sn_field_length=10 bits
2026-09-14T10:47:30.338650 [RLC    ] [I] Added LTE radio bearer with LCID 4 in Unacknowledged Mode
2026-09-14T10:47:30.338652 [STCK   ] [I] Bearers: Registered eps-BearerID=6 for rnti=0x46, lcid=4 over LTE-PDCP
2026-09-14T10:47:30.338660 [PDCP   ] [I] Init DRB2 with bearer ID: 2
2026-09-14T10:47:30.338661 [PDCP   ] [I] SN len bits: 12, SN len bytes: 2, reordering window: 2048, Maximum SN: 4095, discard timer: -1 ms
2026-09-14T10:47:30.338661 [PDCP   ] [I] Status Report Required: False
2026-09-14T10:47:30.338663 [PDCP   ] [I] Add DRB2 (lcid=4, sn_len=12bits)
2026-09-14T10:47:30.338664 [PDCP   ] [I] Configuring security with 128-EIA2 and EEA0
2026-09-14T10:47:30.338673 [MAC    ] [I] [  712] SCHED: rnti=0x46, new lcid configuration: [{lcid=3, mode=idle, prio=11, lcg=3}]
2026-09-14T10:47:30.338693 [RRC    ] [I] Tx SRB1 PDU, rnti=0x46 - rrcConnectionReconfiguration (42 B)
    0000: 20 06 00 f1 3d d3 c0 f9 e8 23 10 16 08 08 28 20
    0010: 1b 4b 6b 98 28 08 51 70 00 12 f0 27 f7 f4 f4 f2
2026-09-14T10:47:30.338709 [PDCP   ] [I] TX SRB1 PDU, SN=5, integrity=tx/rx, encryption=tx/rx
    0000: 05 20 06 00 f1 3d d3 c0 f9 e8 23 10 16 08 08 28
    0010: 20 1b 4b 6b 98 28 08 51 70 00 12 f0 27 f7 f4 f4
2026-09-14T10:47:30.338711 [RLC    ] [I] SRB1: Tx SDU (47 B, PDCP_SN=5 tx_sdu_queue_len=1)
    0000: 05 20 06 00 f1 3d d3 c0 f9 e8 23 10 16 08 08 28
    0010: 20 1b 4b 6b 98 28 08 51 70 00 12 f0 27 f7 f4 f4
2026-09-14T10:47:30.338783 [S1AP   ] [I] Tx S1AP SDU, E_RABSetupResponse, rnti=0x46
    0000: 20 05 00 22 00 00 03 00 00 40 02 00 01 00 08 40
    0010: 02 00 01 00 1c 40 0f 00 00 27 40 0a 0c 1f 7f 00
2026-09-14T10:47:30.339144 [MAC    ] [I] [  713] SCHED: DL tx rnti=0x46, cc=0, pid=1, mask=0x10000, dci=(0, 6), n_rtx=0, cfi=1, tbs=57, buffer=54/0, tti_tx_dl=717
2026-09-14T10:47:30.339167 [RLC    ] [I] SRB1: Tx PDU SN=5 (49 B)
    0000: a0 05 05 20 06 00 f1 3d d3 c0 f9 e8 23 10 16 08
    0010: 08 28 20 1b 4b 6b 98 28 08 51 70 00 12 f0 27 f7
2026-09-14T10:47:30.339177 [MAC    ] [I] [  713] 0x46 DL LCID=1 len=49
2026-09-14T10:47:30.339203 [PHY1   ] [I] [  713] PDCCH: cc=0, rnti=0x46, f=1A, cce= 6, L=0, riv=100, pid=1, mcs={9}, ndi={0}, tpc_pucch=1, tti_tx_dl=717
2026-09-14T10:47:30.339234 [PHY1   ] [I] [  713] PDSCH: cc=0, rnti=0x46, nof_prb=3, nof_re=450, tbs={57}, mod={2}, rv={0}, tti_tx_dl=717
2026-09-14T10:47:30.343947 [MAC    ] [I] [  717] SCHED: DL adaptive link: rnti=0x46, cqi=15, last_mcs=0, cqi_offset=0.014000
2026-09-14T10:47:30.343959 [PHY1   ] [I] [  717] PUCCH: cc=0; rnti=0x46, f=1a, n_pucch=19, dmrs_corr=1.000, snr=111.7 dB, corr=1.000, ack=1, ta=0.0 us
2026-09-14T10:47:30.347168 [PHY0   ] [I] [  720] PUCCH: cc=0; rnti=0x46, f=1, n_pucch=0, dmrs_corr=-nan, snr=-inf dB, corr=0.000, sr=no, ta=0.0 us
2026-09-14T10:47:30.348317 [MAC    ] [I] [  721] SCHED: DL adaptive link: rnti=0x46, cqi=15, last_mcs=9, cqi_offset=0.015000
2026-09-14T10:47:30.348328 [PHY1   ] [I] [  721] PUCCH: cc=0; rnti=0x46, f=2a, n_pucch=0, dmrs_corr=1.000, snr=111.7 dB, corr=1.000, ack=1, cqi=15 (cc=0), ta=0.0 us
2026-09-14T10:47:30.370056 [PHY0   ] [I] [  740] PUCCH: cc=0; rnti=0x46, f=1, n_pucch=0, dmrs_corr=1.000, snr=111.7 dB, corr=1.000, sr=yes, ta=0.0 us
2026-09-14T10:47:30.370081 [MAC    ] [I] [  740] SCHED: UL tx rnti=0x46, cc=0, pid=4, dci=(0,4), prb=[2, 11), n_rtx=0, cfi=1, tbs=517, bsr=0 (512-517), tti_tx_ul=748
2026-09-14T10:47:30.370105 [PHY0   ] [I] [  740] PDCCH: cc=0, rnti=0x46, f=0, cce= 4, L=0, riv=402, mcs=22, rv=0, ndi=0, f_h=n/a, cqi=no, tpc_pusch=1, dmrs_cs=0, tti_tx_dl=744
2026-09-14T10:47:30.379329 [MAC    ] [I] [  748] SCHED: UL adaptive link: rnti=0x46, snr_estim=111.42, last_mcs=22, snr_offset=0.009000
2026-09-14T10:47:30.379332 [MAC    ] [I] [  748] Pushing PDU rnti=0x46, tti_rx=748, nof_bytes=517
2026-09-14T10:47:30.379347 [PHY0   ] [I] [  748] PUSCH: cc=0, rnti=0x46, rb=(2,10), nof_re=1296, tbs=517, mod=4, rv=0, crc=OK, avg_iter=2.0, snr=111.4 dB, epre=112.9 dBfs, ta=0.0 us, cfo=0.0 hz, t=110 us
2026-09-14T10:47:30.379371 [PHY0   ] [I] [  748] PHICH: rnti=0x46, hi=1, I_lowest=2, n_dmrs=0, tti_tx_dl=752
2026-09-14T10:47:30.379408 [MAC    ] [I] [  748] 0x46 UL LBSR: b=0 0 0 0  LCID=1 len=2 LCID=1 len=9 LCID=2 len=19 PAD: len=476
2026-09-14T10:47:30.379412 [RLC    ] [I] SRB1: Rx PDU - N bytes 2
2026-09-14T10:47:30.379417 [RLC    ] [I] Rx Status PDU SRB1: ACK_SN = 6, N_nack = 0
2026-09-14T10:47:30.379427 [RLC    ] [I] SRB1: Rx PDU - N bytes 9
2026-09-14T10:47:30.379429 [RLC    ] [I] SRB1: Rx data PDU SN=6 (7 B)
    0000: 06 10 00 0c b6 5f e8
2026-09-14T10:47:30.379443 [RLC    ] [I] SRB1: Status packet requested through polling bit
2026-09-14T10:47:30.379445 [RLC    ] [I] SRB1: Rx SDU (7 B)
    0000: 06 10 00 0c b6 5f e8
2026-09-14T10:47:30.379448 [PDCP   ] [I] SRB1 Rx PDU SN=6 (7 B, integrity=tx/rx, encryption=tx/rx)
    0000: 06 10 00 0c b6 5f e8
2026-09-14T10:47:30.379458 [RLC    ] [I] SRB2: Rx PDU - N bytes 19
2026-09-14T10:47:30.379458 [RLC    ] [I] SRB2: Rx data PDU SN=2 (17 B)
    0000: 03 48 01 24 58 22 9d 89 80 8c 40 58 40 31 de 74
    0010: ac
2026-09-14T10:47:30.379459 [RLC    ] [I] SRB2: Status packet requested through polling bit
2026-09-14T10:47:30.379460 [RLC    ] [I] SRB2: Rx SDU (17 B)
    0000: 03 48 01 24 58 22 9d 89 80 8c 40 58 40 31 de 74
    0010: ac
2026-09-14T10:47:30.379462 [PDCP   ] [I] SRB2 Rx PDU SN=3 (17 B, integrity=tx/rx, encryption=tx/rx)
    0000: 03 48 01 24 58 22 9d 89 80 8c 40 58 40 31 de 74
    0010: ac
2026-09-14T10:47:30.380333 [MAC    ] [I] [  749] SCHED: DL tx rnti=0x46, cc=0, pid=0, mask=0x10000, dci=(0, 7), n_rtx=0, cfi=1, tbs=18, buffer=14/0, tti_tx_dl=753
2026-09-14T10:47:30.380344 [RLC    ] [I] Tx status PDU - SRB1: ACK_SN = 7, N_nack = 0
2026-09-14T10:47:30.380349 [RLC    ] [I] SRB1: No data available to be sent
2026-09-14T10:47:30.380351 [RLC    ] [I] Tx status PDU - SRB2: ACK_SN = 3, N_nack = 0
2026-09-14T10:47:30.380353 [RLC    ] [I] SRB2: No data available to be sent
2026-09-14T10:47:30.380357 [MAC    ] [I] [  749] 0x46 DL LCID=1 len=2 LCID=2 len=2
2026-09-14T10:47:30.380383 [PHY1   ] [I] [  749] PDCCH: cc=0, rnti=0x46, f=1A, cce= 7, L=0, riv=100, pid=0, mcs={2}, ndi={0}, tpc_pucch=1, tti_tx_dl=753
2026-09-14T10:47:30.380403 [RRC    ] [I] Rx SRB1 PDU, rnti=0x46 - rrcConnectionReconfigurationComplete (2 B)
    0000: 10 00
2026-09-14T10:47:30.380420 [PHY1   ] [I] [  749] PDSCH: cc=0, rnti=0x46, nof_prb=3, nof_re=450, tbs={18}, mod={2}, rv={0}, tti_tx_dl=753
2026-09-14T10:47:30.380425 [MAC    ] [I] [  749] SCHED: rnti=0x46, new lcid configuration: [{lcid=3, mode=bi-dir, prio=11, lcg=3}, {lcid=4, mode=bi-dir, prio=1, lcg=2}]
2026-09-14T10:47:30.380454 [RRC    ] [I] Rx SRB2 PDU, rnti=0x46 - ulInformationTransfer (12 B)
    0000: 48 01 24 58 22 9d 89 80 8c 40 58 40
2026-09-14T10:47:30.380455 [S1AP   ] [I] Received RRC SDU
    0000: 22 c1 14 ec 4c 04 62 02 c2
2026-09-14T10:47:30.380481 [S1AP   ] [I] Tx S1AP SDU, UplinkNASTransport, rnti=0x46
    0000: 00 0d 40 33 00 00 05 00 00 00 02 00 01 00 08 00
    0010: 02 00 01 00 1a 00 0a 09 22 c1 14 ec 4c 04 62 02
2026-09-14T10:47:30.389282 [MAC    ] [I] [  757] SCHED: DL adaptive link: rnti=0x46, cqi=15, last_mcs=2, cqi_offset=0.016000
2026-09-14T10:47:30.389294 [PHY1   ] [I] [  757] PUCCH: cc=0; rnti=0x46, f=1a, n_pucch=19, dmrs_corr=1.000, snr=111.7 dB, corr=1.000, ack=1, ta=0.0 us
2026-09-14T10:47:30.392572 [PHY0   ] [I] [  760] PUCCH: cc=0; rnti=0x46, f=1, n_pucch=0, dmrs_corr=-nan, snr=-inf dB, corr=0.000, sr=no, ta=0.0 us
2026-09-14T10:47:30.393795 [PHY1   ] [I] [  761] PUCCH: cc=0; rnti=0x46, f=2, n_pucch=0, dmrs_corr=1.000, snr=111.7 dB, corr=1.000, cqi=15 (cc=0), ta=0.0 us
2026-09-14T10:47:30.415253 [PHY0   ] [I] [  780] PUCCH: cc=0; rnti=0x46, f=1, n_pucch=0, dmrs_corr=-nan, snr=-inf dB, corr=0.000, sr=no, ta=0.0 us
2026-09-14T10:47:30.437932 [PHY0   ] [I] [  800] PUCCH: cc=0; rnti=0x46, f=1, n_pucch=0, dmrs_corr=-nan, snr=-inf dB, corr=0.000, sr=no, ta=0.0 us
2026-09-14T10:47:30.439270 [PHY1   ] [I] [  801] PUCCH: cc=0; rnti=0x46, f=2, n_pucch=0, dmrs_corr=1.000, snr=111.7 dB, corr=1.000, cqi=15 (cc=0), ta=0.0 us
2026-09-14T10:47:30.460724 [PHY0   ] [I] [  820] PUCCH: cc=0; rnti=0x46, f=1, n_pucch=0, dmrs_corr=-nan, snr=-inf dB, corr=0.000, sr=no, ta=0.0 us
2026-09-14T10:47:30.483684 [PHY0   ] [I] [  840] PUCCH: cc=0; rnti=0x46, f=1, n_pucch=0, dmrs_corr=-nan, snr=-inf dB, corr=0.000, sr=no, ta=0.0 us
2026-09-14T10:47:30.485044 [PHY1   ] [I] [  841] PUCCH: cc=0; rnti=0x46, f=2, n_pucch=0, dmrs_corr=1.000, snr=111.7 dB, corr=1.000, cqi=15 (cc=0), ta=0.0 us
2026-09-14T10:47:30.506107 [PHY0   ] [I] [  860] PUCCH: cc=0; rnti=0x46, f=1, n_pucch=0, dmrs_corr=-nan, snr=-inf dB, corr=0.000, sr=no, ta=0.0 us
2026-09-14T10:47:30.528763 [PHY0   ] [I] [  880] PUCCH: cc=0; rnti=0x46, f=1, n_pucch=0, dmrs_corr=-nan, snr=-inf dB, corr=0.000, sr=no, ta=0.0 us
2026-09-14T10:47:30.530033 [PHY1   ] [I] [  881] PUCCH: cc=0; rnti=0x46, f=2, n_pucch=0, dmrs_corr=1.000, snr=111.7 dB, corr=1.000, cqi=15 (cc=0), ta=0.0 us
2026-09-14T10:47:30.542582 [S1AP   ] [I] Rx S1AP SDU - E-RABSetupRequest
    0000: 00 05 00 79 00 00 03 00 00 00 02 00 01 00 08 00
    0010: 02 00 01 00 10 00 66 00 00 11 00 61 0e 80 01 04
2026-09-14T10:47:30.542585 [S1AP   ] [I] Checking UE S1 logical connection. eNB UE S1AP ID=1, MME UE S1AP ID=1
2026-09-14T10:47:30.542587 [RRC    ] [I] Setting up erab id=7 for 0x46
2026-09-14T10:47:30.542592 [RRC    ] [I] setup_erab nas_pdu -> erab_info rnti 0x46
    0000: 27 41 e3 ad 27 05 72 00 c5 06 05 01 42 42 42 42
    0010: 31 22 20 00 15 30 11 10 0a 2e 00 01 ff ff ff ff
2026-09-14T10:47:30.542609 [GTPU   ] [I] New tunnel created - TEID In=0x3, TEID Out=0x651, rnti=0x46, eps-BearerID=7, remote addr=127.0.0.6
2026-09-14T10:47:30.542612 [RRC    ] [I] UE doesn't support CA. Skipping SCell activation
2026-09-14T10:47:30.542624 [RRC    ] [I] connection_reconf erab_info -> nas_info rnti 0x46
    0000: 27 41 e3 ad 27 05 72 00 c5 06 05 01 42 42 42 42
    0010: 31 22 20 00 15 30 11 10 0a 2e 00 01 ff ff ff ff
2026-09-14T10:47:30.542662 [RLC    ] [I] DRB3: configured in Unacknowledged Mode - t_reordering=45 ms, rx_sn_field_length=10 bits, tx_sn_field_length=10 bits
2026-09-14T10:47:30.542664 [RLC    ] [I] Added LTE radio bearer with LCID 5 in Unacknowledged Mode
2026-09-14T10:47:30.542666 [STCK   ] [I] Bearers: Registered eps-BearerID=7 for rnti=0x46, lcid=5 over LTE-PDCP
2026-09-14T10:47:30.542673 [PDCP   ] [I] Init DRB3 with bearer ID: 3
2026-09-14T10:47:30.542674 [PDCP   ] [I] SN len bits: 12, SN len bytes: 2, reordering window: 2048, Maximum SN: 4095, discard timer: -1 ms
2026-09-14T10:47:30.542674 [PDCP   ] [I] Status Report Required: False
2026-09-14T10:47:30.542677 [PDCP   ] [I] Add DRB3 (lcid=5, sn_len=12bits)
2026-09-14T10:47:30.542678 [PDCP   ] [I] Configuring security with 128-EIA2 and EEA0
2026-09-14T10:47:30.542688 [MAC    ] [I] [  892] SCHED: rnti=0x46, new lcid configuration: [{lcid=3, mode=idle, prio=11, lcg=3}, {lcid=4, mode=idle, prio=1, lcg=2}]
2026-09-14T10:47:30.542703 [RRC    ] [I] Tx SRB1 PDU, rnti=0x46 - rrcConnectionReconfiguration (78 B)
    0000: 20 06 02 11 3a 0f 1d 69 38 2b 90 06 28 30 28 0a
    0010: 12 12 12 11 89 11 00 00 a9 80 88 80 51 70 00 0f
2026-09-14T10:47:30.542723 [PDCP   ] [I] TX SRB1 PDU, SN=6, integrity=tx/rx, encryption=tx/rx
    0000: 06 20 06 02 11 3a 0f 1d 69 38 2b 90 06 28 30 28
    0010: 0a 12 12 12 11 89 11 00 00 a9 80 88 80 51 70 00
2026-09-14T10:47:30.542726 [RLC    ] [I] SRB1: Tx SDU (83 B, PDCP_SN=6 tx_sdu_queue_len=1)
    0000: 06 20 06 02 11 3a 0f 1d 69 38 2b 90 06 28 30 28
    0010: 0a 12 12 12 11 89 11 00 00 a9 80 88 80 51 70 00
2026-09-14T10:47:30.542814 [S1AP   ] [I] Tx S1AP SDU, E_RABSetupResponse, rnti=0x46
    0000: 20 05 00 22 00 00 03 00 00 40 02 00 01 00 08 40
    0010: 02 00 01 00 1c 40 0f 00 00 27 40 0a 0e 1f 7f 00
2026-09-14T10:47:30.543539 [MAC    ] [I] [  893] SCHED: DL tx rnti=0x46, cc=0, pid=0, mask=0x10000, dci=(0, 6), n_rtx=0, cfi=1, tbs=93, buffer=90/0, tti_tx_dl=897
2026-09-14T10:47:30.543551 [RLC    ] [I] SRB1: Tx PDU SN=6 (85 B)
    0000: a0 06 06 20 06 02 11 3a 0f 1d 69 38 2b 90 06 28
    0010: 30 28 0a 12 12 12 11 89 11 00 00 a9 80 88 80 51
2026-09-14T10:47:30.543558 [MAC    ] [I] [  893] 0x46 DL LCID=1 len=85
2026-09-14T10:47:30.543590 [PHY1   ] [I] [  893] PDCCH: cc=0, rnti=0x46, f=1A, cce= 6, L=0, riv=100, pid=0, mcs={14}, ndi={1}, tpc_pucch=1, tti_tx_dl=897
2026-09-14T10:47:30.543624 [PHY1   ] [I] [  893] PDSCH: cc=0, rnti=0x46, nof_prb=3, nof_re=450, tbs={93}, mod={4}, rv={0}, tti_tx_dl=897
2026-09-14T10:47:30.551335 [PHY0   ] [I] [  900] PUCCH: cc=0; rnti=0x46, f=1, n_pucch=0, dmrs_corr=-nan, snr=-inf dB, corr=0.000, sr=no, ta=0.0 us
2026-09-14T10:47:30.552690 [MAC    ] [I] [  901] SCHED: DL adaptive link: rnti=0x46, cqi=15, last_mcs=14, cqi_offset=0.017000
2026-09-14T10:47:30.552698 [PHY1   ] [I] [  901] PUCCH: cc=0; rnti=0x46, f=1a, n_pucch=18, dmrs_corr=1.000, snr=111.7 dB, corr=1.000, ack=1, ta=0.0 us
2026-09-14T10:47:30.574107 [PHY0   ] [I] [  920] PUCCH: cc=0; rnti=0x46, f=1, n_pucch=0, dmrs_corr=1.000, snr=111.7 dB, corr=1.000, sr=yes, ta=0.0 us
2026-09-14T10:47:30.574136 [MAC    ] [I] [  920] SCHED: UL tx rnti=0x46, cc=0, pid=0, dci=(0,4), prb=[2, 11), n_rtx=0, cfi=1, tbs=517, bsr=0 (512-517), tti_tx_ul=928
2026-09-14T10:47:30.574172 [PHY0   ] [I] [  920] PDCCH: cc=0, rnti=0x46, f=0, cce= 4, L=0, riv=402, mcs=22, rv=0, ndi=0, f_h=n/a, cqi=no, tpc_pusch=1, dmrs_cs=0, tti_tx_dl=924
2026-09-14T10:47:30.575374 [PHY1   ] [I] [  921] PUCCH: cc=0; rnti=0x46, f=2, n_pucch=0, dmrs_corr=1.000, snr=111.7 dB, corr=1.000, cqi=15 (cc=0), ta=0.0 us
2026-09-14T10:47:30.583396 [MAC    ] [I] [  928] SCHED: UL adaptive link: rnti=0x46, snr_estim=111.42, last_mcs=22, snr_offset=0.010000
2026-09-14T10:47:30.583398 [MAC    ] [I] [  928] Pushing PDU rnti=0x46, tti_rx=928, nof_bytes=517
2026-09-14T10:47:30.583412 [PHY0   ] [I] [  928] PUSCH: cc=0, rnti=0x46, rb=(2,10), nof_re=1296, tbs=517, mod=4, rv=0, crc=OK, avg_iter=2.0, snr=111.4 dB, epre=112.8 dBfs, ta=0.0 us, cfo=0.0 hz, t=135 us
2026-09-14T10:47:30.583442 [PHY0   ] [I] [  928] PHICH: rnti=0x46, hi=1, I_lowest=2, n_dmrs=0, tti_tx_dl=932
2026-09-14T10:47:30.583455 [MAC    ] [I] [  928] 0x46 UL PHR: ph=30.0 LBSR: b=0 0 0 0  LCID=1 len=2 LCID=1 len=9 LCID=2 len=19 PAD: len=474
2026-09-14T10:47:30.583460 [RLC    ] [I] SRB1: Rx PDU - N bytes 2
2026-09-14T10:47:30.583465 [RLC    ] [I] Rx Status PDU SRB1: ACK_SN = 7, N_nack = 0
2026-09-14T10:47:30.583475 [RLC    ] [I] SRB1: Rx PDU - N bytes 9
2026-09-14T10:47:30.583477 [RLC    ] [I] SRB1: Rx data PDU SN=7 (7 B)
    0000: 07 10 00 03 c4 ff 21
2026-09-14T10:47:30.583479 [RLC    ] [I] SRB1: Status packet requested through polling bit
2026-09-14T10:47:30.583481 [RLC    ] [I] SRB1: Rx SDU (7 B)
    0000: 07 10 00 03 c4 ff 21
2026-09-14T10:47:30.583484 [PDCP   ] [I] SRB1 Rx PDU SN=7 (7 B, integrity=tx/rx, encryption=tx/rx)
    0000: 07 10 00 03 c4 ff 21
2026-09-14T10:47:30.583494 [RLC    ] [I] SRB2: Rx PDU - N bytes 19
2026-09-14T10:47:30.583495 [RLC    ] [I] SRB2: Rx data PDU SN=3 (17 B)
    0000: 04 48 01 24 e5 56 dc b8 60 ae 40 18 c0 e3 60 37
    0010: f1
2026-09-14T10:47:30.583507 [RLC    ] [I] SRB2: Status packet requested through polling bit
2026-09-14T10:47:30.583508 [RLC    ] [I] SRB2: Rx SDU (17 B)
    0000: 04 48 01 24 e5 56 dc b8 60 ae 40 18 c0 e3 60 37
    0010: f1
2026-09-14T10:47:30.583509 [PDCP   ] [I] SRB2 Rx PDU SN=4 (17 B, integrity=tx/rx, encryption=tx/rx)
    0000: 04 48 01 24 e5 56 dc b8 60 ae 40 18 c0 e3 60 37
    0010: f1
2026-09-14T10:47:30.584365 [MAC    ] [I] [  929] SCHED: DL tx rnti=0x46, cc=0, pid=0, mask=0x10000, dci=(0, 7), n_rtx=0, cfi=1, tbs=18, buffer=14/0, tti_tx_dl=933
2026-09-14T10:47:30.584377 [RLC    ] [I] Tx status PDU - SRB1: ACK_SN = 8, N_nack = 0
2026-09-14T10:47:30.584381 [RLC    ] [I] SRB1: No data available to be sent
2026-09-14T10:47:30.584384 [RLC    ] [I] Tx status PDU - SRB2: ACK_SN = 4, N_nack = 0
2026-09-14T10:47:30.584386 [RLC    ] [I] SRB2: No data available to be sent
2026-09-14T10:47:30.584389 [MAC    ] [I] [  929] 0x46 DL LCID=1 len=2 LCID=2 len=2
2026-09-14T10:47:30.584388 [RRC    ] [I] Rx SRB1 PDU, rnti=0x46 - rrcConnectionReconfigurationComplete (2 B)
    0000: 10 00
2026-09-14T10:47:30.584410 [MAC    ] [I] [  929] SCHED: rnti=0x46, new lcid configuration: [{lcid=3, mode=bi-dir, prio=11, lcg=3}, {lcid=4, mode=bi-dir, prio=1, lcg=2}, {lcid=5, mode=bi-dir, prio=1, lcg=1}]
2026-09-14T10:47:30.584415 [PHY1   ] [I] [  929] PDCCH: cc=0, rnti=0x46, f=1A, cce= 7, L=0, riv=100, pid=0, mcs={2}, ndi={0}, tpc_pucch=1, tti_tx_dl=933
2026-09-14T10:47:30.584440 [RRC    ] [I] Rx SRB2 PDU, rnti=0x46 - ulInformationTransfer (12 B)
    0000: 48 01 24 e5 56 dc b8 60 ae 40 18 c0
2026-09-14T10:47:30.584440 [PHY1   ] [I] [  929] PDSCH: cc=0, rnti=0x46, nof_prb=3, nof_re=450, tbs={18}, mod={2}, rv={0}, tti_tx_dl=933
2026-09-14T10:47:30.584441 [S1AP   ] [I] Received RRC SDU
    0000: 27 2a b6 e5 c3 05 72 00 c6
2026-09-14T10:47:30.584481 [S1AP   ] [I] Tx S1AP SDU, UplinkNASTransport, rnti=0x46
    0000: 00 0d 40 33 00 00 05 00 00 00 02 00 01 00 08 00
    0010: 02 00 01 00 1a 00 0a 09 27 2a b6 e5 c3 05 72 00
2026-09-14T10:47:30.593435 [MAC    ] [I] [  937] SCHED: DL adaptive link: rnti=0x46, cqi=15, last_mcs=2, cqi_offset=0.018000
2026-09-14T10:47:30.593445 [PHY1   ] [I] [  937] PUCCH: cc=0; rnti=0x46, f=1a, n_pucch=19, dmrs_corr=1.000, snr=111.7 dB, corr=1.000, ack=1, ta=0.0 us
2026-09-14T10:47:30.596716 [PHY0   ] [I] [  940] PUCCH: cc=0; rnti=0x46, f=1, n_pucch=0, dmrs_corr=-nan, snr=-inf dB, corr=0.000, sr=no, ta=0.0 us
2026-09-14T10:47:30.619282 [PHY0   ] [I] [  960] PUCCH: cc=0; rnti=0x46, f=1, n_pucch=0, dmrs_corr=-nan, snr=-inf dB, corr=0.000, sr=no, ta=0.0 us
2026-09-14T10:47:30.620579 [PHY1   ] [I] [  961] PUCCH: cc=0; rnti=0x46, f=2, n_pucch=0, dmrs_corr=1.000, snr=111.7 dB, corr=1.000, cqi=15 (cc=0), ta=0.0 us
2026-09-14T10:47:30.641917 [PHY0   ] [I] [  980] PUCCH: cc=0; rnti=0x46, f=1, n_pucch=0, dmrs_corr=-nan, snr=-inf dB, corr=0.000, sr=no, ta=0.0 us
2026-09-14T10:47:30.664462 [PHY0   ] [I] [ 1000] PUCCH: cc=0; rnti=0x46, f=1, n_pucch=0, dmrs_corr=-nan, snr=-inf dB, corr=0.000, sr=no, ta=0.0 us
2026-09-14T10:47:30.665589 [PHY1   ] [I] [ 1001] PUCCH: cc=0; rnti=0x46, f=2, n_pucch=0, dmrs_corr=1.000, snr=111.7 dB, corr=1.000, cqi=15 (cc=0), ta=0.0 us
2026-09-14T10:47:30.686970 [PHY0   ] [I] [ 1020] PUCCH: cc=0; rnti=0x46, f=1, n_pucch=0, dmrs_corr=-nan, snr=-inf dB, corr=0.000, sr=no, ta=0.0 us
2026-09-14T10:47:30.709887 [PHY0   ] [I] [ 1040] PUCCH: cc=0; rnti=0x46, f=1, n_pucch=0, dmrs_corr=-nan, snr=-inf dB, corr=0.000, sr=no, ta=0.0 us
2026-09-14T10:47:30.711196 [PHY1   ] [I] [ 1041] PUCCH: cc=0; rnti=0x46, f=2, n_pucch=0, dmrs_corr=1.000, snr=111.7 dB, corr=1.000, cqi=15 (cc=0), ta=0.0 us
2026-09-14T10:47:30.732719 [PHY0   ] [I] [ 1060] PUCCH: cc=0; rnti=0x46, f=1, n_pucch=0, dmrs_corr=-nan, snr=-inf dB, corr=0.000, sr=no, ta=0.0 us
2026-09-14T10:47:30.755307 [PHY0   ] [I] [ 1080] PUCCH: cc=0; rnti=0x46, f=1, n_pucch=0, dmrs_corr=-nan, snr=-inf dB, corr=0.000, sr=no, ta=0.0 us
2026-09-14T10:47:30.756560 [PHY1   ] [I] [ 1081] PUCCH: cc=0; rnti=0x46, f=2, n_pucch=0, dmrs_corr=1.000, snr=111.7 dB, corr=1.000, cqi=15 (cc=0), ta=0.0 us
2026-09-14T10:47:30.777640 [PHY0   ] [I] [ 1100] PUCCH: cc=0; rnti=0x46, f=1, n_pucch=0, dmrs_corr=-nan, snr=-inf dB, corr=0.000, sr=no, ta=0.0 us
2026-09-14T10:47:30.799986 [PHY0   ] [I] [ 1120] PUCCH: cc=0; rnti=0x46, f=1, n_pucch=0, dmrs_corr=-nan, snr=-inf dB, corr=0.000, sr=no, ta=0.0 us
2026-09-14T10:47:30.801229 [PHY1   ] [I] [ 1121] PUCCH: cc=0; rnti=0x46, f=2, n_pucch=0, dmrs_corr=1.000, snr=111.7 dB, corr=1.000, cqi=15 (cc=0), ta=0.0 us
2026-09-14T10:47:30.822669 [PHY0   ] [I] [ 1140] PUCCH: cc=0; rnti=0x46, f=1, n_pucch=0, dmrs_corr=-nan, snr=-inf dB, corr=0.000, sr=no, ta=0.0 us
2026-09-14T10:47:30.844997 [PHY0   ] [I] [ 1160] PUCCH: cc=0; rnti=0x46, f=1, n_pucch=0, dmrs_corr=-nan, snr=-inf dB, corr=0.000, sr=no, ta=0.0 us
2026-09-14T10:47:30.846169 [PHY1   ] [I] [ 1161] PUCCH: cc=0; rnti=0x46, f=2, n_pucch=0, dmrs_corr=1.000, snr=111.7 dB, corr=1.000, cqi=15 (cc=0), ta=0.0 us
2026-09-14T10:47:30.867931 [PHY0   ] [I] [ 1180] PUCCH: cc=0; rnti=0x46, f=1, n_pucch=0, dmrs_corr=-nan, snr=-inf dB, corr=0.000, sr=no, ta=0.0 us
2026-09-14T10:47:30.890399 [PHY0   ] [I] [ 1200] PUCCH: cc=0; rnti=0x46, f=1, n_pucch=0, dmrs_corr=-nan, snr=-inf dB, corr=0.000, sr=no, ta=0.0 us
2026-09-14T10:47:30.891622 [PHY1   ] [I] [ 1201] PUCCH: cc=0; rnti=0x46, f=2, n_pucch=0, dmrs_corr=1.000, snr=111.7 dB, corr=1.000, cqi=15 (cc=0), ta=0.0 us
2026-09-14T10:47:30.913311 [PHY0   ] [I] [ 1220] PUCCH: cc=0; rnti=0x46, f=1, n_pucch=0, dmrs_corr=-nan, snr=-inf dB, corr=0.000, sr=no, ta=0.0 us
2026-09-14T10:47:30.936050 [PHY0   ] [I] [ 1240] PUCCH: cc=0; rnti=0x46, f=1, n_pucch=0, dmrs_corr=-nan, snr=-inf dB, corr=0.000, sr=no, ta=0.0 us
2026-09-14T10:47:30.937267 [PHY1   ] [I] [ 1241] PUCCH: cc=0; rnti=0x46, f=2, n_pucch=0, dmrs_corr=1.000, snr=111.7 dB, corr=1.000, cqi=15 (cc=0), ta=0.0 us
2026-09-14T10:47:30.958552 [PHY0   ] [I] [ 1260] PUCCH: cc=0; rnti=0x46, f=1, n_pucch=0, dmrs_corr=-nan, snr=-inf dB, corr=0.000, sr=no, ta=0.0 us
2026-09-14T10:47:30.981254 [PHY0   ] [I] [ 1280] PUCCH: cc=0; rnti=0x46, f=1, n_pucch=0, dmrs_corr=-nan, snr=-inf dB, corr=0.000, sr=no, ta=0.0 us
2026-09-14T10:47:30.982500 [PHY1   ] [I] [ 1281] PUCCH: cc=0; rnti=0x46, f=2, n_pucch=0, dmrs_corr=1.000, snr=111.7 dB, corr=1.000, cqi=15 (cc=0), ta=0.0 us
2026-09-14T10:47:31.003883 [PHY0   ] [I] [ 1300] PUCCH: cc=0; rnti=0x46, f=1, n_pucch=0, dmrs_corr=-nan, snr=-inf dB, corr=0.000, sr=no, ta=0.0 us
2026-09-14T10:47:31.026321 [PHY0   ] [I] [ 1320] PUCCH: cc=0; rnti=0x46, f=1, n_pucch=0, dmrs_corr=-nan, snr=-inf dB, corr=0.000, sr=no, ta=0.0 us
2026-09-14T10:47:31.027418 [PHY1   ] [I] [ 1321] PUCCH: cc=0; rnti=0x46, f=2, n_pucch=0, dmrs_corr=1.000, snr=111.7 dB, corr=1.000, cqi=15 (cc=0), ta=0.0 us
2026-09-14T10:47:31.048456 [PHY0   ] [I] [ 1340] PUCCH: cc=0; rnti=0x46, f=1, n_pucch=0, dmrs_corr=-nan, snr=-inf dB, corr=0.000, sr=no, ta=0.0 us
2026-09-14T10:47:31.071054 [PHY0   ] [I] [ 1360] PUCCH: cc=0; rnti=0x46, f=1, n_pucch=0, dmrs_corr=-nan, snr=-inf dB, corr=0.000, sr=no, ta=0.0 us
2026-09-14T10:47:31.072315 [PHY1   ] [I] [ 1361] PUCCH: cc=0; rnti=0x46, f=2, n_pucch=0, dmrs_corr=1.000, snr=111.7 dB, corr=1.000, cqi=15 (cc=0), ta=0.0 us
2026-09-14T10:47:31.093743 [PHY0   ] [I] [ 1380] PUCCH: cc=0; rnti=0x46, f=1, n_pucch=0, dmrs_corr=-nan, snr=-inf dB, corr=0.000, sr=no, ta=0.0 us
2026-09-14T10:47:31.116442 [PHY0   ] [I] [ 1400] PUCCH: cc=0; rnti=0x46, f=1, n_pucch=0, dmrs_corr=-nan, snr=-inf dB, corr=0.000, sr=no, ta=0.0 us
2026-09-14T10:47:31.117622 [PHY1   ] [I] [ 1401] PUCCH: cc=0; rnti=0x46, f=2, n_pucch=0, dmrs_corr=1.000, snr=111.7 dB, corr=1.000, cqi=15 (cc=0), ta=0.0 us
2026-09-14T10:47:31.139053 [PHY0   ] [I] [ 1420] PUCCH: cc=0; rnti=0x46, f=1, n_pucch=0, dmrs_corr=-nan, snr=-inf dB, corr=0.000, sr=no, ta=0.0 us
2026-09-14T10:47:31.162109 [PHY0   ] [I] [ 1440] PUCCH: cc=0; rnti=0x46, f=1, n_pucch=0, dmrs_corr=-nan, snr=-inf dB, corr=0.000, sr=no, ta=0.0 us
2026-09-14T10:47:31.163432 [PHY1   ] [I] [ 1441] PUCCH: cc=0; rnti=0x46, f=2, n_pucch=0, dmrs_corr=1.000, snr=111.7 dB, corr=1.000, cqi=15 (cc=0), ta=0.0 us
2026-09-14T10:47:31.184715 [PHY0   ] [I] [ 1460] PUCCH: cc=0; rnti=0x46, f=1, n_pucch=0, dmrs_corr=-nan, snr=-inf dB, corr=0.000, sr=no, ta=0.0 us
2026-09-14T10:47:31.207160 [PHY0   ] [I] [ 1480] PUCCH: cc=0; rnti=0x46, f=1, n_pucch=0, dmrs_corr=-nan, snr=-inf dB, corr=0.000, sr=no, ta=0.0 us
2026-09-14T10:47:31.208365 [PHY1   ] [I] [ 1481] PUCCH: cc=0; rnti=0x46, f=2, n_pucch=0, dmrs_corr=1.000, snr=111.7 dB, corr=1.000, cqi=15 (cc=0), ta=0.0 us
2026-09-14T10:47:31.229716 [PHY0   ] [I] [ 1500] PUCCH: cc=0; rnti=0x46, f=1, n_pucch=0, dmrs_corr=-nan, snr=-inf dB, corr=0.000, sr=no, ta=0.0 us
2026-09-14T10:47:31.252345 [PHY0   ] [I] [ 1520] PUCCH: cc=0; rnti=0x46, f=1, n_pucch=0, dmrs_corr=-nan, snr=-inf dB, corr=0.000, sr=no, ta=0.0 us
2026-09-14T10:47:31.253621 [PHY1   ] [I] [ 1521] PUCCH: cc=0; rnti=0x46, f=2, n_pucch=0, dmrs_corr=1.000, snr=111.7 dB, corr=1.000, cqi=15 (cc=0), ta=0.0 us
2026-09-14T10:47:31.275331 [PHY0   ] [I] [ 1540] PUCCH: cc=0; rnti=0x46, f=1, n_pucch=0, dmrs_corr=-nan, snr=-inf dB, corr=0.000, sr=no, ta=0.0 us
2026-09-14T10:47:31.298163 [PHY0   ] [I] [ 1560] PUCCH: cc=0; rnti=0x46, f=1, n_pucch=0, dmrs_corr=-nan, snr=-inf dB, corr=0.000, sr=no, ta=0.0 us
2026-09-14T10:47:31.299504 [PHY1   ] [I] [ 1561] PUCCH: cc=0; rnti=0x46, f=2, n_pucch=0, dmrs_corr=1.000, snr=111.7 dB, corr=1.000, cqi=15 (cc=0), ta=0.0 us
2026-09-14T10:47:31.320948 [PHY0   ] [I] [ 1580] PUCCH: cc=0; rnti=0x46, f=1, n_pucch=0, dmrs_corr=-nan, snr=-inf dB, corr=0.000, sr=no, ta=0.0 us
2026-09-14T10:47:31.343602 [PHY0   ] [I] [ 1600] PUCCH: cc=0; rnti=0x46, f=1, n_pucch=0, dmrs_corr=-nan, snr=-inf dB, corr=0.000, sr=no, ta=0.0 us
2026-09-14T10:47:31.344820 [PHY1   ] [I] [ 1601] PUCCH: cc=0; rnti=0x46, f=2, n_pucch=0, dmrs_corr=1.000, snr=111.7 dB, corr=1.000, cqi=15 (cc=0), ta=0.0 us
2026-09-14T10:47:31.365947 [PHY0   ] [I] [ 1620] PUCCH: cc=0; rnti=0x46, f=1, n_pucch=0, dmrs_corr=-nan, snr=-inf dB, corr=0.000, sr=no, ta=0.0 us
2026-09-14T10:47:31.388396 [PHY0   ] [I] [ 1640] PUCCH: cc=0; rnti=0x46, f=1, n_pucch=0, dmrs_corr=-nan, snr=-inf dB, corr=0.000, sr=no, ta=0.0 us
2026-09-14T10:47:31.389671 [PHY1   ] [I] [ 1641] PUCCH: cc=0; rnti=0x46, f=2, n_pucch=0, dmrs_corr=1.000, snr=111.7 dB, corr=1.000, cqi=15 (cc=0), ta=0.0 us
2026-09-14T10:47:31.410986 [PHY0   ] [I] [ 1660] PUCCH: cc=0; rnti=0x46, f=1, n_pucch=0, dmrs_corr=-nan, snr=-inf dB, corr=0.000, sr=no, ta=0.0 us
2026-09-14T10:47:31.433593 [PHY0   ] [I] [ 1680] PUCCH: cc=0; rnti=0x46, f=1, n_pucch=0, dmrs_corr=-nan, snr=-inf dB, corr=0.000, sr=no, ta=0.0 us
2026-09-14T10:47:31.434928 [PHY1   ] [I] [ 1681] PUCCH: cc=0; rnti=0x46, f=2, n_pucch=0, dmrs_corr=1.000, snr=111.7 dB, corr=1.000, cqi=15 (cc=0), ta=0.0 us
2026-09-14T10:47:31.456089 [PHY0   ] [I] [ 1700] PUCCH: cc=0; rnti=0x46, f=1, n_pucch=0, dmrs_corr=-nan, snr=-inf dB, corr=0.000, sr=no, ta=0.0 us
2026-09-14T10:47:31.478721 [PHY0   ] [I] [ 1720] PUCCH: cc=0; rnti=0x46, f=1, n_pucch=0, dmrs_corr=-nan, snr=-inf dB, corr=0.000, sr=no, ta=0.0 us
2026-09-14T10:47:31.479934 [PHY1   ] [I] [ 1721] PUCCH: cc=0; rnti=0x46, f=2, n_pucch=0, dmrs_corr=1.000, snr=111.7 dB, corr=1.000, cqi=15 (cc=0), ta=0.0 us
2026-09-14T10:47:31.501315 [PHY0   ] [I] [ 1740] PUCCH: cc=0; rnti=0x46, f=1, n_pucch=0, dmrs_corr=-nan, snr=-inf dB, corr=0.000, sr=no, ta=0.0 us
2026-09-14T10:47:31.523752 [PHY0   ] [I] [ 1760] PUCCH: cc=0; rnti=0x46, f=1, n_pucch=0, dmrs_corr=-nan, snr=-inf dB, corr=0.000, sr=no, ta=0.0 us
2026-09-14T10:47:31.524988 [PHY1   ] [I] [ 1761] PUCCH: cc=0; rnti=0x46, f=2, n_pucch=0, dmrs_corr=1.000, snr=111.7 dB, corr=1.000, cqi=15 (cc=0), ta=0.0 us
2026-09-14T10:47:31.546267 [PHY0   ] [I] [ 1780] PUCCH: cc=0; rnti=0x46, f=1, n_pucch=0, dmrs_corr=-nan, snr=-inf dB, corr=0.000, sr=no, ta=0.0 us
2026-09-14T10:47:31.568933 [PHY0   ] [I] [ 1800] PUCCH: cc=0; rnti=0x46, f=1, n_pucch=0, dmrs_corr=-nan, snr=-inf dB, corr=0.000, sr=no, ta=0.0 us
2026-09-14T10:47:31.570224 [PHY1   ] [I] [ 1801] PUCCH: cc=0; rnti=0x46, f=2, n_pucch=0, dmrs_corr=1.000, snr=111.7 dB, corr=1.000, cqi=15 (cc=0), ta=0.0 us
2026-09-14T10:47:31.591724 [PHY0   ] [I] [ 1820] PUCCH: cc=0; rnti=0x46, f=1, n_pucch=0, dmrs_corr=-nan, snr=-inf dB, corr=0.000, sr=no, ta=0.0 us
2026-09-14T10:47:31.614620 [PHY0   ] [I] [ 1840] PUCCH: cc=0; rnti=0x46, f=1, n_pucch=0, dmrs_corr=-nan, snr=-inf dB, corr=0.000, sr=no, ta=0.0 us
2026-09-14T10:47:31.615890 [PHY1   ] [I] [ 1841] PUCCH: cc=0; rnti=0x46, f=2, n_pucch=0, dmrs_corr=1.000, snr=111.7 dB, corr=1.000, cqi=15 (cc=0), ta=0.0 us
2026-09-14T10:47:31.637185 [PHY0   ] [I] [ 1860] PUCCH: cc=0; rnti=0x46, f=1, n_pucch=0, dmrs_corr=-nan, snr=-inf dB, corr=0.000, sr=no, ta=0.0 us
2026-09-14T10:47:31.660133 [PHY0   ] [I] [ 1880] PUCCH: cc=0; rnti=0x46, f=1, n_pucch=0, dmrs_corr=-nan, snr=-inf dB, corr=0.000, sr=no, ta=0.0 us
2026-09-14T10:47:31.661456 [PHY1   ] [I] [ 1881] PUCCH: cc=0; rnti=0x46, f=2, n_pucch=0, dmrs_corr=1.000, snr=111.7 dB, corr=1.000, cqi=15 (cc=0), ta=0.0 us
2026-09-14T10:47:31.683075 [PHY0   ] [I] [ 1900] PUCCH: cc=0; rnti=0x46, f=1, n_pucch=0, dmrs_corr=-nan, snr=-inf dB, corr=0.000, sr=no, ta=0.0 us
2026-09-14T10:47:31.705808 [PHY0   ] [I] [ 1920] PUCCH: cc=0; rnti=0x46, f=1, n_pucch=0, dmrs_corr=-nan, snr=-inf dB, corr=0.000, sr=no, ta=0.0 us
2026-09-14T10:47:31.707099 [PHY1   ] [I] [ 1921] PUCCH: cc=0; rnti=0x46, f=2, n_pucch=0, dmrs_corr=1.000, snr=111.7 dB, corr=1.000, cqi=15 (cc=0), ta=0.0 us
2026-09-14T10:47:31.728656 [PHY0   ] [I] [ 1940] PUCCH: cc=0; rnti=0x46, f=1, n_pucch=0, dmrs_corr=-nan, snr=-inf dB, corr=0.000, sr=no, ta=0.0 us
2026-09-14T10:47:31.751207 [PHY0   ] [I] [ 1960] PUCCH: cc=0; rnti=0x46, f=1, n_pucch=0, dmrs_corr=-nan, snr=-inf dB, corr=0.000, sr=no, ta=0.0 us
2026-09-14T10:47:31.752536 [PHY1   ] [I] [ 1961] PUCCH: cc=0; rnti=0x46, f=2, n_pucch=0, dmrs_corr=1.000, snr=111.7 dB, corr=1.000, cqi=15 (cc=0), ta=0.0 us
2026-09-14T10:47:31.773912 [PHY0   ] [I] [ 1980] PUCCH: cc=0; rnti=0x46, f=1, n_pucch=0, dmrs_corr=-nan, snr=-inf dB, corr=0.000, sr=no, ta=0.0 us
2026-09-14T10:47:31.796491 [PHY0   ] [I] [ 2000] PUCCH: cc=0; rnti=0x46, f=1, n_pucch=0, dmrs_corr=-nan, snr=-inf dB, corr=0.000, sr=no, ta=0.0 us
2026-09-14T10:47:31.797664 [PHY1   ] [I] [ 2001] PUCCH: cc=0; rnti=0x46, f=2, n_pucch=0, dmrs_corr=1.000, snr=111.7 dB, corr=1.000, cqi=15 (cc=0), ta=0.0 us
2026-09-14T10:47:31.818578 [PHY0   ] [I] [ 2020] PUCCH: cc=0; rnti=0x46, f=1, n_pucch=0, dmrs_corr=-nan, snr=-inf dB, corr=0.000, sr=no, ta=0.0 us
2026-09-14T10:47:31.841004 [PHY0   ] [I] [ 2040] PUCCH: cc=0; rnti=0x46, f=1, n_pucch=0, dmrs_corr=-nan, snr=-inf dB, corr=0.000, sr=no, ta=0.0 us
2026-09-14T10:47:31.842248 [PHY1   ] [I] [ 2041] PUCCH: cc=0; rnti=0x46, f=2, n_pucch=0, dmrs_corr=1.000, snr=111.7 dB, corr=1.000, cqi=15 (cc=0), ta=0.0 us
2026-09-14T10:47:31.863468 [PHY0   ] [I] [ 2060] PUCCH: cc=0; rnti=0x46, f=1, n_pucch=0, dmrs_corr=-nan, snr=-inf dB, corr=0.000, sr=no, ta=0.0 us
2026-09-14T10:47:31.886064 [PHY0   ] [I] [ 2080] PUCCH: cc=0; rnti=0x46, f=1, n_pucch=0, dmrs_corr=-nan, snr=-inf dB, corr=0.000, sr=no, ta=0.0 us
2026-09-14T10:47:31.887230 [PHY1   ] [I] [ 2081] PUCCH: cc=0; rnti=0x46, f=2, n_pucch=0, dmrs_corr=1.000, snr=111.7 dB, corr=1.000, cqi=15 (cc=0), ta=0.0 us
2026-09-14T10:47:31.909019 [PHY0   ] [I] [ 2100] PUCCH: cc=0; rnti=0x46, f=1, n_pucch=0, dmrs_corr=-nan, snr=-inf dB, corr=0.000, sr=no, ta=0.0 us
2026-09-14T10:47:31.931495 [PHY0   ] [I] [ 2120] PUCCH: cc=0; rnti=0x46, f=1, n_pucch=0, dmrs_corr=-nan, snr=-inf dB, corr=0.000, sr=no, ta=0.0 us
2026-09-14T10:47:31.932892 [PHY1   ] [I] [ 2121] PUCCH: cc=0; rnti=0x46, f=2, n_pucch=0, dmrs_corr=1.000, snr=111.7 dB, corr=1.000, cqi=15 (cc=0), ta=0.0 us
2026-09-14T10:47:31.954072 [PHY0   ] [I] [ 2140] PUCCH: cc=0; rnti=0x46, f=1, n_pucch=0, dmrs_corr=-nan, snr=-inf dB, corr=0.000, sr=no, ta=0.0 us
2026-09-14T10:47:31.976830 [PHY0   ] [I] [ 2160] PUCCH: cc=0; rnti=0x46, f=1, n_pucch=0, dmrs_corr=-nan, snr=-inf dB, corr=0.000, sr=no, ta=0.0 us
2026-09-14T10:47:31.978168 [PHY1   ] [I] [ 2161] PUCCH: cc=0; rnti=0x46, f=2, n_pucch=0, dmrs_corr=1.000, snr=111.7 dB, corr=1.000, cqi=15 (cc=0), ta=0.0 us
2026-09-14T10:47:31.999559 [PHY0   ] [I] [ 2180] PUCCH: cc=0; rnti=0x46, f=1, n_pucch=0, dmrs_corr=-nan, snr=-inf dB, corr=0.000, sr=no, ta=0.0 us
2026-09-14T10:47:32.022415 [PHY0   ] [I] [ 2200] PUCCH: cc=0; rnti=0x46, f=1, n_pucch=0, dmrs_corr=-nan, snr=-inf dB, corr=0.000, sr=no, ta=0.0 us
2026-09-14T10:47:32.023622 [PHY1   ] [I] [ 2201] PUCCH: cc=0; rnti=0x46, f=2, n_pucch=0, dmrs_corr=1.000, snr=111.7 dB, corr=1.000, cqi=15 (cc=0), ta=0.0 us
2026-09-14T10:47:32.045054 [PHY0   ] [I] [ 2220] PUCCH: cc=0; rnti=0x46, f=1, n_pucch=0, dmrs_corr=-nan, snr=-inf dB, corr=0.000, sr=no, ta=0.0 us
2026-09-14T10:47:32.067815 [PHY0   ] [I] [ 2240] PUCCH: cc=0; rnti=0x46, f=1, n_pucch=0, dmrs_corr=-nan, snr=-inf dB, corr=0.000, sr=no, ta=0.0 us
2026-09-14T10:47:32.069012 [PHY1   ] [I] [ 2241] PUCCH: cc=0; rnti=0x46, f=2, n_pucch=0, dmrs_corr=1.000, snr=111.7 dB, corr=1.000, cqi=15 (cc=0), ta=0.0 us
2026-09-14T10:47:32.090498 [PHY0   ] [I] [ 2260] PUCCH: cc=0; rnti=0x46, f=1, n_pucch=0, dmrs_corr=-nan, snr=-inf dB, corr=0.000, sr=no, ta=0.0 us
2026-09-14T10:47:32.113162 [PHY0   ] [I] [ 2280] PUCCH: cc=0; rnti=0x46, f=1, n_pucch=0, dmrs_corr=-nan, snr=-inf dB, corr=0.000, sr=no, ta=0.0 us
2026-09-14T10:47:32.114450 [PHY1   ] [I] [ 2281] PUCCH: cc=0; rnti=0x46, f=2, n_pucch=0, dmrs_corr=1.000, snr=111.7 dB, corr=1.000, cqi=15 (cc=0), ta=0.0 us
2026-09-14T10:47:32.135766 [PHY0   ] [I] [ 2300] PUCCH: cc=0; rnti=0x46, f=1, n_pucch=0, dmrs_corr=-nan, snr=-inf dB, corr=0.000, sr=no, ta=0.0 us
2026-09-14T10:47:32.158184 [PHY0   ] [I] [ 2320] PUCCH: cc=0; rnti=0x46, f=1, n_pucch=0, dmrs_corr=-nan, snr=-inf dB, corr=0.000, sr=no, ta=0.0 us
2026-09-14T10:47:32.159469 [PHY1   ] [I] [ 2321] PUCCH: cc=0; rnti=0x46, f=2, n_pucch=0, dmrs_corr=1.000, snr=111.7 dB, corr=1.000, cqi=15 (cc=0), ta=0.0 us
2026-09-14T10:47:32.180743 [PHY0   ] [I] [ 2340] PUCCH: cc=0; rnti=0x46, f=1, n_pucch=0, dmrs_corr=-nan, snr=-inf dB, corr=0.000, sr=no, ta=0.0 us
2026-09-14T10:47:32.203137 [PHY0   ] [I] [ 2360] PUCCH: cc=0; rnti=0x46, f=1, n_pucch=0, dmrs_corr=-nan, snr=-inf dB, corr=0.000, sr=no, ta=0.0 us
2026-09-14T10:47:32.204274 [PHY1   ] [I] [ 2361] PUCCH: cc=0; rnti=0x46, f=2, n_pucch=0, dmrs_corr=1.000, snr=111.7 dB, corr=1.000, cqi=15 (cc=0), ta=0.0 us
2026-09-14T10:47:32.225682 [PHY0   ] [I] [ 2380] PUCCH: cc=0; rnti=0x46, f=1, n_pucch=0, dmrs_corr=-nan, snr=-inf dB, corr=0.000, sr=no, ta=0.0 us
2026-09-14T10:47:32.248219 [PHY0   ] [I] [ 2400] PUCCH: cc=0; rnti=0x46, f=1, n_pucch=0, dmrs_corr=-nan, snr=-inf dB, corr=0.000, sr=no, ta=0.0 us
2026-09-14T10:47:32.249367 [PHY1   ] [I] [ 2401] PUCCH: cc=0; rnti=0x46, f=2, n_pucch=0, dmrs_corr=1.000, snr=111.7 dB, corr=1.000, cqi=15 (cc=0), ta=0.0 us
2026-09-14T10:47:32.270602 [PHY0   ] [I] [ 2420] PUCCH: cc=0; rnti=0x46, f=1, n_pucch=0, dmrs_corr=-nan, snr=-inf dB, corr=0.000, sr=no, ta=0.0 us
2026-09-14T10:47:32.292989 [PHY0   ] [I] [ 2440] PUCCH: cc=0; rnti=0x46, f=1, n_pucch=0, dmrs_corr=-nan, snr=-inf dB, corr=0.000, sr=no, ta=0.0 us
2026-09-14T10:47:32.294241 [PHY1   ] [I] [ 2441] PUCCH: cc=0; rnti=0x46, f=2, n_pucch=0, dmrs_corr=1.000, snr=111.7 dB, corr=1.000, cqi=15 (cc=0), ta=0.0 us
2026-09-14T10:47:32.315557 [PHY0   ] [I] [ 2460] PUCCH: cc=0; rnti=0x46, f=1, n_pucch=0, dmrs_corr=-nan, snr=-inf dB, corr=0.000, sr=no, ta=0.0 us
2026-09-14T10:47:32.338317 [PHY0   ] [I] [ 2480] PUCCH: cc=0; rnti=0x46, f=1, n_pucch=0, dmrs_corr=-nan, snr=-inf dB, corr=0.000, sr=no, ta=0.0 us
2026-09-14T10:47:32.339565 [PHY1   ] [I] [ 2481] PUCCH: cc=0; rnti=0x46, f=2, n_pucch=0, dmrs_corr=1.000, snr=111.7 dB, corr=1.000, cqi=15 (cc=0), ta=0.0 us
2026-09-14T10:47:32.360867 [PHY0   ] [I] [ 2500] PUCCH: cc=0; rnti=0x46, f=1, n_pucch=0, dmrs_corr=-nan, snr=-inf dB, corr=0.000, sr=no, ta=0.0 us
2026-09-14T10:47:32.383594 [PHY0   ] [I] [ 2520] PUCCH: cc=0; rnti=0x46, f=1, n_pucch=0, dmrs_corr=-nan, snr=-inf dB, corr=0.000, sr=no, ta=0.0 us
2026-09-14T10:47:32.384809 [PHY1   ] [I] [ 2521] PUCCH: cc=0; rnti=0x46, f=2, n_pucch=0, dmrs_corr=1.000, snr=111.7 dB, corr=1.000, cqi=15 (cc=0), ta=0.0 us
2026-09-14T10:47:32.406277 [PHY0   ] [I] [ 2540] PUCCH: cc=0; rnti=0x46, f=1, n_pucch=0, dmrs_corr=-nan, snr=-inf dB, corr=0.000, sr=no, ta=0.0 us
2026-09-14T10:47:32.428927 [PHY0   ] [I] [ 2560] PUCCH: cc=0; rnti=0x46, f=1, n_pucch=0, dmrs_corr=-nan, snr=-inf dB, corr=0.000, sr=no, ta=0.0 us
2026-09-14T10:47:32.430203 [PHY1   ] [I] [ 2561] PUCCH: cc=0; rnti=0x46, f=2, n_pucch=0, dmrs_corr=1.000, snr=111.7 dB, corr=1.000, cqi=15 (cc=0), ta=0.0 us
2026-09-14T10:47:32.452617 [PHY0   ] [I] [ 2580] PUCCH: cc=0; rnti=0x46, f=1, n_pucch=0, dmrs_corr=-nan, snr=-inf dB, corr=0.000, sr=no, ta=0.0 us
2026-09-14T10:47:32.474472 [PHY0   ] [I] [ 2600] PUCCH: cc=0; rnti=0x46, f=1, n_pucch=0, dmrs_corr=-nan, snr=-inf dB, corr=0.000, sr=no, ta=0.0 us
2026-09-14T10:47:32.475645 [PHY1   ] [I] [ 2601] PUCCH: cc=0; rnti=0x46, f=2, n_pucch=0, dmrs_corr=1.000, snr=111.7 dB, corr=1.000, cqi=15 (cc=0), ta=0.0 us
2026-09-14T10:47:32.497245 [PHY0   ] [I] [ 2620] PUCCH: cc=0; rnti=0x46, f=1, n_pucch=0, dmrs_corr=-nan, snr=-inf dB, corr=0.000, sr=no, ta=0.0 us
2026-09-14T10:47:32.519822 [PHY0   ] [I] [ 2640] PUCCH: cc=0; rnti=0x46, f=1, n_pucch=0, dmrs_corr=-nan, snr=-inf dB, corr=0.000, sr=no, ta=0.0 us
2026-09-14T10:47:32.521077 [PHY1   ] [I] [ 2641] PUCCH: cc=0; rnti=0x46, f=2, n_pucch=0, dmrs_corr=1.000, snr=111.7 dB, corr=1.000, cqi=15 (cc=0), ta=0.0 us
2026-09-14T10:47:32.542550 [PHY0   ] [I] [ 2660] PUCCH: cc=0; rnti=0x46, f=1, n_pucch=0, dmrs_corr=-nan, snr=-inf dB, corr=0.000, sr=no, ta=0.0 us
2026-09-14T10:47:32.565223 [PHY0   ] [I] [ 2680] PUCCH: cc=0; rnti=0x46, f=1, n_pucch=0, dmrs_corr=-nan, snr=-inf dB, corr=0.000, sr=no, ta=0.0 us
2026-09-14T10:47:32.566680 [PHY1   ] [I] [ 2681] PUCCH: cc=0; rnti=0x46, f=2, n_pucch=0, dmrs_corr=1.000, snr=111.7 dB, corr=1.000, cqi=15 (cc=0), ta=0.0 us
2026-09-14T10:47:32.588041 [PHY0   ] [I] [ 2700] PUCCH: cc=0; rnti=0x46, f=1, n_pucch=0, dmrs_corr=-nan, snr=-inf dB, corr=0.000, sr=no, ta=0.0 us
2026-09-14T10:47:32.610716 [PHY0   ] [I] [ 2720] PUCCH: cc=0; rnti=0x46, f=1, n_pucch=0, dmrs_corr=-nan, snr=-inf dB, corr=0.000, sr=no, ta=0.0 us
2026-09-14T10:47:32.611948 [PHY1   ] [I] [ 2721] PUCCH: cc=0; rnti=0x46, f=2, n_pucch=0, dmrs_corr=1.000, snr=111.7 dB, corr=1.000, cqi=15 (cc=0), ta=0.0 us
2026-09-14T10:47:32.633592 [PHY0   ] [I] [ 2740] PUCCH: cc=0; rnti=0x46, f=1, n_pucch=0, dmrs_corr=-nan, snr=-inf dB, corr=0.000, sr=no, ta=0.0 us
2026-09-14T10:47:32.656386 [PHY0   ] [I] [ 2760] PUCCH: cc=0; rnti=0x46, f=1, n_pucch=0, dmrs_corr=-nan, snr=-inf dB, corr=0.000, sr=no, ta=0.0 us
2026-09-14T10:47:32.657689 [PHY1   ] [I] [ 2761] PUCCH: cc=0; rnti=0x46, f=2, n_pucch=0, dmrs_corr=1.000, snr=111.7 dB, corr=1.000, cqi=15 (cc=0), ta=0.0 us
2026-09-14T10:47:32.679282 [PHY0   ] [I] [ 2780] PUCCH: cc=0; rnti=0x46, f=1, n_pucch=0, dmrs_corr=-nan, snr=-inf dB, corr=0.000, sr=no, ta=0.0 us
2026-09-14T10:47:32.702151 [PHY0   ] [I] [ 2800] PUCCH: cc=0; rnti=0x46, f=1, n_pucch=0, dmrs_corr=-nan, snr=-inf dB, corr=0.000, sr=no, ta=0.0 us
2026-09-14T10:47:32.703531 [PHY1   ] [I] [ 2801] PUCCH: cc=0; rnti=0x46, f=2, n_pucch=0, dmrs_corr=1.000, snr=111.7 dB, corr=1.000, cqi=15 (cc=0), ta=0.0 us
2026-09-14T10:47:32.725152 [PHY0   ] [I] [ 2820] PUCCH: cc=0; rnti=0x46, f=1, n_pucch=0, dmrs_corr=-nan, snr=-inf dB, corr=0.000, sr=no, ta=0.0 us
2026-09-14T10:47:32.747620 [PHY0   ] [I] [ 2840] PUCCH: cc=0; rnti=0x46, f=1, n_pucch=0, dmrs_corr=-nan, snr=-inf dB, corr=0.000, sr=no, ta=0.0 us
2026-09-14T10:47:32.748878 [PHY1   ] [I] [ 2841] PUCCH: cc=0; rnti=0x46, f=2, n_pucch=0, dmrs_corr=1.000, snr=111.7 dB, corr=1.000, cqi=15 (cc=0), ta=0.0 us
2026-09-14T10:47:32.770573 [PHY0   ] [I] [ 2860] PUCCH: cc=0; rnti=0x46, f=1, n_pucch=0, dmrs_corr=-nan, snr=-inf dB, corr=0.000, sr=no, ta=0.0 us
2026-09-14T10:47:32.793579 [PHY0   ] [I] [ 2880] PUCCH: cc=0; rnti=0x46, f=1, n_pucch=0, dmrs_corr=-nan, snr=-inf dB, corr=0.000, sr=no, ta=0.0 us
2026-09-14T10:47:32.794862 [PHY1   ] [I] [ 2881] PUCCH: cc=0; rnti=0x46, f=2, n_pucch=0, dmrs_corr=1.000, snr=111.7 dB, corr=1.000, cqi=15 (cc=0), ta=0.0 us
2026-09-14T10:47:32.816241 [PHY0   ] [I] [ 2900] PUCCH: cc=0; rnti=0x46, f=1, n_pucch=0, dmrs_corr=-nan, snr=-inf dB, corr=0.000, sr=no, ta=0.0 us
2026-09-14T10:47:32.838918 [PHY0   ] [I] [ 2920] PUCCH: cc=0; rnti=0x46, f=1, n_pucch=0, dmrs_corr=-nan, snr=-inf dB, corr=0.000, sr=no, ta=0.0 us
2026-09-14T10:47:32.840283 [PHY1   ] [I] [ 2921] PUCCH: cc=0; rnti=0x46, f=2, n_pucch=0, dmrs_corr=1.000, snr=111.7 dB, corr=1.000, cqi=15 (cc=0), ta=0.0 us
2026-09-14T10:47:32.861628 [PHY0   ] [I] [ 2940] PUCCH: cc=0; rnti=0x46, f=1, n_pucch=0, dmrs_corr=-nan, snr=-inf dB, corr=0.000, sr=no, ta=0.0 us
2026-09-14T10:47:32.884363 [PHY0   ] [I] [ 2960] PUCCH: cc=0; rnti=0x46, f=1, n_pucch=0, dmrs_corr=-nan, snr=-inf dB, corr=0.000, sr=no, ta=0.0 us
2026-09-14T10:47:32.885657 [PHY1   ] [I] [ 2961] PUCCH: cc=0; rnti=0x46, f=2, n_pucch=0, dmrs_corr=1.000, snr=111.7 dB, corr=1.000, cqi=15 (cc=0), ta=0.0 us
2026-09-14T10:47:32.907119 [PHY0   ] [I] [ 2980] PUCCH: cc=0; rnti=0x46, f=1, n_pucch=0, dmrs_corr=-nan, snr=-inf dB, corr=0.000, sr=no, ta=0.0 us
2026-09-14T10:47:32.929985 [PHY0   ] [I] [ 3000] PUCCH: cc=0; rnti=0x46, f=1, n_pucch=0, dmrs_corr=-nan, snr=-inf dB, corr=0.000, sr=no, ta=0.0 us
2026-09-14T10:47:32.931222 [PHY1   ] [I] [ 3001] PUCCH: cc=0; rnti=0x46, f=2, n_pucch=0, dmrs_corr=1.000, snr=111.7 dB, corr=1.000, cqi=15 (cc=0), ta=0.0 us
2026-09-14T10:47:32.952714 [PHY0   ] [I] [ 3020] PUCCH: cc=0; rnti=0x46, f=1, n_pucch=0, dmrs_corr=-nan, snr=-inf dB, corr=0.000, sr=no, ta=0.0 us
2026-09-14T10:47:32.975450 [PHY0   ] [I] [ 3040] PUCCH: cc=0; rnti=0x46, f=1, n_pucch=0, dmrs_corr=-nan, snr=-inf dB, corr=0.000, sr=no, ta=0.0 us
2026-09-14T10:47:32.976800 [PHY1   ] [I] [ 3041] PUCCH: cc=0; rnti=0x46, f=2, n_pucch=0, dmrs_corr=1.000, snr=111.7 dB, corr=1.000, cqi=15 (cc=0), ta=0.0 us
2026-09-14T10:47:32.997966 [PHY0   ] [I] [ 3060] PUCCH: cc=0; rnti=0x46, f=1, n_pucch=0, dmrs_corr=-nan, snr=-inf dB, corr=0.000, sr=no, ta=0.0 us
2026-09-14T10:47:33.020235 [PHY0   ] [I] [ 3080] PUCCH: cc=0; rnti=0x46, f=1, n_pucch=0, dmrs_corr=-nan, snr=-inf dB, corr=0.000, sr=no, ta=0.0 us
2026-09-14T10:47:33.021538 [PHY1   ] [I] [ 3081] PUCCH: cc=0; rnti=0x46, f=2, n_pucch=0, dmrs_corr=1.000, snr=111.7 dB, corr=1.000, cqi=15 (cc=0), ta=0.0 us
2026-09-14T10:47:33.042640 [PHY0   ] [I] [ 3100] PUCCH: cc=0; rnti=0x46, f=1, n_pucch=0, dmrs_corr=-nan, snr=-inf dB, corr=0.000, sr=no, ta=0.0 us
2026-09-14T10:47:33.065399 [PHY0   ] [I] [ 3120] PUCCH: cc=0; rnti=0x46, f=1, n_pucch=0, dmrs_corr=-nan, snr=-inf dB, corr=0.000, sr=no, ta=0.0 us
2026-09-14T10:47:33.066543 [PHY1   ] [I] [ 3121] PUCCH: cc=0; rnti=0x46, f=2, n_pucch=0, dmrs_corr=1.000, snr=111.7 dB, corr=1.000, cqi=15 (cc=0), ta=0.0 us
2026-09-14T10:47:33.087681 [PHY0   ] [I] [ 3140] PUCCH: cc=0; rnti=0x46, f=1, n_pucch=0, dmrs_corr=-nan, snr=-inf dB, corr=0.000, sr=no, ta=0.0 us
2026-09-14T10:47:33.110231 [PHY0   ] [I] [ 3160] PUCCH: cc=0; rnti=0x46, f=1, n_pucch=0, dmrs_corr=-nan, snr=-inf dB, corr=0.000, sr=no, ta=0.0 us
2026-09-14T10:47:33.111557 [PHY1   ] [I] [ 3161] PUCCH: cc=0; rnti=0x46, f=2, n_pucch=0, dmrs_corr=1.000, snr=111.7 dB, corr=1.000, cqi=15 (cc=0), ta=0.0 us
2026-09-14T10:47:33.132967 [PHY0   ] [I] [ 3180] PUCCH: cc=0; rnti=0x46, f=1, n_pucch=0, dmrs_corr=-nan, snr=-inf dB, corr=0.000, sr=no, ta=0.0 us
2026-09-14T10:47:33.155688 [PHY0   ] [I] [ 3200] PUCCH: cc=0; rnti=0x46, f=1, n_pucch=0, dmrs_corr=-nan, snr=-inf dB, corr=0.000, sr=no, ta=0.0 us
2026-09-14T10:47:33.156992 [PHY1   ] [I] [ 3201] PUCCH: cc=0; rnti=0x46, f=2, n_pucch=0, dmrs_corr=1.000, snr=111.7 dB, corr=1.000, cqi=15 (cc=0), ta=0.0 us
2026-09-14T10:47:33.178317 [PHY0   ] [I] [ 3220] PUCCH: cc=0; rnti=0x46, f=1, n_pucch=0, dmrs_corr=-nan, snr=-inf dB, corr=0.000, sr=no, ta=0.0 us
2026-09-14T10:47:33.200937 [PHY0   ] [I] [ 3240] PUCCH: cc=0; rnti=0x46, f=1, n_pucch=0, dmrs_corr=-nan, snr=-inf dB, corr=0.000, sr=no, ta=0.0 us
2026-09-14T10:47:33.202226 [PHY1   ] [I] [ 3241] PUCCH: cc=0; rnti=0x46, f=2, n_pucch=0, dmrs_corr=1.000, snr=111.7 dB, corr=1.000, cqi=15 (cc=0), ta=0.0 us
2026-09-14T10:47:33.223528 [PHY0   ] [I] [ 3260] PUCCH: cc=0; rnti=0x46, f=1, n_pucch=0, dmrs_corr=-nan, snr=-inf dB, corr=0.000, sr=no, ta=0.0 us
2026-09-14T10:47:33.245715 [PHY0   ] [I] [ 3280] PUCCH: cc=0; rnti=0x46, f=1, n_pucch=0, dmrs_corr=-nan, snr=-inf dB, corr=0.000, sr=no, ta=0.0 us
2026-09-14T10:47:33.246896 [PHY1   ] [I] [ 3281] PUCCH: cc=0; rnti=0x46, f=2, n_pucch=0, dmrs_corr=1.000, snr=111.7 dB, corr=1.000, cqi=15 (cc=0), ta=0.0 us
2026-09-14T10:47:33.268442 [PHY0   ] [I] [ 3300] PUCCH: cc=0; rnti=0x46, f=1, n_pucch=0, dmrs_corr=-nan, snr=-inf dB, corr=0.000, sr=no, ta=0.0 us
2026-09-14T10:47:33.291260 [PHY0   ] [I] [ 3320] PUCCH: cc=0; rnti=0x46, f=1, n_pucch=0, dmrs_corr=-nan, snr=-inf dB, corr=0.000, sr=no, ta=0.0 us
2026-09-14T10:47:33.292521 [PHY1   ] [I] [ 3321] PUCCH: cc=0; rnti=0x46, f=2, n_pucch=0, dmrs_corr=1.000, snr=111.7 dB, corr=1.000, cqi=15 (cc=0), ta=0.0 us
2026-09-14T10:47:33.314046 [PHY0   ] [I] [ 3340] PUCCH: cc=0; rnti=0x46, f=1, n_pucch=0, dmrs_corr=-nan, snr=-inf dB, corr=0.000, sr=no, ta=0.0 us
2026-09-14T10:47:33.336865 [PHY0   ] [I] [ 3360] PUCCH: cc=0; rnti=0x46, f=1, n_pucch=0, dmrs_corr=-nan, snr=-inf dB, corr=0.000, sr=no, ta=0.0 us
2026-09-14T10:47:33.338140 [PHY1   ] [I] [ 3361] PUCCH: cc=0; rnti=0x46, f=2, n_pucch=0, dmrs_corr=1.000, snr=111.7 dB, corr=1.000, cqi=15 (cc=0), ta=0.0 us
2026-09-14T10:47:33.359599 [PHY0   ] [I] [ 3380] PUCCH: cc=0; rnti=0x46, f=1, n_pucch=0, dmrs_corr=-nan, snr=-inf dB, corr=0.000, sr=no, ta=0.0 us
2026-09-14T10:47:33.382371 [PHY0   ] [I] [ 3400] PUCCH: cc=0; rnti=0x46, f=1, n_pucch=0, dmrs_corr=-nan, snr=-inf dB, corr=0.000, sr=no, ta=0.0 us
2026-09-14T10:47:33.383645 [PHY1   ] [I] [ 3401] PUCCH: cc=0; rnti=0x46, f=2, n_pucch=0, dmrs_corr=1.000, snr=111.7 dB, corr=1.000, cqi=15 (cc=0), ta=0.0 us
2026-09-14T10:47:33.404931 [PHY0   ] [I] [ 3420] PUCCH: cc=0; rnti=0x46, f=1, n_pucch=0, dmrs_corr=-nan, snr=-inf dB, corr=0.000, sr=no, ta=0.0 us
2026-09-14T10:47:33.427282 [PHY0   ] [I] [ 3440] PUCCH: cc=0; rnti=0x46, f=1, n_pucch=0, dmrs_corr=-nan, snr=-inf dB, corr=0.000, sr=no, ta=0.0 us
2026-09-14T10:47:33.428544 [PHY1   ] [I] [ 3441] PUCCH: cc=0; rnti=0x46, f=2, n_pucch=0, dmrs_corr=1.000, snr=111.7 dB, corr=1.000, cqi=15 (cc=0), ta=0.0 us
2026-09-14T10:47:33.449788 [PHY0   ] [I] [ 3460] PUCCH: cc=0; rnti=0x46, f=1, n_pucch=0, dmrs_corr=-nan, snr=-inf dB, corr=0.000, sr=no, ta=0.0 us
2026-09-14T10:47:33.472387 [PHY0   ] [I] [ 3480] PUCCH: cc=0; rnti=0x46, f=1, n_pucch=0, dmrs_corr=-nan, snr=-inf dB, corr=0.000, sr=no, ta=0.0 us
2026-09-14T10:47:33.473671 [PHY1   ] [I] [ 3481] PUCCH: cc=0; rnti=0x46, f=2, n_pucch=0, dmrs_corr=1.000, snr=111.7 dB, corr=1.000, cqi=15 (cc=0), ta=0.0 us
2026-09-14T10:47:33.494937 [PHY0   ] [I] [ 3500] PUCCH: cc=0; rnti=0x46, f=1, n_pucch=0, dmrs_corr=-nan, snr=-inf dB, corr=0.000, sr=no, ta=0.0 us
2026-09-14T10:47:33.517444 [PHY0   ] [I] [ 3520] PUCCH: cc=0; rnti=0x46, f=1, n_pucch=0, dmrs_corr=-nan, snr=-inf dB, corr=0.000, sr=no, ta=0.0 us
2026-09-14T10:47:33.518660 [PHY1   ] [I] [ 3521] PUCCH: cc=0; rnti=0x46, f=2, n_pucch=0, dmrs_corr=1.000, snr=111.7 dB, corr=1.000, cqi=15 (cc=0), ta=0.0 us
2026-09-14T10:47:33.539986 [PHY0   ] [I] [ 3540] PUCCH: cc=0; rnti=0x46, f=1, n_pucch=0, dmrs_corr=-nan, snr=-inf dB, corr=0.000, sr=no, ta=0.0 us
2026-09-14T10:47:33.562586 [PHY0   ] [I] [ 3560] PUCCH: cc=0; rnti=0x46, f=1, n_pucch=0, dmrs_corr=-nan, snr=-inf dB, corr=0.000, sr=no, ta=0.0 us
2026-09-14T10:47:33.563802 [PHY1   ] [I] [ 3561] PUCCH: cc=0; rnti=0x46, f=2, n_pucch=0, dmrs_corr=1.000, snr=111.7 dB, corr=1.000, cqi=15 (cc=0), ta=0.0 us
2026-09-14T10:47:33.585102 [PHY0   ] [I] [ 3580] PUCCH: cc=0; rnti=0x46, f=1, n_pucch=0, dmrs_corr=-nan, snr=-inf dB, corr=0.000, sr=no, ta=0.0 us
2026-09-14T10:47:33.607827 [PHY0   ] [I] [ 3600] PUCCH: cc=0; rnti=0x46, f=1, n_pucch=0, dmrs_corr=-nan, snr=-inf dB, corr=0.000, sr=no, ta=0.0 us
2026-09-14T10:47:33.609144 [PHY1   ] [I] [ 3601] PUCCH: cc=0; rnti=0x46, f=2, n_pucch=0, dmrs_corr=1.000, snr=111.7 dB, corr=1.000, cqi=15 (cc=0), ta=0.0 us
2026-09-14T10:47:33.630594 [PHY0   ] [I] [ 3620] PUCCH: cc=0; rnti=0x46, f=1, n_pucch=0, dmrs_corr=-nan, snr=-inf dB, corr=0.000, sr=no, ta=0.0 us
2026-09-14T10:47:33.653271 [PHY0   ] [I] [ 3640] PUCCH: cc=0; rnti=0x46, f=1, n_pucch=0, dmrs_corr=-nan, snr=-inf dB, corr=0.000, sr=no, ta=0.0 us
2026-09-14T10:47:33.654511 [PHY1   ] [I] [ 3641] PUCCH: cc=0; rnti=0x46, f=2, n_pucch=0, dmrs_corr=1.000, snr=111.7 dB, corr=1.000, cqi=15 (cc=0), ta=0.0 us
2026-09-14T10:47:33.676155 [PHY0   ] [I] [ 3660] PUCCH: cc=0; rnti=0x46, f=1, n_pucch=0, dmrs_corr=-nan, snr=-inf dB, corr=0.000, sr=no, ta=0.0 us
2026-09-14T10:47:33.699040 [PHY0   ] [I] [ 3680] PUCCH: cc=0; rnti=0x46, f=1, n_pucch=0, dmrs_corr=-nan, snr=-inf dB, corr=0.000, sr=no, ta=0.0 us
2026-09-14T10:47:33.700354 [PHY1   ] [I] [ 3681] PUCCH: cc=0; rnti=0x46, f=2, n_pucch=0, dmrs_corr=1.000, snr=111.7 dB, corr=1.000, cqi=15 (cc=0), ta=0.0 us
2026-09-14T10:47:33.721743 [PHY0   ] [I] [ 3700] PUCCH: cc=0; rnti=0x46, f=1, n_pucch=0, dmrs_corr=-nan, snr=-inf dB, corr=0.000, sr=no, ta=0.0 us
2026-09-14T10:47:33.744286 [PHY0   ] [I] [ 3720] PUCCH: cc=0; rnti=0x46, f=1, n_pucch=0, dmrs_corr=-nan, snr=-inf dB, corr=0.000, sr=no, ta=0.0 us
2026-09-14T10:47:33.745487 [PHY1   ] [I] [ 3721] PUCCH: cc=0; rnti=0x46, f=2, n_pucch=0, dmrs_corr=1.000, snr=111.7 dB, corr=1.000, cqi=15 (cc=0), ta=0.0 us
2026-09-14T10:47:33.766871 [PHY0   ] [I] [ 3740] PUCCH: cc=0; rnti=0x46, f=1, n_pucch=0, dmrs_corr=-nan, snr=-inf dB, corr=0.000, sr=no, ta=0.0 us
2026-09-14T10:47:33.789609 [PHY0   ] [I] [ 3760] PUCCH: cc=0; rnti=0x46, f=1, n_pucch=0, dmrs_corr=-nan, snr=-inf dB, corr=0.000, sr=no, ta=0.0 us
2026-09-14T10:47:33.790766 [PHY1   ] [I] [ 3761] PUCCH: cc=0; rnti=0x46, f=2, n_pucch=0, dmrs_corr=1.000, snr=111.7 dB, corr=1.000, cqi=15 (cc=0), ta=0.0 us
2026-09-14T10:47:33.812133 [PHY0   ] [I] [ 3780] PUCCH: cc=0; rnti=0x46, f=1, n_pucch=0, dmrs_corr=-nan, snr=-inf dB, corr=0.000, sr=no, ta=0.0 us
2026-09-14T10:47:33.835015 [PHY0   ] [I] [ 3800] PUCCH: cc=0; rnti=0x46, f=1, n_pucch=0, dmrs_corr=-nan, snr=-inf dB, corr=0.000, sr=no, ta=0.0 us
2026-09-14T10:47:33.836332 [PHY1   ] [I] [ 3801] PUCCH: cc=0; rnti=0x46, f=2, n_pucch=0, dmrs_corr=1.000, snr=111.7 dB, corr=1.000, cqi=15 (cc=0), ta=0.0 us
2026-09-14T10:47:33.857388 [PHY0   ] [I] [ 3820] PUCCH: cc=0; rnti=0x46, f=1, n_pucch=0, dmrs_corr=-nan, snr=-inf dB, corr=0.000, sr=no, ta=0.0 us
2026-09-14T10:47:33.879945 [PHY0   ] [I] [ 3840] PUCCH: cc=0; rnti=0x46, f=1, n_pucch=0, dmrs_corr=-nan, snr=-inf dB, corr=0.000, sr=no, ta=0.0 us
2026-09-14T10:47:33.881229 [PHY1   ] [I] [ 3841] PUCCH: cc=0; rnti=0x46, f=2, n_pucch=0, dmrs_corr=1.000, snr=111.7 dB, corr=1.000, cqi=15 (cc=0), ta=0.0 us
2026-09-14T10:47:33.902456 [PHY0   ] [I] [ 3860] PUCCH: cc=0; rnti=0x46, f=1, n_pucch=0, dmrs_corr=-nan, snr=-inf dB, corr=0.000, sr=no, ta=0.0 us
2026-09-14T10:47:33.925298 [PHY0   ] [I] [ 3880] PUCCH: cc=0; rnti=0x46, f=1, n_pucch=0, dmrs_corr=-nan, snr=-inf dB, corr=0.000, sr=no, ta=0.0 us
2026-09-14T10:47:33.926552 [PHY1   ] [I] [ 3881] PUCCH: cc=0; rnti=0x46, f=2, n_pucch=0, dmrs_corr=1.000, snr=111.7 dB, corr=1.000, cqi=15 (cc=0), ta=0.0 us
2026-09-14T10:47:33.948201 [PHY0   ] [I] [ 3900] PUCCH: cc=0; rnti=0x46, f=1, n_pucch=0, dmrs_corr=-nan, snr=-inf dB, corr=0.000, sr=no, ta=0.0 us
2026-09-14T10:47:33.970827 [PHY0   ] [I] [ 3920] PUCCH: cc=0; rnti=0x46, f=1, n_pucch=0, dmrs_corr=-nan, snr=-inf dB, corr=0.000, sr=no, ta=0.0 us
2026-09-14T10:47:33.972057 [PHY1   ] [I] [ 3921] PUCCH: cc=0; rnti=0x46, f=2, n_pucch=0, dmrs_corr=1.000, snr=111.7 dB, corr=1.000, cqi=15 (cc=0), ta=0.0 us
2026-09-14T10:47:33.993577 [PHY0   ] [I] [ 3940] PUCCH: cc=0; rnti=0x46, f=1, n_pucch=0, dmrs_corr=-nan, snr=-inf dB, corr=0.000, sr=no, ta=0.0 us
2026-09-14T10:47:34.016307 [PHY0   ] [I] [ 3960] PUCCH: cc=0; rnti=0x46, f=1, n_pucch=0, dmrs_corr=-nan, snr=-inf dB, corr=0.000, sr=no, ta=0.0 us
2026-09-14T10:47:34.017560 [PHY1   ] [I] [ 3961] PUCCH: cc=0; rnti=0x46, f=2, n_pucch=0, dmrs_corr=1.000, snr=111.7 dB, corr=1.000, cqi=15 (cc=0), ta=0.0 us
2026-09-14T10:47:34.038723 [PHY0   ] [I] [ 3980] PUCCH: cc=0; rnti=0x46, f=1, n_pucch=0, dmrs_corr=-nan, snr=-inf dB, corr=0.000, sr=no, ta=0.0 us
2026-09-14T10:47:34.061592 [PHY0   ] [I] [ 4000] PUCCH: cc=0; rnti=0x46, f=1, n_pucch=0, dmrs_corr=-nan, snr=-inf dB, corr=0.000, sr=no, ta=0.0 us
2026-09-14T10:47:34.062889 [PHY1   ] [I] [ 4001] PUCCH: cc=0; rnti=0x46, f=2, n_pucch=0, dmrs_corr=1.000, snr=111.7 dB, corr=1.000, cqi=15 (cc=0), ta=0.0 us
2026-09-14T10:47:34.084316 [PHY0   ] [I] [ 4020] PUCCH: cc=0; rnti=0x46, f=1, n_pucch=0, dmrs_corr=-nan, snr=-inf dB, corr=0.000, sr=no, ta=0.0 us
2026-09-14T10:47:34.107011 [PHY0   ] [I] [ 4040] PUCCH: cc=0; rnti=0x46, f=1, n_pucch=0, dmrs_corr=-nan, snr=-inf dB, corr=0.000, sr=no, ta=0.0 us
2026-09-14T10:47:34.108223 [PHY1   ] [I] [ 4041] PUCCH: cc=0; rnti=0x46, f=2, n_pucch=0, dmrs_corr=1.000, snr=111.7 dB, corr=1.000, cqi=15 (cc=0), ta=0.0 us
2026-09-14T10:47:34.129493 [PHY0   ] [I] [ 4060] PUCCH: cc=0; rnti=0x46, f=1, n_pucch=0, dmrs_corr=-nan, snr=-inf dB, corr=0.000, sr=no, ta=0.0 us
2026-09-14T10:47:34.152035 [PHY0   ] [I] [ 4080] PUCCH: cc=0; rnti=0x46, f=1, n_pucch=0, dmrs_corr=-nan, snr=-inf dB, corr=0.000, sr=no, ta=0.0 us
2026-09-14T10:47:34.153387 [PHY1   ] [I] [ 4081] PUCCH: cc=0; rnti=0x46, f=2, n_pucch=0, dmrs_corr=1.000, snr=111.7 dB, corr=1.000, cqi=15 (cc=0), ta=0.0 us
2026-09-14T10:47:34.174761 [PHY0   ] [I] [ 4100] PUCCH: cc=0; rnti=0x46, f=1, n_pucch=0, dmrs_corr=-nan, snr=-inf dB, corr=0.000, sr=no, ta=0.0 us
2026-09-14T10:47:34.197378 [PHY0   ] [I] [ 4120] PUCCH: cc=0; rnti=0x46, f=1, n_pucch=0, dmrs_corr=-nan, snr=-inf dB, corr=0.000, sr=no, ta=0.0 us
2026-09-14T10:47:34.198660 [PHY1   ] [I] [ 4121] PUCCH: cc=0; rnti=0x46, f=2, n_pucch=0, dmrs_corr=1.000, snr=111.7 dB, corr=1.000, cqi=15 (cc=0), ta=0.0 us
2026-09-14T10:47:34.220233 [PHY0   ] [I] [ 4140] PUCCH: cc=0; rnti=0x46, f=1, n_pucch=0, dmrs_corr=-nan, snr=-inf dB, corr=0.000, sr=no, ta=0.0 us
2026-09-14T10:47:34.242843 [PHY0   ] [I] [ 4160] PUCCH: cc=0; rnti=0x46, f=1, n_pucch=0, dmrs_corr=-nan, snr=-inf dB, corr=0.000, sr=no, ta=0.0 us
2026-09-14T10:47:34.244102 [PHY1   ] [I] [ 4161] PUCCH: cc=0; rnti=0x46, f=2, n_pucch=0, dmrs_corr=1.000, snr=111.7 dB, corr=1.000, cqi=15 (cc=0), ta=0.0 us
2026-09-14T10:47:34.265647 [PHY0   ] [I] [ 4180] PUCCH: cc=0; rnti=0x46, f=1, n_pucch=0, dmrs_corr=-nan, snr=-inf dB, corr=0.000, sr=no, ta=0.0 us
2026-09-14T10:47:34.288466 [PHY0   ] [I] [ 4200] PUCCH: cc=0; rnti=0x46, f=1, n_pucch=0, dmrs_corr=-nan, snr=-inf dB, corr=0.000, sr=no, ta=0.0 us
2026-09-14T10:47:34.289703 [PHY1   ] [I] [ 4201] PUCCH: cc=0; rnti=0x46, f=2, n_pucch=0, dmrs_corr=1.000, snr=111.7 dB, corr=1.000, cqi=15 (cc=0), ta=0.0 us
2026-09-14T10:47:34.311074 [PHY0   ] [I] [ 4220] PUCCH: cc=0; rnti=0x46, f=1, n_pucch=0, dmrs_corr=-nan, snr=-inf dB, corr=0.000, sr=no, ta=0.0 us
2026-09-14T10:47:34.333755 [PHY0   ] [I] [ 4240] PUCCH: cc=0; rnti=0x46, f=1, n_pucch=0, dmrs_corr=-nan, snr=-inf dB, corr=0.000, sr=no, ta=0.0 us
2026-09-14T10:47:34.335089 [PHY1   ] [I] [ 4241] PUCCH: cc=0; rnti=0x46, f=2, n_pucch=0, dmrs_corr=1.000, snr=111.7 dB, corr=1.000, cqi=15 (cc=0), ta=0.0 us
2026-09-14T10:47:34.356329 [PHY0   ] [I] [ 4260] PUCCH: cc=0; rnti=0x46, f=1, n_pucch=0, dmrs_corr=-nan, snr=-inf dB, corr=0.000, sr=no, ta=0.0 us
2026-09-14T10:47:34.379144 [PHY0   ] [I] [ 4280] PUCCH: cc=0; rnti=0x46, f=1, n_pucch=0, dmrs_corr=-nan, snr=-inf dB, corr=0.000, sr=no, ta=0.0 us
2026-09-14T10:47:34.380412 [PHY1   ] [I] [ 4281] PUCCH: cc=0; rnti=0x46, f=2, n_pucch=0, dmrs_corr=1.000, snr=111.7 dB, corr=1.000, cqi=15 (cc=0), ta=0.0 us
2026-09-14T10:47:34.401692 [PHY0   ] [I] [ 4300] PUCCH: cc=0; rnti=0x46, f=1, n_pucch=0, dmrs_corr=-nan, snr=-inf dB, corr=0.000, sr=no, ta=0.0 us
2026-09-14T10:47:34.424083 [PHY0   ] [I] [ 4320] PUCCH: cc=0; rnti=0x46, f=1, n_pucch=0, dmrs_corr=-nan, snr=-inf dB, corr=0.000, sr=no, ta=0.0 us
2026-09-14T10:47:34.425369 [PHY1   ] [I] [ 4321] PUCCH: cc=0; rnti=0x46, f=2, n_pucch=0, dmrs_corr=1.000, snr=111.7 dB, corr=1.000, cqi=15 (cc=0), ta=0.0 us
2026-09-14T10:47:34.446823 [PHY0   ] [I] [ 4340] PUCCH: cc=0; rnti=0x46, f=1, n_pucch=0, dmrs_corr=-nan, snr=-inf dB, corr=0.000, sr=no, ta=0.0 us
2026-09-14T10:47:34.469697 [PHY0   ] [I] [ 4360] PUCCH: cc=0; rnti=0x46, f=1, n_pucch=0, dmrs_corr=-nan, snr=-inf dB, corr=0.000, sr=no, ta=0.0 us
2026-09-14T10:47:34.471014 [PHY1   ] [I] [ 4361] PUCCH: cc=0; rnti=0x46, f=2, n_pucch=0, dmrs_corr=1.000, snr=111.7 dB, corr=1.000, cqi=15 (cc=0), ta=0.0 us
2026-09-14T10:47:34.492392 [PHY0   ] [I] [ 4380] PUCCH: cc=0; rnti=0x46, f=1, n_pucch=0, dmrs_corr=-nan, snr=-inf dB, corr=0.000, sr=no, ta=0.0 us
2026-09-14T10:47:34.515063 [PHY0   ] [I] [ 4400] PUCCH: cc=0; rnti=0x46, f=1, n_pucch=0, dmrs_corr=-nan, snr=-inf dB, corr=0.000, sr=no, ta=0.0 us
2026-09-14T10:47:34.516300 [PHY1   ] [I] [ 4401] PUCCH: cc=0; rnti=0x46, f=2, n_pucch=0, dmrs_corr=1.000, snr=111.7 dB, corr=1.000, cqi=15 (cc=0), ta=0.0 us
2026-09-14T10:47:34.537770 [PHY0   ] [I] [ 4420] PUCCH: cc=0; rnti=0x46, f=1, n_pucch=0, dmrs_corr=-nan, snr=-inf dB, corr=0.000, sr=no, ta=0.0 us
2026-09-14T10:47:34.560351 [PHY0   ] [I] [ 4440] PUCCH: cc=0; rnti=0x46, f=1, n_pucch=0, dmrs_corr=-nan, snr=-inf dB, corr=0.000, sr=no, ta=0.0 us
2026-09-14T10:47:34.561642 [PHY1   ] [I] [ 4441] PUCCH: cc=0; rnti=0x46, f=2, n_pucch=0, dmrs_corr=1.000, snr=111.7 dB, corr=1.000, cqi=15 (cc=0), ta=0.0 us
2026-09-14T10:47:34.582985 [PHY0   ] [I] [ 4460] PUCCH: cc=0; rnti=0x46, f=1, n_pucch=0, dmrs_corr=-nan, snr=-inf dB, corr=0.000, sr=no, ta=0.0 us
2026-09-14T10:47:34.605598 [PHY0   ] [I] [ 4480] PUCCH: cc=0; rnti=0x46, f=1, n_pucch=0, dmrs_corr=-nan, snr=-inf dB, corr=0.000, sr=no, ta=0.0 us
2026-09-14T10:47:34.606740 [PHY1   ] [I] [ 4481] PUCCH: cc=0; rnti=0x46, f=2, n_pucch=0, dmrs_corr=1.000, snr=111.7 dB, corr=1.000, cqi=15 (cc=0), ta=0.0 us
2026-09-14T10:47:34.628426 [PHY0   ] [I] [ 4500] PUCCH: cc=0; rnti=0x46, f=1, n_pucch=0, dmrs_corr=-nan, snr=-inf dB, corr=0.000, sr=no, ta=0.0 us
2026-09-14T10:47:34.651030 [PHY0   ] [I] [ 4520] PUCCH: cc=0; rnti=0x46, f=1, n_pucch=0, dmrs_corr=-nan, snr=-inf dB, corr=0.000, sr=no, ta=0.0 us
2026-09-14T10:47:34.652276 [PHY1   ] [I] [ 4521] PUCCH: cc=0; rnti=0x46, f=2, n_pucch=0, dmrs_corr=1.000, snr=111.7 dB, corr=1.000, cqi=15 (cc=0), ta=0.0 us
2026-09-14T10:47:34.673896 [PHY0   ] [I] [ 4540] PUCCH: cc=0; rnti=0x46, f=1, n_pucch=0, dmrs_corr=-nan, snr=-inf dB, corr=0.000, sr=no, ta=0.0 us
2026-09-14T10:47:34.696603 [PHY0   ] [I] [ 4560] PUCCH: cc=0; rnti=0x46, f=1, n_pucch=0, dmrs_corr=-nan, snr=-inf dB, corr=0.000, sr=no, ta=0.0 us
2026-09-14T10:47:34.697832 [PHY1   ] [I] [ 4561] PUCCH: cc=0; rnti=0x46, f=2, n_pucch=0, dmrs_corr=1.000, snr=111.7 dB, corr=1.000, cqi=15 (cc=0), ta=0.0 us
2026-09-14T10:47:34.719361 [PHY0   ] [I] [ 4580] PUCCH: cc=0; rnti=0x46, f=1, n_pucch=0, dmrs_corr=-nan, snr=-inf dB, corr=0.000, sr=no, ta=0.0 us
2026-09-14T10:47:34.741815 [PHY0   ] [I] [ 4600] PUCCH: cc=0; rnti=0x46, f=1, n_pucch=0, dmrs_corr=-nan, snr=-inf dB, corr=0.000, sr=no, ta=0.0 us
2026-09-14T10:47:34.743105 [PHY1   ] [I] [ 4601] PUCCH: cc=0; rnti=0x46, f=2, n_pucch=0, dmrs_corr=1.000, snr=111.7 dB, corr=1.000, cqi=15 (cc=0), ta=0.0 us
2026-09-14T10:47:34.764329 [PHY0   ] [I] [ 4620] PUCCH: cc=0; rnti=0x46, f=1, n_pucch=0, dmrs_corr=-nan, snr=-inf dB, corr=0.000, sr=no, ta=0.0 us
2026-09-14T10:47:34.787176 [PHY0   ] [I] [ 4640] PUCCH: cc=0; rnti=0x46, f=1, n_pucch=0, dmrs_corr=-nan, snr=-inf dB, corr=0.000, sr=no, ta=0.0 us
2026-09-14T10:47:34.788443 [PHY1   ] [I] [ 4641] PUCCH: cc=0; rnti=0x46, f=2, n_pucch=0, dmrs_corr=1.000, snr=111.7 dB, corr=1.000, cqi=15 (cc=0), ta=0.0 us
2026-09-14T10:47:34.809917 [PHY0   ] [I] [ 4660] PUCCH: cc=0; rnti=0x46, f=1, n_pucch=0, dmrs_corr=-nan, snr=-inf dB, corr=0.000, sr=no, ta=0.0 us
2026-09-14T10:47:34.832434 [PHY0   ] [I] [ 4680] PUCCH: cc=0; rnti=0x46, f=1, n_pucch=0, dmrs_corr=-nan, snr=-inf dB, corr=0.000, sr=no, ta=0.0 us
2026-09-14T10:47:34.833683 [PHY1   ] [I] [ 4681] PUCCH: cc=0; rnti=0x46, f=2, n_pucch=0, dmrs_corr=1.000, snr=111.7 dB, corr=1.000, cqi=15 (cc=0), ta=0.0 us
2026-09-14T10:47:34.855157 [PHY0   ] [I] [ 4700] PUCCH: cc=0; rnti=0x46, f=1, n_pucch=0, dmrs_corr=-nan, snr=-inf dB, corr=0.000, sr=no, ta=0.0 us
2026-09-14T10:47:34.877920 [PHY0   ] [I] [ 4720] PUCCH: cc=0; rnti=0x46, f=1, n_pucch=0, dmrs_corr=-nan, snr=-inf dB, corr=0.000, sr=no, ta=0.0 us
2026-09-14T10:47:34.879197 [PHY1   ] [I] [ 4721] PUCCH: cc=0; rnti=0x46, f=2, n_pucch=0, dmrs_corr=1.000, snr=111.7 dB, corr=1.000, cqi=15 (cc=0), ta=0.0 us
2026-09-14T10:47:34.900471 [PHY0   ] [I] [ 4740] PUCCH: cc=0; rnti=0x46, f=1, n_pucch=0, dmrs_corr=-nan, snr=-inf dB, corr=0.000, sr=no, ta=0.0 us
2026-09-14T10:47:34.923064 [PHY0   ] [I] [ 4760] PUCCH: cc=0; rnti=0x46, f=1, n_pucch=0, dmrs_corr=-nan, snr=-inf dB, corr=0.000, sr=no, ta=0.0 us
2026-09-14T10:47:34.924291 [PHY1   ] [I] [ 4761] PUCCH: cc=0; rnti=0x46, f=2, n_pucch=0, dmrs_corr=1.000, snr=111.7 dB, corr=1.000, cqi=15 (cc=0), ta=0.0 us
2026-09-14T10:47:34.945497 [PHY0   ] [I] [ 4780] PUCCH: cc=0; rnti=0x46, f=1, n_pucch=0, dmrs_corr=-nan, snr=-inf dB, corr=0.000, sr=no, ta=0.0 us
2026-09-14T10:47:34.967874 [PHY0   ] [I] [ 4800] PUCCH: cc=0; rnti=0x46, f=1, n_pucch=0, dmrs_corr=-nan, snr=-inf dB, corr=0.000, sr=no, ta=0.0 us
2026-09-14T10:47:34.969194 [PHY1   ] [I] [ 4801] PUCCH: cc=0; rnti=0x46, f=2, n_pucch=0, dmrs_corr=1.000, snr=111.7 dB, corr=1.000, cqi=15 (cc=0), ta=0.0 us
2026-09-14T10:47:34.990659 [PHY0   ] [I] [ 4820] PUCCH: cc=0; rnti=0x46, f=1, n_pucch=0, dmrs_corr=-nan, snr=-inf dB, corr=0.000, sr=no, ta=0.0 us
2026-09-14T10:47:35.013119 [PHY0   ] [I] [ 4840] PUCCH: cc=0; rnti=0x46, f=1, n_pucch=0, dmrs_corr=-nan, snr=-inf dB, corr=0.000, sr=no, ta=0.0 us
2026-09-14T10:47:35.014483 [PHY1   ] [I] [ 4841] PUCCH: cc=0; rnti=0x46, f=2, n_pucch=0, dmrs_corr=1.000, snr=111.7 dB, corr=1.000, cqi=15 (cc=0), ta=0.0 us
2026-09-14T10:47:35.035918 [PHY0   ] [I] [ 4860] PUCCH: cc=0; rnti=0x46, f=1, n_pucch=0, dmrs_corr=-nan, snr=-inf dB, corr=0.000, sr=no, ta=0.0 us
2026-09-14T10:47:35.058453 [PHY0   ] [I] [ 4880] PUCCH: cc=0; rnti=0x46, f=1, n_pucch=0, dmrs_corr=-nan, snr=-inf dB, corr=0.000, sr=no, ta=0.0 us
2026-09-14T10:47:35.059710 [PHY1   ] [I] [ 4881] PUCCH: cc=0; rnti=0x46, f=2, n_pucch=0, dmrs_corr=1.000, snr=111.7 dB, corr=1.000, cqi=15 (cc=0), ta=0.0 us
2026-09-14T10:47:35.081196 [PHY0   ] [I] [ 4900] PUCCH: cc=0; rnti=0x46, f=1, n_pucch=0, dmrs_corr=-nan, snr=-inf dB, corr=0.000, sr=no, ta=0.0 us
2026-09-14T10:47:35.103892 [PHY0   ] [I] [ 4920] PUCCH: cc=0; rnti=0x46, f=1, n_pucch=0, dmrs_corr=-nan, snr=-inf dB, corr=0.000, sr=no, ta=0.0 us
2026-09-14T10:47:35.105225 [PHY1   ] [I] [ 4921] PUCCH: cc=0; rnti=0x46, f=2, n_pucch=0, dmrs_corr=1.000, snr=111.7 dB, corr=1.000, cqi=15 (cc=0), ta=0.0 us
2026-09-14T10:47:35.126584 [PHY0   ] [I] [ 4940] PUCCH: cc=0; rnti=0x46, f=1, n_pucch=0, dmrs_corr=-nan, snr=-inf dB, corr=0.000, sr=no, ta=0.0 us
2026-09-14T10:47:35.149474 [PHY0   ] [I] [ 4960] PUCCH: cc=0; rnti=0x46, f=1, n_pucch=0, dmrs_corr=-nan, snr=-inf dB, corr=0.000, sr=no, ta=0.0 us
2026-09-14T10:47:35.150742 [PHY1   ] [I] [ 4961] PUCCH: cc=0; rnti=0x46, f=2, n_pucch=0, dmrs_corr=1.000, snr=111.7 dB, corr=1.000, cqi=15 (cc=0), ta=0.0 us
2026-09-14T10:47:35.172109 [PHY0   ] [I] [ 4980] PUCCH: cc=0; rnti=0x46, f=1, n_pucch=0, dmrs_corr=-nan, snr=-inf dB, corr=0.000, sr=no, ta=0.0 us
2026-09-14T10:47:35.194626 [PHY0   ] [I] [ 5000] PUCCH: cc=0; rnti=0x46, f=1, n_pucch=0, dmrs_corr=-nan, snr=-inf dB, corr=0.000, sr=no, ta=0.0 us
2026-09-14T10:47:35.195915 [PHY1   ] [I] [ 5001] PUCCH: cc=0; rnti=0x46, f=2, n_pucch=0, dmrs_corr=1.000, snr=111.7 dB, corr=1.000, cqi=15 (cc=0), ta=0.0 us
2026-09-14T10:47:35.217112 [PHY0   ] [I] [ 5020] PUCCH: cc=0; rnti=0x46, f=1, n_pucch=0, dmrs_corr=-nan, snr=-inf dB, corr=0.000, sr=no, ta=0.0 us
2026-09-14T10:47:35.239935 [PHY0   ] [I] [ 5040] PUCCH: cc=0; rnti=0x46, f=1, n_pucch=0, dmrs_corr=-nan, snr=-inf dB, corr=0.000, sr=no, ta=0.0 us
2026-09-14T10:47:35.241254 [PHY1   ] [I] [ 5041] PUCCH: cc=0; rnti=0x46, f=2, n_pucch=0, dmrs_corr=1.000, snr=111.7 dB, corr=1.000, cqi=15 (cc=0), ta=0.0 us
2026-09-14T10:47:35.262397 [PHY0   ] [I] [ 5060] PUCCH: cc=0; rnti=0x46, f=1, n_pucch=0, dmrs_corr=-nan, snr=-inf dB, corr=0.000, sr=no, ta=0.0 us
2026-09-14T10:47:35.284908 [PHY0   ] [I] [ 5080] PUCCH: cc=0; rnti=0x46, f=1, n_pucch=0, dmrs_corr=-nan, snr=-inf dB, corr=0.000, sr=no, ta=0.0 us
2026-09-14T10:47:35.286049 [PHY1   ] [I] [ 5081] PUCCH: cc=0; rnti=0x46, f=2, n_pucch=0, dmrs_corr=1.000, snr=111.7 dB, corr=1.000, cqi=15 (cc=0), ta=0.0 us
2026-09-14T10:47:35.307479 [PHY0   ] [I] [ 5100] PUCCH: cc=0; rnti=0x46, f=1, n_pucch=0, dmrs_corr=-nan, snr=-inf dB, corr=0.000, sr=no, ta=0.0 us
2026-09-14T10:47:35.330288 [PHY0   ] [I] [ 5120] PUCCH: cc=0; rnti=0x46, f=1, n_pucch=0, dmrs_corr=-nan, snr=-inf dB, corr=0.000, sr=no, ta=0.0 us
2026-09-14T10:47:35.331468 [PHY1   ] [I] [ 5121] PUCCH: cc=0; rnti=0x46, f=2, n_pucch=0, dmrs_corr=1.000, snr=111.7 dB, corr=1.000, cqi=15 (cc=0), ta=0.0 us
2026-09-14T10:47:35.352947 [PHY0   ] [I] [ 5140] PUCCH: cc=0; rnti=0x46, f=1, n_pucch=0, dmrs_corr=-nan, snr=-inf dB, corr=0.000, sr=no, ta=0.0 us
2026-09-14T10:47:35.375617 [PHY0   ] [I] [ 5160] PUCCH: cc=0; rnti=0x46, f=1, n_pucch=0, dmrs_corr=-nan, snr=-inf dB, corr=0.000, sr=no, ta=0.0 us
2026-09-14T10:47:35.376788 [PHY1   ] [I] [ 5161] PUCCH: cc=0; rnti=0x46, f=2, n_pucch=0, dmrs_corr=1.000, snr=111.7 dB, corr=1.000, cqi=15 (cc=0), ta=0.0 us
2026-09-14T10:47:35.398088 [PHY0   ] [I] [ 5180] PUCCH: cc=0; rnti=0x46, f=1, n_pucch=0, dmrs_corr=-nan, snr=-inf dB, corr=0.000, sr=no, ta=0.0 us
2026-09-14T10:47:35.420521 [PHY0   ] [I] [ 5200] PUCCH: cc=0; rnti=0x46, f=1, n_pucch=0, dmrs_corr=-nan, snr=-inf dB, corr=0.000, sr=no, ta=0.0 us
2026-09-14T10:47:35.421869 [PHY1   ] [I] [ 5201] PUCCH: cc=0; rnti=0x46, f=2, n_pucch=0, dmrs_corr=1.000, snr=111.7 dB, corr=1.000, cqi=15 (cc=0), ta=0.0 us
2026-09-14T10:47:35.443048 [PHY0   ] [I] [ 5220] PUCCH: cc=0; rnti=0x46, f=1, n_pucch=0, dmrs_corr=-nan, snr=-inf dB, corr=0.000, sr=no, ta=0.0 us
2026-09-14T10:47:35.465131 [PHY0   ] [I] [ 5240] PUCCH: cc=0; rnti=0x46, f=1, n_pucch=0, dmrs_corr=-nan, snr=-inf dB, corr=0.000, sr=no, ta=0.0 us
2026-09-14T10:47:35.466316 [PHY1   ] [I] [ 5241] PUCCH: cc=0; rnti=0x46, f=2, n_pucch=0, dmrs_corr=1.000, snr=111.7 dB, corr=1.000, cqi=15 (cc=0), ta=0.0 us
2026-09-14T10:47:35.487731 [PHY0   ] [I] [ 5260] PUCCH: cc=0; rnti=0x46, f=1, n_pucch=0, dmrs_corr=-nan, snr=-inf dB, corr=0.000, sr=no, ta=0.0 us
2026-09-14T10:47:35.510264 [PHY0   ] [I] [ 5280] PUCCH: cc=0; rnti=0x46, f=1, n_pucch=0, dmrs_corr=-nan, snr=-inf dB, corr=0.000, sr=no, ta=0.0 us
2026-09-14T10:47:35.511500 [PHY1   ] [I] [ 5281] PUCCH: cc=0; rnti=0x46, f=2, n_pucch=0, dmrs_corr=1.000, snr=111.7 dB, corr=1.000, cqi=15 (cc=0), ta=0.0 us
2026-09-14T10:47:35.532719 [PHY0   ] [I] [ 5300] PUCCH: cc=0; rnti=0x46, f=1, n_pucch=0, dmrs_corr=-nan, snr=-inf dB, corr=0.000, sr=no, ta=0.0 us
2026-09-14T10:47:35.555336 [PHY0   ] [I] [ 5320] PUCCH: cc=0; rnti=0x46, f=1, n_pucch=0, dmrs_corr=-nan, snr=-inf dB, corr=0.000, sr=no, ta=0.0 us
2026-09-14T10:47:35.556568 [PHY1   ] [I] [ 5321] PUCCH: cc=0; rnti=0x46, f=2, n_pucch=0, dmrs_corr=1.000, snr=111.7 dB, corr=1.000, cqi=15 (cc=0), ta=0.0 us
2026-09-14T10:47:35.578065 [PHY0   ] [I] [ 5340] PUCCH: cc=0; rnti=0x46, f=1, n_pucch=0, dmrs_corr=-nan, snr=-inf dB, corr=0.000, sr=no, ta=0.0 us
2026-09-14T10:47:35.600748 [PHY0   ] [I] [ 5360] PUCCH: cc=0; rnti=0x46, f=1, n_pucch=0, dmrs_corr=-nan, snr=-inf dB, corr=0.000, sr=no, ta=0.0 us
2026-09-14T10:47:35.602047 [PHY1   ] [I] [ 5361] PUCCH: cc=0; rnti=0x46, f=2, n_pucch=0, dmrs_corr=1.000, snr=111.7 dB, corr=1.000, cqi=15 (cc=0), ta=0.0 us
2026-09-14T10:47:35.623285 [PHY0   ] [I] [ 5380] PUCCH: cc=0; rnti=0x46, f=1, n_pucch=0, dmrs_corr=-nan, snr=-inf dB, corr=0.000, sr=no, ta=0.0 us
2026-09-14T10:47:35.645828 [PHY0   ] [I] [ 5400] PUCCH: cc=0; rnti=0x46, f=1, n_pucch=0, dmrs_corr=-nan, snr=-inf dB, corr=0.000, sr=no, ta=0.0 us
2026-09-14T10:47:35.646941 [PHY1   ] [I] [ 5401] PUCCH: cc=0; rnti=0x46, f=2, n_pucch=0, dmrs_corr=1.000, snr=111.7 dB, corr=1.000, cqi=15 (cc=0), ta=0.0 us
2026-09-14T10:47:35.668280 [PHY0   ] [I] [ 5420] PUCCH: cc=0; rnti=0x46, f=1, n_pucch=0, dmrs_corr=-nan, snr=-inf dB, corr=0.000, sr=no, ta=0.0 us
2026-09-14T10:47:35.691004 [PHY0   ] [I] [ 5440] PUCCH: cc=0; rnti=0x46, f=1, n_pucch=0, dmrs_corr=-nan, snr=-inf dB, corr=0.000, sr=no, ta=0.0 us
2026-09-14T10:47:35.692271 [PHY1   ] [I] [ 5441] PUCCH: cc=0; rnti=0x46, f=2, n_pucch=0, dmrs_corr=1.000, snr=111.7 dB, corr=1.000, cqi=15 (cc=0), ta=0.0 us
2026-09-14T10:47:35.713894 [PHY0   ] [I] [ 5460] PUCCH: cc=0; rnti=0x46, f=1, n_pucch=0, dmrs_corr=-nan, snr=-inf dB, corr=0.000, sr=no, ta=0.0 us
2026-09-14T10:47:35.736917 [PHY0   ] [I] [ 5480] PUCCH: cc=0; rnti=0x46, f=1, n_pucch=0, dmrs_corr=-nan, snr=-inf dB, corr=0.000, sr=no, ta=0.0 us
2026-09-14T10:47:35.738253 [PHY1   ] [I] [ 5481] PUCCH: cc=0; rnti=0x46, f=2, n_pucch=0, dmrs_corr=1.000, snr=111.7 dB, corr=1.000, cqi=15 (cc=0), ta=0.0 us
2026-09-14T10:47:35.759658 [PHY0   ] [I] [ 5500] PUCCH: cc=0; rnti=0x46, f=1, n_pucch=0, dmrs_corr=-nan, snr=-inf dB, corr=0.000, sr=no, ta=0.0 us
2026-09-14T10:47:35.782283 [PHY0   ] [I] [ 5520] PUCCH: cc=0; rnti=0x46, f=1, n_pucch=0, dmrs_corr=-nan, snr=-inf dB, corr=0.000, sr=no, ta=0.0 us
2026-09-14T10:47:35.783562 [PHY1   ] [I] [ 5521] PUCCH: cc=0; rnti=0x46, f=2, n_pucch=0, dmrs_corr=1.000, snr=111.7 dB, corr=1.000, cqi=15 (cc=0), ta=0.0 us
2026-09-14T10:47:35.805016 [PHY0   ] [I] [ 5540] PUCCH: cc=0; rnti=0x46, f=1, n_pucch=0, dmrs_corr=-nan, snr=-inf dB, corr=0.000, sr=no, ta=0.0 us
2026-09-14T10:47:35.827331 [PHY0   ] [I] [ 5560] PUCCH: cc=0; rnti=0x46, f=1, n_pucch=0, dmrs_corr=-nan, snr=-inf dB, corr=0.000, sr=no, ta=0.0 us
2026-09-14T10:47:35.828583 [PHY1   ] [I] [ 5561] PUCCH: cc=0; rnti=0x46, f=2, n_pucch=0, dmrs_corr=1.000, snr=111.7 dB, corr=1.000, cqi=15 (cc=0), ta=0.0 us
2026-09-14T10:47:35.850040 [PHY0   ] [I] [ 5580] PUCCH: cc=0; rnti=0x46, f=1, n_pucch=0, dmrs_corr=-nan, snr=-inf dB, corr=0.000, sr=no, ta=0.0 us
2026-09-14T10:47:35.872760 [PHY0   ] [I] [ 5600] PUCCH: cc=0; rnti=0x46, f=1, n_pucch=0, dmrs_corr=-nan, snr=-inf dB, corr=0.000, sr=no, ta=0.0 us
2026-09-14T10:47:35.874104 [PHY1   ] [I] [ 5601] PUCCH: cc=0; rnti=0x46, f=2, n_pucch=0, dmrs_corr=1.000, snr=111.7 dB, corr=1.000, cqi=15 (cc=0), ta=0.0 us
2026-09-14T10:47:35.895432 [PHY0   ] [I] [ 5620] PUCCH: cc=0; rnti=0x46, f=1, n_pucch=0, dmrs_corr=-nan, snr=-inf dB, corr=0.000, sr=no, ta=0.0 us
2026-09-14T10:47:35.917888 [PHY0   ] [I] [ 5640] PUCCH: cc=0; rnti=0x46, f=1, n_pucch=0, dmrs_corr=-nan, snr=-inf dB, corr=0.000, sr=no, ta=0.0 us
2026-09-14T10:47:35.919170 [PHY1   ] [I] [ 5641] PUCCH: cc=0; rnti=0x46, f=2, n_pucch=0, dmrs_corr=1.000, snr=111.7 dB, corr=1.000, cqi=15 (cc=0), ta=0.0 us
2026-09-14T10:47:35.940411 [PHY0   ] [I] [ 5660] PUCCH: cc=0; rnti=0x46, f=1, n_pucch=0, dmrs_corr=-nan, snr=-inf dB, corr=0.000, sr=no, ta=0.0 us
2026-09-14T10:47:35.963036 [PHY0   ] [I] [ 5680] PUCCH: cc=0; rnti=0x46, f=1, n_pucch=0, dmrs_corr=-nan, snr=-inf dB, corr=0.000, sr=no, ta=0.0 us
2026-09-14T10:47:35.964263 [PHY1   ] [I] [ 5681] PUCCH: cc=0; rnti=0x46, f=2, n_pucch=0, dmrs_corr=1.000, snr=111.7 dB, corr=1.000, cqi=15 (cc=0), ta=0.0 us
2026-09-14T10:47:35.985616 [PHY0   ] [I] [ 5700] PUCCH: cc=0; rnti=0x46, f=1, n_pucch=0, dmrs_corr=-nan, snr=-inf dB, corr=0.000, sr=no, ta=0.0 us
2026-09-14T10:47:36.008252 [PHY0   ] [I] [ 5720] PUCCH: cc=0; rnti=0x46, f=1, n_pucch=0, dmrs_corr=-nan, snr=-inf dB, corr=0.000, sr=no, ta=0.0 us
2026-09-14T10:47:36.009496 [PHY1   ] [I] [ 5721] PUCCH: cc=0; rnti=0x46, f=2, n_pucch=0, dmrs_corr=1.000, snr=111.7 dB, corr=1.000, cqi=15 (cc=0), ta=0.0 us
2026-09-14T10:47:36.031016 [PHY0   ] [I] [ 5740] PUCCH: cc=0; rnti=0x46, f=1, n_pucch=0, dmrs_corr=-nan, snr=-inf dB, corr=0.000, sr=no, ta=0.0 us
2026-09-14T10:47:36.053730 [PHY0   ] [I] [ 5760] PUCCH: cc=0; rnti=0x46, f=1, n_pucch=0, dmrs_corr=-nan, snr=-inf dB, corr=0.000, sr=no, ta=0.0 us
2026-09-14T10:47:36.055044 [PHY1   ] [I] [ 5761] PUCCH: cc=0; rnti=0x46, f=2, n_pucch=0, dmrs_corr=1.000, snr=111.7 dB, corr=1.000, cqi=15 (cc=0), ta=0.0 us
2026-09-14T10:47:36.076286 [PHY0   ] [I] [ 5780] PUCCH: cc=0; rnti=0x46, f=1, n_pucch=0, dmrs_corr=-nan, snr=-inf dB, corr=0.000, sr=no, ta=0.0 us
2026-09-14T10:47:36.098950 [PHY0   ] [I] [ 5800] PUCCH: cc=0; rnti=0x46, f=1, n_pucch=0, dmrs_corr=-nan, snr=-inf dB, corr=0.000, sr=no, ta=0.0 us
2026-09-14T10:47:36.100230 [PHY1   ] [I] [ 5801] PUCCH: cc=0; rnti=0x46, f=2, n_pucch=0, dmrs_corr=1.000, snr=111.7 dB, corr=1.000, cqi=15 (cc=0), ta=0.0 us
2026-09-14T10:47:36.121499 [PHY0   ] [I] [ 5820] PUCCH: cc=0; rnti=0x46, f=1, n_pucch=0, dmrs_corr=-nan, snr=-inf dB, corr=0.000, sr=no, ta=0.0 us
2026-09-14T10:47:36.144034 [PHY0   ] [I] [ 5840] PUCCH: cc=0; rnti=0x46, f=1, n_pucch=0, dmrs_corr=-nan, snr=-inf dB, corr=0.000, sr=no, ta=0.0 us
2026-09-14T10:47:36.145238 [PHY1   ] [I] [ 5841] PUCCH: cc=0; rnti=0x46, f=2, n_pucch=0, dmrs_corr=1.000, snr=111.7 dB, corr=1.000, cqi=15 (cc=0), ta=0.0 us
2026-09-14T10:47:36.166738 [PHY0   ] [I] [ 5860] PUCCH: cc=0; rnti=0x46, f=1, n_pucch=0, dmrs_corr=-nan, snr=-inf dB, corr=0.000, sr=no, ta=0.0 us
2026-09-14T10:47:36.189048 [PHY0   ] [I] [ 5880] PUCCH: cc=0; rnti=0x46, f=1, n_pucch=0, dmrs_corr=-nan, snr=-inf dB, corr=0.000, sr=no, ta=0.0 us
2026-09-14T10:47:36.190331 [PHY1   ] [I] [ 5881] PUCCH: cc=0; rnti=0x46, f=2, n_pucch=0, dmrs_corr=1.000, snr=111.7 dB, corr=1.000, cqi=15 (cc=0), ta=0.0 us
2026-09-14T10:47:36.211629 [PHY0   ] [I] [ 5900] PUCCH: cc=0; rnti=0x46, f=1, n_pucch=0, dmrs_corr=-nan, snr=-inf dB, corr=0.000, sr=no, ta=0.0 us
2026-09-14T10:47:36.234442 [PHY0   ] [I] [ 5920] PUCCH: cc=0; rnti=0x46, f=1, n_pucch=0, dmrs_corr=-nan, snr=-inf dB, corr=0.000, sr=no, ta=0.0 us
2026-09-14T10:47:36.235706 [PHY1   ] [I] [ 5921] PUCCH: cc=0; rnti=0x46, f=2, n_pucch=0, dmrs_corr=1.000, snr=111.7 dB, corr=1.000, cqi=15 (cc=0), ta=0.0 us
2026-09-14T10:47:36.257154 [PHY0   ] [I] [ 5940] PUCCH: cc=0; rnti=0x46, f=1, n_pucch=0, dmrs_corr=-nan, snr=-inf dB, corr=0.000, sr=no, ta=0.0 us
2026-09-14T10:47:36.279858 [PHY0   ] [I] [ 5960] PUCCH: cc=0; rnti=0x46, f=1, n_pucch=0, dmrs_corr=-nan, snr=-inf dB, corr=0.000, sr=no, ta=0.0 us
2026-09-14T10:47:36.281094 [PHY1   ] [I] [ 5961] PUCCH: cc=0; rnti=0x46, f=2, n_pucch=0, dmrs_corr=1.000, snr=111.7 dB, corr=1.000, cqi=15 (cc=0), ta=0.0 us
2026-09-14T10:47:36.302666 [PHY0   ] [I] [ 5980] PUCCH: cc=0; rnti=0x46, f=1, n_pucch=0, dmrs_corr=-nan, snr=-inf dB, corr=0.000, sr=no, ta=0.0 us
2026-09-14T10:47:36.325454 [PHY0   ] [I] [ 6000] PUCCH: cc=0; rnti=0x46, f=1, n_pucch=0, dmrs_corr=-nan, snr=-inf dB, corr=0.000, sr=no, ta=0.0 us
2026-09-14T10:47:36.326761 [PHY1   ] [I] [ 6001] PUCCH: cc=0; rnti=0x46, f=2, n_pucch=0, dmrs_corr=1.000, snr=111.7 dB, corr=1.000, cqi=15 (cc=0), ta=0.0 us
2026-09-14T10:47:36.348029 [PHY0   ] [I] [ 6020] PUCCH: cc=0; rnti=0x46, f=1, n_pucch=0, dmrs_corr=-nan, snr=-inf dB, corr=0.000, sr=no, ta=0.0 us
2026-09-14T10:47:36.370514 [PHY0   ] [I] [ 6040] PUCCH: cc=0; rnti=0x46, f=1, n_pucch=0, dmrs_corr=-nan, snr=-inf dB, corr=0.000, sr=no, ta=0.0 us
2026-09-14T10:47:36.371853 [PHY1   ] [I] [ 6041] PUCCH: cc=0; rnti=0x46, f=2, n_pucch=0, dmrs_corr=1.000, snr=111.7 dB, corr=1.000, cqi=15 (cc=0), ta=0.0 us
2026-09-14T10:47:36.393105 [PHY0   ] [I] [ 6060] PUCCH: cc=0; rnti=0x46, f=1, n_pucch=0, dmrs_corr=-nan, snr=-inf dB, corr=0.000, sr=no, ta=0.0 us
2026-09-14T10:47:36.415786 [PHY0   ] [I] [ 6080] PUCCH: cc=0; rnti=0x46, f=1, n_pucch=0, dmrs_corr=-nan, snr=-inf dB, corr=0.000, sr=no, ta=0.0 us
2026-09-14T10:47:36.417016 [PHY1   ] [I] [ 6081] PUCCH: cc=0; rnti=0x46, f=2, n_pucch=0, dmrs_corr=1.000, snr=111.7 dB, corr=1.000, cqi=15 (cc=0), ta=0.0 us
2026-09-14T10:47:36.438414 [PHY0   ] [I] [ 6100] PUCCH: cc=0; rnti=0x46, f=1, n_pucch=0, dmrs_corr=-nan, snr=-inf dB, corr=0.000, sr=no, ta=0.0 us
2026-09-14T10:47:36.460997 [PHY0   ] [I] [ 6120] PUCCH: cc=0; rnti=0x46, f=1, n_pucch=0, dmrs_corr=-nan, snr=-inf dB, corr=0.000, sr=no, ta=0.0 us
2026-09-14T10:47:36.462282 [PHY1   ] [I] [ 6121] PUCCH: cc=0; rnti=0x46, f=2, n_pucch=0, dmrs_corr=1.000, snr=111.7 dB, corr=1.000, cqi=15 (cc=0), ta=0.0 us
2026-09-14T10:47:36.483813 [PHY0   ] [I] [ 6140] PUCCH: cc=0; rnti=0x46, f=1, n_pucch=0, dmrs_corr=-nan, snr=-inf dB, corr=0.000, sr=no, ta=0.0 us
2026-09-14T10:47:36.506457 [PHY0   ] [I] [ 6160] PUCCH: cc=0; rnti=0x46, f=1, n_pucch=0, dmrs_corr=-nan, snr=-inf dB, corr=0.000, sr=no, ta=0.0 us
2026-09-14T10:47:36.507568 [PHY1   ] [I] [ 6161] PUCCH: cc=0; rnti=0x46, f=2, n_pucch=0, dmrs_corr=1.000, snr=111.7 dB, corr=1.000, cqi=15 (cc=0), ta=0.0 us
2026-09-14T10:47:36.528900 [PHY0   ] [I] [ 6180] PUCCH: cc=0; rnti=0x46, f=1, n_pucch=0, dmrs_corr=-nan, snr=-inf dB, corr=0.000, sr=no, ta=0.0 us
2026-09-14T10:47:36.551760 [PHY0   ] [I] [ 6200] PUCCH: cc=0; rnti=0x46, f=1, n_pucch=0, dmrs_corr=-nan, snr=-inf dB, corr=0.000, sr=no, ta=0.0 us
2026-09-14T10:47:36.553067 [PHY1   ] [I] [ 6201] PUCCH: cc=0; rnti=0x46, f=2, n_pucch=0, dmrs_corr=1.000, snr=111.7 dB, corr=1.000, cqi=15 (cc=0), ta=0.0 us
2026-09-14T10:47:36.574558 [PHY0   ] [I] [ 6220] PUCCH: cc=0; rnti=0x46, f=1, n_pucch=0, dmrs_corr=-nan, snr=-inf dB, corr=0.000, sr=no, ta=0.0 us
2026-09-14T10:47:36.597336 [PHY0   ] [I] [ 6240] PUCCH: cc=0; rnti=0x46, f=1, n_pucch=0, dmrs_corr=-nan, snr=-inf dB, corr=0.000, sr=no, ta=0.0 us
2026-09-14T10:47:36.598729 [PHY1   ] [I] [ 6241] PUCCH: cc=0; rnti=0x46, f=2, n_pucch=0, dmrs_corr=1.000, snr=111.7 dB, corr=1.000, cqi=15 (cc=0), ta=0.0 us
2026-09-14T10:47:36.620181 [PHY0   ] [I] [ 6260] PUCCH: cc=0; rnti=0x46, f=1, n_pucch=0, dmrs_corr=-nan, snr=-inf dB, corr=0.000, sr=no, ta=0.0 us
2026-09-14T10:47:36.642490 [PHY0   ] [I] [ 6280] PUCCH: cc=0; rnti=0x46, f=1, n_pucch=0, dmrs_corr=-nan, snr=-inf dB, corr=0.000, sr=no, ta=0.0 us
2026-09-14T10:47:36.643673 [PHY1   ] [I] [ 6281] PUCCH: cc=0; rnti=0x46, f=2, n_pucch=0, dmrs_corr=1.000, snr=111.7 dB, corr=1.000, cqi=15 (cc=0), ta=0.0 us
2026-09-14T10:47:36.664851 [PHY0   ] [I] [ 6300] PUCCH: cc=0; rnti=0x46, f=1, n_pucch=0, dmrs_corr=-nan, snr=-inf dB, corr=0.000, sr=no, ta=0.0 us
2026-09-14T10:47:36.687740 [PHY0   ] [I] [ 6320] PUCCH: cc=0; rnti=0x46, f=1, n_pucch=0, dmrs_corr=-nan, snr=-inf dB, corr=0.000, sr=no, ta=0.0 us
2026-09-14T10:47:36.688983 [PHY1   ] [I] [ 6321] PUCCH: cc=0; rnti=0x46, f=2, n_pucch=0, dmrs_corr=1.000, snr=111.7 dB, corr=1.000, cqi=15 (cc=0), ta=0.0 us
2026-09-14T10:47:36.710580 [PHY0   ] [I] [ 6340] PUCCH: cc=0; rnti=0x46, f=1, n_pucch=0, dmrs_corr=-nan, snr=-inf dB, corr=0.000, sr=no, ta=0.0 us
2026-09-14T10:47:36.733406 [PHY0   ] [I] [ 6360] PUCCH: cc=0; rnti=0x46, f=1, n_pucch=0, dmrs_corr=-nan, snr=-inf dB, corr=0.000, sr=no, ta=0.0 us
2026-09-14T10:47:36.734742 [PHY1   ] [I] [ 6361] PUCCH: cc=0; rnti=0x46, f=2, n_pucch=0, dmrs_corr=1.000, snr=111.7 dB, corr=1.000, cqi=15 (cc=0), ta=0.0 us
2026-09-14T10:47:36.756198 [PHY0   ] [I] [ 6380] PUCCH: cc=0; rnti=0x46, f=1, n_pucch=0, dmrs_corr=-nan, snr=-inf dB, corr=0.000, sr=no, ta=0.0 us
2026-09-14T10:47:36.778844 [PHY0   ] [I] [ 6400] PUCCH: cc=0; rnti=0x46, f=1, n_pucch=0, dmrs_corr=-nan, snr=-inf dB, corr=0.000, sr=no, ta=0.0 us
2026-09-14T10:47:36.780081 [PHY1   ] [I] [ 6401] PUCCH: cc=0; rnti=0x46, f=2, n_pucch=0, dmrs_corr=1.000, snr=111.7 dB, corr=1.000, cqi=15 (cc=0), ta=0.0 us
2026-09-14T10:47:36.801825 [PHY0   ] [I] [ 6420] PUCCH: cc=0; rnti=0x46, f=1, n_pucch=0, dmrs_corr=-nan, snr=-inf dB, corr=0.000, sr=no, ta=0.0 us
2026-09-14T10:47:36.824453 [PHY0   ] [I] [ 6440] PUCCH: cc=0; rnti=0x46, f=1, n_pucch=0, dmrs_corr=-nan, snr=-inf dB, corr=0.000, sr=no, ta=0.0 us
2026-09-14T10:47:36.825747 [PHY1   ] [I] [ 6441] PUCCH: cc=0; rnti=0x46, f=2, n_pucch=0, dmrs_corr=1.000, snr=111.7 dB, corr=1.000, cqi=15 (cc=0), ta=0.0 us
2026-09-14T10:47:36.847098 [PHY0   ] [I] [ 6460] PUCCH: cc=0; rnti=0x46, f=1, n_pucch=0, dmrs_corr=-nan, snr=-inf dB, corr=0.000, sr=no, ta=0.0 us
2026-09-14T10:47:36.869618 [PHY0   ] [I] [ 6480] PUCCH: cc=0; rnti=0x46, f=1, n_pucch=0, dmrs_corr=-nan, snr=-inf dB, corr=0.000, sr=no, ta=0.0 us
2026-09-14T10:47:36.870883 [PHY1   ] [I] [ 6481] PUCCH: cc=0; rnti=0x46, f=2, n_pucch=0, dmrs_corr=1.000, snr=111.7 dB, corr=1.000, cqi=15 (cc=0), ta=0.0 us
2026-09-14T10:47:36.892095 [PHY0   ] [I] [ 6500] PUCCH: cc=0; rnti=0x46, f=1, n_pucch=0, dmrs_corr=-nan, snr=-inf dB, corr=0.000, sr=no, ta=0.0 us
2026-09-14T10:47:36.914591 [PHY0   ] [I] [ 6520] PUCCH: cc=0; rnti=0x46, f=1, n_pucch=0, dmrs_corr=-nan, snr=-inf dB, corr=0.000, sr=no, ta=0.0 us
2026-09-14T10:47:36.915949 [PHY1   ] [I] [ 6521] PUCCH: cc=0; rnti=0x46, f=2, n_pucch=0, dmrs_corr=1.000, snr=111.7 dB, corr=1.000, cqi=15 (cc=0), ta=0.0 us
2026-09-14T10:47:36.937124 [PHY0   ] [I] [ 6540] PUCCH: cc=0; rnti=0x46, f=1, n_pucch=0, dmrs_corr=-nan, snr=-inf dB, corr=0.000, sr=no, ta=0.0 us
2026-09-14T10:47:36.959687 [PHY0   ] [I] [ 6560] PUCCH: cc=0; rnti=0x46, f=1, n_pucch=0, dmrs_corr=-nan, snr=-inf dB, corr=0.000, sr=no, ta=0.0 us
2026-09-14T10:47:36.960988 [PHY1   ] [I] [ 6561] PUCCH: cc=0; rnti=0x46, f=2, n_pucch=0, dmrs_corr=1.000, snr=111.7 dB, corr=1.000, cqi=15 (cc=0), ta=0.0 us
2026-09-14T10:47:36.982376 [PHY0   ] [I] [ 6580] PUCCH: cc=0; rnti=0x46, f=1, n_pucch=0, dmrs_corr=-nan, snr=-inf dB, corr=0.000, sr=no, ta=0.0 us
2026-09-14T10:47:37.004909 [PHY0   ] [I] [ 6600] PUCCH: cc=0; rnti=0x46, f=1, n_pucch=0, dmrs_corr=-nan, snr=-inf dB, corr=0.000, sr=no, ta=0.0 us
2026-09-14T10:47:37.006083 [PHY1   ] [I] [ 6601] PUCCH: cc=0; rnti=0x46, f=2, n_pucch=0, dmrs_corr=1.000, snr=111.7 dB, corr=1.000, cqi=15 (cc=0), ta=0.0 us
2026-09-14T10:47:37.027173 [PHY0   ] [I] [ 6620] PUCCH: cc=0; rnti=0x46, f=1, n_pucch=0, dmrs_corr=-nan, snr=-inf dB, corr=0.000, sr=no, ta=0.0 us
2026-09-14T10:47:37.049735 [PHY0   ] [I] [ 6640] PUCCH: cc=0; rnti=0x46, f=1, n_pucch=0, dmrs_corr=-nan, snr=-inf dB, corr=0.000, sr=no, ta=0.0 us
2026-09-14T10:47:37.051016 [PHY1   ] [I] [ 6641] PUCCH: cc=0; rnti=0x46, f=2, n_pucch=0, dmrs_corr=1.000, snr=111.7 dB, corr=1.000, cqi=15 (cc=0), ta=0.0 us
2026-09-14T10:47:37.072374 [PHY0   ] [I] [ 6660] PUCCH: cc=0; rnti=0x46, f=1, n_pucch=0, dmrs_corr=-nan, snr=-inf dB, corr=0.000, sr=no, ta=0.0 us
2026-09-14T10:47:37.094995 [PHY0   ] [I] [ 6680] PUCCH: cc=0; rnti=0x46, f=1, n_pucch=0, dmrs_corr=-nan, snr=-inf dB, corr=0.000, sr=no, ta=0.0 us
2026-09-14T10:47:37.096229 [PHY1   ] [I] [ 6681] PUCCH: cc=0; rnti=0x46, f=2, n_pucch=0, dmrs_corr=1.000, snr=111.7 dB, corr=1.000, cqi=15 (cc=0), ta=0.0 us
2026-09-14T10:47:37.117585 [PHY0   ] [I] [ 6700] PUCCH: cc=0; rnti=0x46, f=1, n_pucch=0, dmrs_corr=-nan, snr=-inf dB, corr=0.000, sr=no, ta=0.0 us
2026-09-14T10:47:37.140394 [PHY0   ] [I] [ 6720] PUCCH: cc=0; rnti=0x46, f=1, n_pucch=0, dmrs_corr=-nan, snr=-inf dB, corr=0.000, sr=no, ta=0.0 us
2026-09-14T10:47:37.141660 [PHY1   ] [I] [ 6721] PUCCH: cc=0; rnti=0x46, f=2, n_pucch=0, dmrs_corr=1.000, snr=111.7 dB, corr=1.000, cqi=15 (cc=0), ta=0.0 us
2026-09-14T10:47:37.163078 [PHY0   ] [I] [ 6740] PUCCH: cc=0; rnti=0x46, f=1, n_pucch=0, dmrs_corr=-nan, snr=-inf dB, corr=0.000, sr=no, ta=0.0 us
2026-09-14T10:47:37.185821 [PHY0   ] [I] [ 6760] PUCCH: cc=0; rnti=0x46, f=1, n_pucch=0, dmrs_corr=-nan, snr=-inf dB, corr=0.000, sr=no, ta=0.0 us
2026-09-14T10:47:37.187126 [PHY1   ] [I] [ 6761] PUCCH: cc=0; rnti=0x46, f=2, n_pucch=0, dmrs_corr=1.000, snr=111.7 dB, corr=1.000, cqi=15 (cc=0), ta=0.0 us
2026-09-14T10:47:37.208557 [PHY0   ] [I] [ 6780] PUCCH: cc=0; rnti=0x46, f=1, n_pucch=0, dmrs_corr=-nan, snr=-inf dB, corr=0.000, sr=no, ta=0.0 us
2026-09-14T10:47:37.231091 [PHY0   ] [I] [ 6800] PUCCH: cc=0; rnti=0x46, f=1, n_pucch=0, dmrs_corr=-nan, snr=-inf dB, corr=0.000, sr=no, ta=0.0 us
2026-09-14T10:47:37.232332 [PHY1   ] [I] [ 6801] PUCCH: cc=0; rnti=0x46, f=2, n_pucch=0, dmrs_corr=1.000, snr=111.7 dB, corr=1.000, cqi=15 (cc=0), ta=0.0 us
2026-09-14T10:47:37.253586 [PHY0   ] [I] [ 6820] PUCCH: cc=0; rnti=0x46, f=1, n_pucch=0, dmrs_corr=-nan, snr=-inf dB, corr=0.000, sr=no, ta=0.0 us
2026-09-14T10:47:37.276341 [PHY0   ] [I] [ 6840] PUCCH: cc=0; rnti=0x46, f=1, n_pucch=0, dmrs_corr=-nan, snr=-inf dB, corr=0.000, sr=no, ta=0.0 us
2026-09-14T10:47:37.277598 [PHY1   ] [I] [ 6841] PUCCH: cc=0; rnti=0x46, f=2, n_pucch=0, dmrs_corr=1.000, snr=111.7 dB, corr=1.000, cqi=15 (cc=0), ta=0.0 us
2026-09-14T10:47:37.298992 [PHY0   ] [I] [ 6860] PUCCH: cc=0; rnti=0x46, f=1, n_pucch=0, dmrs_corr=-nan, snr=-inf dB, corr=0.000, sr=no, ta=0.0 us
2026-09-14T10:47:37.322000 [PHY0   ] [I] [ 6880] PUCCH: cc=0; rnti=0x46, f=1, n_pucch=0, dmrs_corr=-nan, snr=-inf dB, corr=0.000, sr=no, ta=0.0 us
2026-09-14T10:47:37.323351 [PHY1   ] [I] [ 6881] PUCCH: cc=0; rnti=0x46, f=2, n_pucch=0, dmrs_corr=1.000, snr=111.7 dB, corr=1.000, cqi=15 (cc=0), ta=0.0 us
2026-09-14T10:47:37.344470 [PHY0   ] [I] [ 6900] PUCCH: cc=0; rnti=0x46, f=1, n_pucch=0, dmrs_corr=-nan, snr=-inf dB, corr=0.000, sr=no, ta=0.0 us
2026-09-14T10:47:37.367022 [PHY0   ] [I] [ 6920] PUCCH: cc=0; rnti=0x46, f=1, n_pucch=0, dmrs_corr=-nan, snr=-inf dB, corr=0.000, sr=no, ta=0.0 us
2026-09-14T10:47:37.368251 [PHY1   ] [I] [ 6921] PUCCH: cc=0; rnti=0x46, f=2, n_pucch=0, dmrs_corr=1.000, snr=111.7 dB, corr=1.000, cqi=15 (cc=0), ta=0.0 us
2026-09-14T10:47:37.389945 [PHY0   ] [I] [ 6940] PUCCH: cc=0; rnti=0x46, f=1, n_pucch=0, dmrs_corr=-nan, snr=-inf dB, corr=0.000, sr=no, ta=0.0 us
2026-09-14T10:47:37.412530 [PHY0   ] [I] [ 6960] PUCCH: cc=0; rnti=0x46, f=1, n_pucch=0, dmrs_corr=-nan, snr=-inf dB, corr=0.000, sr=no, ta=0.0 us
2026-09-14T10:47:37.413815 [PHY1   ] [I] [ 6961] PUCCH: cc=0; rnti=0x46, f=2, n_pucch=0, dmrs_corr=1.000, snr=111.7 dB, corr=1.000, cqi=15 (cc=0), ta=0.0 us
2026-09-14T10:47:37.435382 [PHY0   ] [I] [ 6980] PUCCH: cc=0; rnti=0x46, f=1, n_pucch=0, dmrs_corr=-nan, snr=-inf dB, corr=0.000, sr=no, ta=0.0 us
2026-09-14T10:47:37.458220 [PHY0   ] [I] [ 7000] PUCCH: cc=0; rnti=0x46, f=1, n_pucch=0, dmrs_corr=-nan, snr=-inf dB, corr=0.000, sr=no, ta=0.0 us
2026-09-14T10:47:37.459463 [PHY1   ] [I] [ 7001] PUCCH: cc=0; rnti=0x46, f=2, n_pucch=0, dmrs_corr=1.000, snr=111.7 dB, corr=1.000, cqi=15 (cc=0), ta=0.0 us
2026-09-14T10:47:37.480835 [PHY0   ] [I] [ 7020] PUCCH: cc=0; rnti=0x46, f=1, n_pucch=0, dmrs_corr=-nan, snr=-inf dB, corr=0.000, sr=no, ta=0.0 us
2026-09-14T10:47:37.503329 [PHY0   ] [I] [ 7040] PUCCH: cc=0; rnti=0x46, f=1, n_pucch=0, dmrs_corr=-nan, snr=-inf dB, corr=0.000, sr=no, ta=0.0 us
2026-09-14T10:47:37.504405 [PHY1   ] [I] [ 7041] PUCCH: cc=0; rnti=0x46, f=2, n_pucch=0, dmrs_corr=1.000, snr=111.7 dB, corr=1.000, cqi=15 (cc=0), ta=0.0 us
2026-09-14T10:47:37.525899 [PHY0   ] [I] [ 7060] PUCCH: cc=0; rnti=0x46, f=1, n_pucch=0, dmrs_corr=-nan, snr=-inf dB, corr=0.000, sr=no, ta=0.0 us
2026-09-14T10:47:37.549057 [PHY0   ] [I] [ 7080] PUCCH: cc=0; rnti=0x46, f=1, n_pucch=0, dmrs_corr=-nan, snr=-inf dB, corr=0.000, sr=no, ta=0.0 us
2026-09-14T10:47:37.550431 [PHY1   ] [I] [ 7081] PUCCH: cc=0; rnti=0x46, f=2, n_pucch=0, dmrs_corr=1.000, snr=111.7 dB, corr=1.000, cqi=15 (cc=0), ta=0.0 us
2026-09-14T10:47:37.572225 [PHY0   ] [I] [ 7100] PUCCH: cc=0; rnti=0x46, f=1, n_pucch=0, dmrs_corr=-nan, snr=-inf dB, corr=0.000, sr=no, ta=0.0 us
2026-09-14T10:47:37.595488 [PHY0   ] [I] [ 7120] PUCCH: cc=0; rnti=0x46, f=1, n_pucch=0, dmrs_corr=-nan, snr=-inf dB, corr=0.000, sr=no, ta=0.0 us
2026-09-14T10:47:37.596741 [PHY1   ] [I] [ 7121] PUCCH: cc=0; rnti=0x46, f=2, n_pucch=0, dmrs_corr=1.000, snr=111.7 dB, corr=1.000, cqi=15 (cc=0), ta=0.0 us
2026-09-14T10:47:37.618229 [PHY0   ] [I] [ 7140] PUCCH: cc=0; rnti=0x46, f=1, n_pucch=0, dmrs_corr=-nan, snr=-inf dB, corr=0.000, sr=no, ta=0.0 us
2026-09-14T10:47:37.640889 [PHY0   ] [I] [ 7160] PUCCH: cc=0; rnti=0x46, f=1, n_pucch=0, dmrs_corr=-nan, snr=-inf dB, corr=0.000, sr=no, ta=0.0 us
2026-09-14T10:47:37.642370 [PHY1   ] [I] [ 7161] PUCCH: cc=0; rnti=0x46, f=2, n_pucch=0, dmrs_corr=1.000, snr=111.7 dB, corr=1.000, cqi=15 (cc=0), ta=0.0 us
2026-09-14T10:47:37.663587 [PHY0   ] [I] [ 7180] PUCCH: cc=0; rnti=0x46, f=1, n_pucch=0, dmrs_corr=-nan, snr=-inf dB, corr=0.000, sr=no, ta=0.0 us
2026-09-14T10:47:37.686579 [PHY0   ] [I] [ 7200] PUCCH: cc=0; rnti=0x46, f=1, n_pucch=0, dmrs_corr=-nan, snr=-inf dB, corr=0.000, sr=no, ta=0.0 us
2026-09-14T10:47:37.687840 [PHY1   ] [I] [ 7201] PUCCH: cc=0; rnti=0x46, f=2, n_pucch=0, dmrs_corr=1.000, snr=111.7 dB, corr=1.000, cqi=15 (cc=0), ta=0.0 us
2026-09-14T10:47:37.709750 [PHY0   ] [I] [ 7220] PUCCH: cc=0; rnti=0x46, f=1, n_pucch=0, dmrs_corr=-nan, snr=-inf dB, corr=0.000, sr=no, ta=0.0 us
2026-09-14T10:47:37.732377 [PHY0   ] [I] [ 7240] PUCCH: cc=0; rnti=0x46, f=1, n_pucch=0, dmrs_corr=-nan, snr=-inf dB, corr=0.000, sr=no, ta=0.0 us
2026-09-14T10:47:37.733682 [PHY1   ] [I] [ 7241] PUCCH: cc=0; rnti=0x46, f=2, n_pucch=0, dmrs_corr=1.000, snr=111.7 dB, corr=1.000, cqi=15 (cc=0), ta=0.0 us
2026-09-14T10:47:37.755028 [PHY0   ] [I] [ 7260] PUCCH: cc=0; rnti=0x46, f=1, n_pucch=0, dmrs_corr=-nan, snr=-inf dB, corr=0.000, sr=no, ta=0.0 us
2026-09-14T10:47:37.777659 [PHY0   ] [I] [ 7280] PUCCH: cc=0; rnti=0x46, f=1, n_pucch=0, dmrs_corr=-nan, snr=-inf dB, corr=0.000, sr=no, ta=0.0 us
2026-09-14T10:47:37.778925 [PHY1   ] [I] [ 7281] PUCCH: cc=0; rnti=0x46, f=2, n_pucch=0, dmrs_corr=1.000, snr=111.7 dB, corr=1.000, cqi=15 (cc=0), ta=0.0 us
2026-09-14T10:47:37.800554 [PHY0   ] [I] [ 7300] PUCCH: cc=0; rnti=0x46, f=1, n_pucch=0, dmrs_corr=-nan, snr=-inf dB, corr=0.000, sr=no, ta=0.0 us
2026-09-14T10:47:37.822969 [PHY0   ] [I] [ 7320] PUCCH: cc=0; rnti=0x46, f=1, n_pucch=0, dmrs_corr=-nan, snr=-inf dB, corr=0.000, sr=no, ta=0.0 us
2026-09-14T10:47:37.824191 [PHY1   ] [I] [ 7321] PUCCH: cc=0; rnti=0x46, f=2, n_pucch=0, dmrs_corr=1.000, snr=111.7 dB, corr=1.000, cqi=15 (cc=0), ta=0.0 us
2026-09-14T10:47:37.845258 [PHY0   ] [I] [ 7340] PUCCH: cc=0; rnti=0x46, f=1, n_pucch=0, dmrs_corr=-nan, snr=-inf dB, corr=0.000, sr=no, ta=0.0 us
2026-09-14T10:47:37.867740 [PHY0   ] [I] [ 7360] PUCCH: cc=0; rnti=0x46, f=1, n_pucch=0, dmrs_corr=-nan, snr=-inf dB, corr=0.000, sr=no, ta=0.0 us
2026-09-14T10:47:37.868949 [PHY1   ] [I] [ 7361] PUCCH: cc=0; rnti=0x46, f=2, n_pucch=0, dmrs_corr=1.000, snr=111.7 dB, corr=1.000, cqi=15 (cc=0), ta=0.0 us
2026-09-14T10:47:37.890229 [PHY0   ] [I] [ 7380] PUCCH: cc=0; rnti=0x46, f=1, n_pucch=0, dmrs_corr=-nan, snr=-inf dB, corr=0.000, sr=no, ta=0.0 us
2026-09-14T10:47:37.912933 [PHY0   ] [I] [ 7400] PUCCH: cc=0; rnti=0x46, f=1, n_pucch=0, dmrs_corr=-nan, snr=-inf dB, corr=0.000, sr=no, ta=0.0 us
2026-09-14T10:47:37.914225 [PHY1   ] [I] [ 7401] PUCCH: cc=0; rnti=0x46, f=2, n_pucch=0, dmrs_corr=1.000, snr=111.7 dB, corr=1.000, cqi=15 (cc=0), ta=0.0 us
2026-09-14T10:47:37.935724 [PHY0   ] [I] [ 7420] PUCCH: cc=0; rnti=0x46, f=1, n_pucch=0, dmrs_corr=-nan, snr=-inf dB, corr=0.000, sr=no, ta=0.0 us
2026-09-14T10:47:37.958457 [PHY0   ] [I] [ 7440] PUCCH: cc=0; rnti=0x46, f=1, n_pucch=0, dmrs_corr=-nan, snr=-inf dB, corr=0.000, sr=no, ta=0.0 us
2026-09-14T10:47:37.959761 [PHY1   ] [I] [ 7441] PUCCH: cc=0; rnti=0x46, f=2, n_pucch=0, dmrs_corr=1.000, snr=111.7 dB, corr=1.000, cqi=15 (cc=0), ta=0.0 us
2026-09-14T10:47:37.981189 [PHY0   ] [I] [ 7460] PUCCH: cc=0; rnti=0x46, f=1, n_pucch=0, dmrs_corr=-nan, snr=-inf dB, corr=0.000, sr=no, ta=0.0 us
2026-09-14T10:47:38.004063 [PHY0   ] [I] [ 7480] PUCCH: cc=0; rnti=0x46, f=1, n_pucch=0, dmrs_corr=-nan, snr=-inf dB, corr=0.000, sr=no, ta=0.0 us
2026-09-14T10:47:38.005206 [PHY1   ] [I] [ 7481] PUCCH: cc=0; rnti=0x46, f=2, n_pucch=0, dmrs_corr=1.000, snr=111.7 dB, corr=1.000, cqi=15 (cc=0), ta=0.0 us
2026-09-14T10:47:38.026375 [PHY0   ] [I] [ 7500] PUCCH: cc=0; rnti=0x46, f=1, n_pucch=0, dmrs_corr=-nan, snr=-inf dB, corr=0.000, sr=no, ta=0.0 us
2026-09-14T10:47:38.048983 [PHY0   ] [I] [ 7520] PUCCH: cc=0; rnti=0x46, f=1, n_pucch=0, dmrs_corr=-nan, snr=-inf dB, corr=0.000, sr=no, ta=0.0 us
2026-09-14T10:47:38.050301 [PHY1   ] [I] [ 7521] PUCCH: cc=0; rnti=0x46, f=2, n_pucch=0, dmrs_corr=1.000, snr=111.7 dB, corr=1.000, cqi=15 (cc=0), ta=0.0 us
2026-09-14T10:47:38.071630 [PHY0   ] [I] [ 7540] PUCCH: cc=0; rnti=0x46, f=1, n_pucch=0, dmrs_corr=-nan, snr=-inf dB, corr=0.000, sr=no, ta=0.0 us
2026-09-14T10:47:38.094332 [PHY0   ] [I] [ 7560] PUCCH: cc=0; rnti=0x46, f=1, n_pucch=0, dmrs_corr=-nan, snr=-inf dB, corr=0.000, sr=no, ta=0.0 us
2026-09-14T10:47:38.095602 [PHY1   ] [I] [ 7561] PUCCH: cc=0; rnti=0x46, f=2, n_pucch=0, dmrs_corr=1.000, snr=111.7 dB, corr=1.000, cqi=15 (cc=0), ta=0.0 us
2026-09-14T10:47:38.117063 [PHY0   ] [I] [ 7580] PUCCH: cc=0; rnti=0x46, f=1, n_pucch=0, dmrs_corr=-nan, snr=-inf dB, corr=0.000, sr=no, ta=0.0 us
2026-09-14T10:47:38.139574 [PHY0   ] [I] [ 7600] PUCCH: cc=0; rnti=0x46, f=1, n_pucch=0, dmrs_corr=-nan, snr=-inf dB, corr=0.000, sr=no, ta=0.0 us
2026-09-14T10:47:38.140891 [PHY1   ] [I] [ 7601] PUCCH: cc=0; rnti=0x46, f=2, n_pucch=0, dmrs_corr=1.000, snr=111.7 dB, corr=1.000, cqi=15 (cc=0), ta=0.0 us
2026-09-14T10:47:38.161960 [PHY0   ] [I] [ 7620] PUCCH: cc=0; rnti=0x46, f=1, n_pucch=0, dmrs_corr=-nan, snr=-inf dB, corr=0.000, sr=no, ta=0.0 us
2026-09-14T10:47:38.184317 [PHY0   ] [I] [ 7640] PUCCH: cc=0; rnti=0x46, f=1, n_pucch=0, dmrs_corr=-nan, snr=-inf dB, corr=0.000, sr=no, ta=0.0 us
2026-09-14T10:47:38.185427 [PHY1   ] [I] [ 7641] PUCCH: cc=0; rnti=0x46, f=2, n_pucch=0, dmrs_corr=1.000, snr=111.7 dB, corr=1.000, cqi=15 (cc=0), ta=0.0 us
2026-09-14T10:47:38.206679 [PHY0   ] [I] [ 7660] PUCCH: cc=0; rnti=0x46, f=1, n_pucch=0, dmrs_corr=-nan, snr=-inf dB, corr=0.000, sr=no, ta=0.0 us
2026-09-14T10:47:38.229242 [PHY0   ] [I] [ 7680] PUCCH: cc=0; rnti=0x46, f=1, n_pucch=0, dmrs_corr=-nan, snr=-inf dB, corr=0.000, sr=no, ta=0.0 us
2026-09-14T10:47:38.230526 [PHY1   ] [I] [ 7681] PUCCH: cc=0; rnti=0x46, f=2, n_pucch=0, dmrs_corr=1.000, snr=111.7 dB, corr=1.000, cqi=15 (cc=0), ta=0.0 us
2026-09-14T10:47:38.251770 [PHY0   ] [I] [ 7700] PUCCH: cc=0; rnti=0x46, f=1, n_pucch=0, dmrs_corr=-nan, snr=-inf dB, corr=0.000, sr=no, ta=0.0 us
2026-09-14T10:47:38.274440 [PHY0   ] [I] [ 7720] PUCCH: cc=0; rnti=0x46, f=1, n_pucch=0, dmrs_corr=-nan, snr=-inf dB, corr=0.000, sr=no, ta=0.0 us
2026-09-14T10:47:38.275719 [PHY1   ] [I] [ 7721] PUCCH: cc=0; rnti=0x46, f=2, n_pucch=0, dmrs_corr=1.000, snr=111.7 dB, corr=1.000, cqi=15 (cc=0), ta=0.0 us
2026-09-14T10:47:38.296998 [PHY0   ] [I] [ 7740] PUCCH: cc=0; rnti=0x46, f=1, n_pucch=0, dmrs_corr=-nan, snr=-inf dB, corr=0.000, sr=no, ta=0.0 us
2026-09-14T10:47:38.319571 [PHY0   ] [I] [ 7760] PUCCH: cc=0; rnti=0x46, f=1, n_pucch=0, dmrs_corr=-nan, snr=-inf dB, corr=0.000, sr=no, ta=0.0 us
2026-09-14T10:47:38.320778 [PHY1   ] [I] [ 7761] PUCCH: cc=0; rnti=0x46, f=2, n_pucch=0, dmrs_corr=1.000, snr=111.7 dB, corr=1.000, cqi=15 (cc=0), ta=0.0 us
2026-09-14T10:47:38.342071 [PHY0   ] [I] [ 7780] PUCCH: cc=0; rnti=0x46, f=1, n_pucch=0, dmrs_corr=-nan, snr=-inf dB, corr=0.000, sr=no, ta=0.0 us
2026-09-14T10:47:38.364732 [PHY0   ] [I] [ 7800] PUCCH: cc=0; rnti=0x46, f=1, n_pucch=0, dmrs_corr=-nan, snr=-inf dB, corr=0.000, sr=no, ta=0.0 us
2026-09-14T10:47:38.365942 [PHY1   ] [I] [ 7801] PUCCH: cc=0; rnti=0x46, f=2, n_pucch=0, dmrs_corr=1.000, snr=111.7 dB, corr=1.000, cqi=15 (cc=0), ta=0.0 us
2026-09-14T10:47:38.387432 [PHY0   ] [I] [ 7820] PUCCH: cc=0; rnti=0x46, f=1, n_pucch=0, dmrs_corr=-nan, snr=-inf dB, corr=0.000, sr=no, ta=0.0 us
2026-09-14T10:47:38.410298 [PHY0   ] [I] [ 7840] PUCCH: cc=0; rnti=0x46, f=1, n_pucch=0, dmrs_corr=-nan, snr=-inf dB, corr=0.000, sr=no, ta=0.0 us
2026-09-14T10:47:38.411646 [PHY1   ] [I] [ 7841] PUCCH: cc=0; rnti=0x46, f=2, n_pucch=0, dmrs_corr=1.000, snr=111.7 dB, corr=1.000, cqi=15 (cc=0), ta=0.0 us
2026-09-14T10:47:38.433100 [PHY0   ] [I] [ 7860] PUCCH: cc=0; rnti=0x46, f=1, n_pucch=0, dmrs_corr=-nan, snr=-inf dB, corr=0.000, sr=no, ta=0.0 us
2026-09-14T10:47:38.455703 [PHY0   ] [I] [ 7880] PUCCH: cc=0; rnti=0x46, f=1, n_pucch=0, dmrs_corr=-nan, snr=-inf dB, corr=0.000, sr=no, ta=0.0 us
2026-09-14T10:47:38.456953 [PHY1   ] [I] [ 7881] PUCCH: cc=0; rnti=0x46, f=2, n_pucch=0, dmrs_corr=1.000, snr=111.7 dB, corr=1.000, cqi=15 (cc=0), ta=0.0 us
2026-09-14T10:47:38.478416 [PHY0   ] [I] [ 7900] PUCCH: cc=0; rnti=0x46, f=1, n_pucch=0, dmrs_corr=-nan, snr=-inf dB, corr=0.000, sr=no, ta=0.0 us
2026-09-14T10:47:38.501303 [PHY0   ] [I] [ 7920] PUCCH: cc=0; rnti=0x46, f=1, n_pucch=0, dmrs_corr=-nan, snr=-inf dB, corr=0.000, sr=no, ta=0.0 us
2026-09-14T10:47:38.502612 [PHY1   ] [I] [ 7921] PUCCH: cc=0; rnti=0x46, f=2, n_pucch=0, dmrs_corr=1.000, snr=111.7 dB, corr=1.000, cqi=15 (cc=0), ta=0.0 us
2026-09-14T10:47:38.524090 [PHY0   ] [I] [ 7940] PUCCH: cc=0; rnti=0x46, f=1, n_pucch=0, dmrs_corr=-nan, snr=-inf dB, corr=0.000, sr=no, ta=0.0 us
2026-09-14T10:47:38.546796 [PHY0   ] [I] [ 7960] PUCCH: cc=0; rnti=0x46, f=1, n_pucch=0, dmrs_corr=-nan, snr=-inf dB, corr=0.000, sr=no, ta=0.0 us
2026-09-14T10:47:38.548042 [PHY1   ] [I] [ 7961] PUCCH: cc=0; rnti=0x46, f=2, n_pucch=0, dmrs_corr=1.000, snr=111.7 dB, corr=1.000, cqi=15 (cc=0), ta=0.0 us
2026-09-14T10:47:38.569765 [PHY0   ] [I] [ 7980] PUCCH: cc=0; rnti=0x46, f=1, n_pucch=0, dmrs_corr=-nan, snr=-inf dB, corr=0.000, sr=no, ta=0.0 us
2026-09-14T10:47:38.592466 [PHY0   ] [I] [ 8000] PUCCH: cc=0; rnti=0x46, f=1, n_pucch=0, dmrs_corr=-nan, snr=-inf dB, corr=0.000, sr=no, ta=0.0 us
2026-09-14T10:47:38.593767 [PHY1   ] [I] [ 8001] PUCCH: cc=0; rnti=0x46, f=2, n_pucch=0, dmrs_corr=1.000, snr=111.7 dB, corr=1.000, cqi=15 (cc=0), ta=0.0 us
2026-09-14T10:47:38.615299 [PHY0   ] [I] [ 8020] PUCCH: cc=0; rnti=0x46, f=1, n_pucch=0, dmrs_corr=-nan, snr=-inf dB, corr=0.000, sr=no, ta=0.0 us
2026-09-14T10:47:38.637598 [PHY0   ] [I] [ 8040] PUCCH: cc=0; rnti=0x46, f=1, n_pucch=0, dmrs_corr=-nan, snr=-inf dB, corr=0.000, sr=no, ta=0.0 us
2026-09-14T10:47:38.638858 [PHY1   ] [I] [ 8041] PUCCH: cc=0; rnti=0x46, f=2, n_pucch=0, dmrs_corr=1.000, snr=111.7 dB, corr=1.000, cqi=15 (cc=0), ta=0.0 us
2026-09-14T10:47:38.660197 [PHY0   ] [I] [ 8060] PUCCH: cc=0; rnti=0x46, f=1, n_pucch=0, dmrs_corr=-nan, snr=-inf dB, corr=0.000, sr=no, ta=0.0 us
2026-09-14T10:47:38.682977 [PHY0   ] [I] [ 8080] PUCCH: cc=0; rnti=0x46, f=1, n_pucch=0, dmrs_corr=-nan, snr=-inf dB, corr=0.000, sr=no, ta=0.0 us
2026-09-14T10:47:38.684123 [PHY1   ] [I] [ 8081] PUCCH: cc=0; rnti=0x46, f=2, n_pucch=0, dmrs_corr=1.000, snr=111.7 dB, corr=1.000, cqi=15 (cc=0), ta=0.0 us
2026-09-14T10:47:38.705694 [PHY0   ] [I] [ 8100] PUCCH: cc=0; rnti=0x46, f=1, n_pucch=0, dmrs_corr=-nan, snr=-inf dB, corr=0.000, sr=no, ta=0.0 us
2026-09-14T10:47:38.728243 [PHY0   ] [I] [ 8120] PUCCH: cc=0; rnti=0x46, f=1, n_pucch=0, dmrs_corr=-nan, snr=-inf dB, corr=0.000, sr=no, ta=0.0 us
2026-09-14T10:47:38.729495 [PHY1   ] [I] [ 8121] PUCCH: cc=0; rnti=0x46, f=2, n_pucch=0, dmrs_corr=1.000, snr=111.7 dB, corr=1.000, cqi=15 (cc=0), ta=0.0 us
2026-09-14T10:47:38.751079 [PHY0   ] [I] [ 8140] PUCCH: cc=0; rnti=0x46, f=1, n_pucch=0, dmrs_corr=-nan, snr=-inf dB, corr=0.000, sr=no, ta=0.0 us
2026-09-14T10:47:38.773892 [PHY0   ] [I] [ 8160] PUCCH: cc=0; rnti=0x46, f=1, n_pucch=0, dmrs_corr=-nan, snr=-inf dB, corr=0.000, sr=no, ta=0.0 us
2026-09-14T10:47:38.775239 [PHY1   ] [I] [ 8161] PUCCH: cc=0; rnti=0x46, f=2, n_pucch=0, dmrs_corr=1.000, snr=111.7 dB, corr=1.000, cqi=15 (cc=0), ta=0.0 us
2026-09-14T10:47:38.796395 [PHY0   ] [I] [ 8180] PUCCH: cc=0; rnti=0x46, f=1, n_pucch=0, dmrs_corr=-nan, snr=-inf dB, corr=0.000, sr=no, ta=0.0 us
2026-09-14T10:47:38.819134 [PHY0   ] [I] [ 8200] PUCCH: cc=0; rnti=0x46, f=1, n_pucch=0, dmrs_corr=-nan, snr=-inf dB, corr=0.000, sr=no, ta=0.0 us
2026-09-14T10:47:38.820407 [PHY1   ] [I] [ 8201] PUCCH: cc=0; rnti=0x46, f=2, n_pucch=0, dmrs_corr=1.000, snr=111.7 dB, corr=1.000, cqi=15 (cc=0), ta=0.0 us
2026-09-14T10:47:38.841708 [PHY0   ] [I] [ 8220] PUCCH: cc=0; rnti=0x46, f=1, n_pucch=0, dmrs_corr=-nan, snr=-inf dB, corr=0.000, sr=no, ta=0.0 us
2026-09-14T10:47:38.864699 [PHY0   ] [I] [ 8240] PUCCH: cc=0; rnti=0x46, f=1, n_pucch=0, dmrs_corr=-nan, snr=-inf dB, corr=0.000, sr=no, ta=0.0 us
2026-09-14T10:47:38.865888 [PHY1   ] [I] [ 8241] PUCCH: cc=0; rnti=0x46, f=2, n_pucch=0, dmrs_corr=1.000, snr=111.7 dB, corr=1.000, cqi=15 (cc=0), ta=0.0 us
2026-09-14T10:47:38.887383 [PHY0   ] [I] [ 8260] PUCCH: cc=0; rnti=0x46, f=1, n_pucch=0, dmrs_corr=-nan, snr=-inf dB, corr=0.000, sr=no, ta=0.0 us
2026-09-14T10:47:38.909738 [PHY0   ] [I] [ 8280] PUCCH: cc=0; rnti=0x46, f=1, n_pucch=0, dmrs_corr=-nan, snr=-inf dB, corr=0.000, sr=no, ta=0.0 us
2026-09-14T10:47:38.911042 [PHY1   ] [I] [ 8281] PUCCH: cc=0; rnti=0x46, f=2, n_pucch=0, dmrs_corr=1.000, snr=111.7 dB, corr=1.000, cqi=15 (cc=0), ta=0.0 us
2026-09-14T10:47:38.932545 [PHY0   ] [I] [ 8300] PUCCH: cc=0; rnti=0x46, f=1, n_pucch=0, dmrs_corr=-nan, snr=-inf dB, corr=0.000, sr=no, ta=0.0 us
2026-09-14T10:47:38.955183 [PHY0   ] [I] [ 8320] PUCCH: cc=0; rnti=0x46, f=1, n_pucch=0, dmrs_corr=-nan, snr=-inf dB, corr=0.000, sr=no, ta=0.0 us
2026-09-14T10:47:38.956374 [PHY1   ] [I] [ 8321] PUCCH: cc=0; rnti=0x46, f=2, n_pucch=0, dmrs_corr=1.000, snr=111.7 dB, corr=1.000, cqi=15 (cc=0), ta=0.0 us
2026-09-14T10:47:38.977489 [PHY0   ] [I] [ 8340] PUCCH: cc=0; rnti=0x46, f=1, n_pucch=0, dmrs_corr=-nan, snr=-inf dB, corr=0.000, sr=no, ta=0.0 us
2026-09-14T10:47:38.999664 [PHY0   ] [I] [ 8360] PUCCH: cc=0; rnti=0x46, f=1, n_pucch=0, dmrs_corr=-nan, snr=-inf dB, corr=0.000, sr=no, ta=0.0 us
2026-09-14T10:47:39.000979 [PHY1   ] [I] [ 8361] PUCCH: cc=0; rnti=0x46, f=2, n_pucch=0, dmrs_corr=1.000, snr=111.7 dB, corr=1.000, cqi=15 (cc=0), ta=0.0 us
2026-09-14T10:47:39.022321 [PHY0   ] [I] [ 8380] PUCCH: cc=0; rnti=0x46, f=1, n_pucch=0, dmrs_corr=-nan, snr=-inf dB, corr=0.000, sr=no, ta=0.0 us
2026-09-14T10:47:39.045037 [PHY0   ] [I] [ 8400] PUCCH: cc=0; rnti=0x46, f=1, n_pucch=0, dmrs_corr=-nan, snr=-inf dB, corr=0.000, sr=no, ta=0.0 us
2026-09-14T10:47:39.046137 [PHY1   ] [I] [ 8401] PUCCH: cc=0; rnti=0x46, f=2, n_pucch=0, dmrs_corr=1.000, snr=111.7 dB, corr=1.000, cqi=15 (cc=0), ta=0.0 us
2026-09-14T10:47:39.067420 [PHY0   ] [I] [ 8420] PUCCH: cc=0; rnti=0x46, f=1, n_pucch=0, dmrs_corr=-nan, snr=-inf dB, corr=0.000, sr=no, ta=0.0 us
2026-09-14T10:47:39.090178 [PHY0   ] [I] [ 8440] PUCCH: cc=0; rnti=0x46, f=1, n_pucch=0, dmrs_corr=-nan, snr=-inf dB, corr=0.000, sr=no, ta=0.0 us
2026-09-14T10:47:39.091398 [PHY1   ] [I] [ 8441] PUCCH: cc=0; rnti=0x46, f=2, n_pucch=0, dmrs_corr=1.000, snr=111.7 dB, corr=1.000, cqi=15 (cc=0), ta=0.0 us
2026-09-14T10:47:39.112712 [PHY0   ] [I] [ 8460] PUCCH: cc=0; rnti=0x46, f=1, n_pucch=0, dmrs_corr=-nan, snr=-inf dB, corr=0.000, sr=no, ta=0.0 us
2026-09-14T10:47:39.135442 [PHY0   ] [I] [ 8480] PUCCH: cc=0; rnti=0x46, f=1, n_pucch=0, dmrs_corr=-nan, snr=-inf dB, corr=0.000, sr=no, ta=0.0 us
2026-09-14T10:47:39.136675 [PHY1   ] [I] [ 8481] PUCCH: cc=0; rnti=0x46, f=2, n_pucch=0, dmrs_corr=1.000, snr=111.7 dB, corr=1.000, cqi=15 (cc=0), ta=0.0 us
2026-09-14T10:47:39.158076 [PHY0   ] [I] [ 8500] PUCCH: cc=0; rnti=0x46, f=1, n_pucch=0, dmrs_corr=-nan, snr=-inf dB, corr=0.000, sr=no, ta=0.0 us
2026-09-14T10:47:39.180790 [PHY0   ] [I] [ 8520] PUCCH: cc=0; rnti=0x46, f=1, n_pucch=0, dmrs_corr=-nan, snr=-inf dB, corr=0.000, sr=no, ta=0.0 us
2026-09-14T10:47:39.182120 [PHY1   ] [I] [ 8521] PUCCH: cc=0; rnti=0x46, f=2, n_pucch=0, dmrs_corr=1.000, snr=111.7 dB, corr=1.000, cqi=15 (cc=0), ta=0.0 us
2026-09-14T10:47:39.203511 [PHY0   ] [I] [ 8540] PUCCH: cc=0; rnti=0x46, f=1, n_pucch=0, dmrs_corr=-nan, snr=-inf dB, corr=0.000, sr=no, ta=0.0 us
2026-09-14T10:47:39.226412 [PHY0   ] [I] [ 8560] PUCCH: cc=0; rnti=0x46, f=1, n_pucch=0, dmrs_corr=-nan, snr=-inf dB, corr=0.000, sr=no, ta=0.0 us
2026-09-14T10:47:39.227551 [PHY1   ] [I] [ 8561] PUCCH: cc=0; rnti=0x46, f=2, n_pucch=0, dmrs_corr=1.000, snr=111.7 dB, corr=1.000, cqi=15 (cc=0), ta=0.0 us
2026-09-14T10:47:39.248851 [PHY0   ] [I] [ 8580] PUCCH: cc=0; rnti=0x46, f=1, n_pucch=0, dmrs_corr=-nan, snr=-inf dB, corr=0.000, sr=no, ta=0.0 us
2026-09-14T10:47:39.271456 [PHY0   ] [I] [ 8600] PUCCH: cc=0; rnti=0x46, f=1, n_pucch=0, dmrs_corr=-nan, snr=-inf dB, corr=0.000, sr=no, ta=0.0 us
2026-09-14T10:47:39.272801 [PHY1   ] [I] [ 8601] PUCCH: cc=0; rnti=0x46, f=2, n_pucch=0, dmrs_corr=1.000, snr=111.7 dB, corr=1.000, cqi=15 (cc=0), ta=0.0 us
2026-09-14T10:47:39.294149 [PHY0   ] [I] [ 8620] PUCCH: cc=0; rnti=0x46, f=1, n_pucch=0, dmrs_corr=-nan, snr=-inf dB, corr=0.000, sr=no, ta=0.0 us
2026-09-14T10:47:39.316835 [PHY0   ] [I] [ 8640] PUCCH: cc=0; rnti=0x46, f=1, n_pucch=0, dmrs_corr=-nan, snr=-inf dB, corr=0.000, sr=no, ta=0.0 us
2026-09-14T10:47:39.318108 [PHY1   ] [I] [ 8641] PUCCH: cc=0; rnti=0x46, f=2, n_pucch=0, dmrs_corr=1.000, snr=111.7 dB, corr=1.000, cqi=15 (cc=0), ta=0.0 us
2026-09-14T10:47:39.339399 [PHY0   ] [I] [ 8660] PUCCH: cc=0; rnti=0x46, f=1, n_pucch=0, dmrs_corr=-nan, snr=-inf dB, corr=0.000, sr=no, ta=0.0 us
2026-09-14T10:47:39.362131 [PHY0   ] [I] [ 8680] PUCCH: cc=0; rnti=0x46, f=1, n_pucch=0, dmrs_corr=-nan, snr=-inf dB, corr=0.000, sr=no, ta=0.0 us
2026-09-14T10:47:39.363330 [PHY1   ] [I] [ 8681] PUCCH: cc=0; rnti=0x46, f=2, n_pucch=0, dmrs_corr=1.000, snr=111.7 dB, corr=1.000, cqi=15 (cc=0), ta=0.0 us
2026-09-14T10:47:39.384751 [PHY0   ] [I] [ 8700] PUCCH: cc=0; rnti=0x46, f=1, n_pucch=0, dmrs_corr=-nan, snr=-inf dB, corr=0.000, sr=no, ta=0.0 us
2026-09-14T10:47:39.407451 [PHY0   ] [I] [ 8720] PUCCH: cc=0; rnti=0x46, f=1, n_pucch=0, dmrs_corr=-nan, snr=-inf dB, corr=0.000, sr=no, ta=0.0 us
2026-09-14T10:47:39.408707 [PHY1   ] [I] [ 8721] PUCCH: cc=0; rnti=0x46, f=2, n_pucch=0, dmrs_corr=1.000, snr=111.7 dB, corr=1.000, cqi=15 (cc=0), ta=0.0 us
2026-09-14T10:47:39.429998 [PHY0   ] [I] [ 8740] PUCCH: cc=0; rnti=0x46, f=1, n_pucch=0, dmrs_corr=-nan, snr=-inf dB, corr=0.000, sr=no, ta=0.0 us
2026-09-14T10:47:39.452412 [PHY0   ] [I] [ 8760] PUCCH: cc=0; rnti=0x46, f=1, n_pucch=0, dmrs_corr=-nan, snr=-inf dB, corr=0.000, sr=no, ta=0.0 us
2026-09-14T10:47:39.453697 [PHY1   ] [I] [ 8761] PUCCH: cc=0; rnti=0x46, f=2, n_pucch=0, dmrs_corr=1.000, snr=111.7 dB, corr=1.000, cqi=15 (cc=0), ta=0.0 us
2026-09-14T10:47:39.475038 [PHY0   ] [I] [ 8780] PUCCH: cc=0; rnti=0x46, f=1, n_pucch=0, dmrs_corr=-nan, snr=-inf dB, corr=0.000, sr=no, ta=0.0 us
2026-09-14T10:47:39.497829 [PHY0   ] [I] [ 8800] PUCCH: cc=0; rnti=0x46, f=1, n_pucch=0, dmrs_corr=-nan, snr=-inf dB, corr=0.000, sr=no, ta=0.0 us
2026-09-14T10:47:39.499093 [PHY1   ] [I] [ 8801] PUCCH: cc=0; rnti=0x46, f=2, n_pucch=0, dmrs_corr=1.000, snr=111.7 dB, corr=1.000, cqi=15 (cc=0), ta=0.0 us
2026-09-14T10:47:39.520557 [PHY0   ] [I] [ 8820] PUCCH: cc=0; rnti=0x46, f=1, n_pucch=0, dmrs_corr=-nan, snr=-inf dB, corr=0.000, sr=no, ta=0.0 us
2026-09-14T10:47:39.543217 [PHY0   ] [I] [ 8840] PUCCH: cc=0; rnti=0x46, f=1, n_pucch=0, dmrs_corr=-nan, snr=-inf dB, corr=0.000, sr=no, ta=0.0 us
2026-09-14T10:47:39.544443 [PHY1   ] [I] [ 8841] PUCCH: cc=0; rnti=0x46, f=2, n_pucch=0, dmrs_corr=1.000, snr=111.7 dB, corr=1.000, cqi=15 (cc=0), ta=0.0 us
2026-09-14T10:47:39.565774 [PHY0   ] [I] [ 8860] PUCCH: cc=0; rnti=0x46, f=1, n_pucch=0, dmrs_corr=-nan, snr=-inf dB, corr=0.000, sr=no, ta=0.0 us
2026-09-14T10:47:39.588229 [PHY0   ] [I] [ 8880] PUCCH: cc=0; rnti=0x46, f=1, n_pucch=0, dmrs_corr=-nan, snr=-inf dB, corr=0.000, sr=no, ta=0.0 us
2026-09-14T10:47:39.589487 [PHY1   ] [I] [ 8881] PUCCH: cc=0; rnti=0x46, f=2, n_pucch=0, dmrs_corr=1.000, snr=111.7 dB, corr=1.000, cqi=15 (cc=0), ta=0.0 us
2026-09-14T10:47:39.610944 [PHY0   ] [I] [ 8900] PUCCH: cc=0; rnti=0x46, f=1, n_pucch=0, dmrs_corr=-nan, snr=-inf dB, corr=0.000, sr=no, ta=0.0 us
2026-09-14T10:47:39.633387 [PHY0   ] [I] [ 8920] PUCCH: cc=0; rnti=0x46, f=1, n_pucch=0, dmrs_corr=-nan, snr=-inf dB, corr=0.000, sr=no, ta=0.0 us
2026-09-14T10:47:39.634730 [PHY1   ] [I] [ 8921] PUCCH: cc=0; rnti=0x46, f=2, n_pucch=0, dmrs_corr=1.000, snr=111.7 dB, corr=1.000, cqi=15 (cc=0), ta=0.0 us
2026-09-14T10:47:39.655924 [PHY0   ] [I] [ 8940] PUCCH: cc=0; rnti=0x46, f=1, n_pucch=0, dmrs_corr=-nan, snr=-inf dB, corr=0.000, sr=no, ta=0.0 us
2026-09-14T10:47:39.678653 [PHY0   ] [I] [ 8960] PUCCH: cc=0; rnti=0x46, f=1, n_pucch=0, dmrs_corr=-nan, snr=-inf dB, corr=0.000, sr=no, ta=0.0 us
2026-09-14T10:47:39.679881 [PHY1   ] [I] [ 8961] PUCCH: cc=0; rnti=0x46, f=2, n_pucch=0, dmrs_corr=1.000, snr=111.7 dB, corr=1.000, cqi=15 (cc=0), ta=0.0 us
2026-09-14T10:47:39.701672 [PHY0   ] [I] [ 8980] PUCCH: cc=0; rnti=0x46, f=1, n_pucch=0, dmrs_corr=-nan, snr=-inf dB, corr=0.000, sr=no, ta=0.0 us
2026-09-14T10:47:39.724195 [PHY0   ] [I] [ 9000] PUCCH: cc=0; rnti=0x46, f=1, n_pucch=0, dmrs_corr=-nan, snr=-inf dB, corr=0.000, sr=no, ta=0.0 us
2026-09-14T10:47:39.725369 [PHY1   ] [I] [ 9001] PUCCH: cc=0; rnti=0x46, f=2, n_pucch=0, dmrs_corr=1.000, snr=111.7 dB, corr=1.000, cqi=15 (cc=0), ta=0.0 us
2026-09-14T10:47:39.746650 [PHY0   ] [I] [ 9020] PUCCH: cc=0; rnti=0x46, f=1, n_pucch=0, dmrs_corr=-nan, snr=-inf dB, corr=0.000, sr=no, ta=0.0 us
2026-09-14T10:47:39.769178 [PHY0   ] [I] [ 9040] PUCCH: cc=0; rnti=0x46, f=1, n_pucch=0, dmrs_corr=-nan, snr=-inf dB, corr=0.000, sr=no, ta=0.0 us
2026-09-14T10:47:39.770484 [PHY1   ] [I] [ 9041] PUCCH: cc=0; rnti=0x46, f=2, n_pucch=0, dmrs_corr=1.000, snr=111.7 dB, corr=1.000, cqi=15 (cc=0), ta=0.0 us
2026-09-14T10:47:39.792071 [PHY0   ] [I] [ 9060] PUCCH: cc=0; rnti=0x46, f=1, n_pucch=0, dmrs_corr=-nan, snr=-inf dB, corr=0.000, sr=no, ta=0.0 us
2026-09-14T10:47:39.815260 [PHY0   ] [I] [ 9080] PUCCH: cc=0; rnti=0x46, f=1, n_pucch=0, dmrs_corr=-nan, snr=-inf dB, corr=0.000, sr=no, ta=0.0 us
2026-09-14T10:47:39.816578 [PHY1   ] [I] [ 9081] PUCCH: cc=0; rnti=0x46, f=2, n_pucch=0, dmrs_corr=1.000, snr=111.7 dB, corr=1.000, cqi=15 (cc=0), ta=0.0 us
2026-09-14T10:47:39.837789 [PHY0   ] [I] [ 9100] PUCCH: cc=0; rnti=0x46, f=1, n_pucch=0, dmrs_corr=-nan, snr=-inf dB, corr=0.000, sr=no, ta=0.0 us
2026-09-14T10:47:39.860532 [PHY0   ] [I] [ 9120] PUCCH: cc=0; rnti=0x46, f=1, n_pucch=0, dmrs_corr=-nan, snr=-inf dB, corr=0.000, sr=no, ta=0.0 us
2026-09-14T10:47:39.861845 [PHY1   ] [I] [ 9121] PUCCH: cc=0; rnti=0x46, f=2, n_pucch=0, dmrs_corr=1.000, snr=111.7 dB, corr=1.000, cqi=15 (cc=0), ta=0.0 us
2026-09-14T10:47:39.883186 [PHY0   ] [I] [ 9140] PUCCH: cc=0; rnti=0x46, f=1, n_pucch=0, dmrs_corr=-nan, snr=-inf dB, corr=0.000, sr=no, ta=0.0 us
2026-09-14T10:47:39.905753 [PHY0   ] [I] [ 9160] PUCCH: cc=0; rnti=0x46, f=1, n_pucch=0, dmrs_corr=-nan, snr=-inf dB, corr=0.000, sr=no, ta=0.0 us
2026-09-14T10:47:39.906950 [PHY1   ] [I] [ 9161] PUCCH: cc=0; rnti=0x46, f=2, n_pucch=0, dmrs_corr=1.000, snr=111.7 dB, corr=1.000, cqi=15 (cc=0), ta=0.0 us
2026-09-14T10:47:39.928318 [PHY0   ] [I] [ 9180] PUCCH: cc=0; rnti=0x46, f=1, n_pucch=0, dmrs_corr=-nan, snr=-inf dB, corr=0.000, sr=no, ta=0.0 us
2026-09-14T10:47:39.951128 [PHY0   ] [I] [ 9200] PUCCH: cc=0; rnti=0x46, f=1, n_pucch=0, dmrs_corr=-nan, snr=-inf dB, corr=0.000, sr=no, ta=0.0 us
2026-09-14T10:47:39.952381 [PHY1   ] [I] [ 9201] PUCCH: cc=0; rnti=0x46, f=2, n_pucch=0, dmrs_corr=1.000, snr=111.7 dB, corr=1.000, cqi=15 (cc=0), ta=0.0 us
2026-09-14T10:47:39.973890 [PHY0   ] [I] [ 9220] PUCCH: cc=0; rnti=0x46, f=1, n_pucch=0, dmrs_corr=-nan, snr=-inf dB, corr=0.000, sr=no, ta=0.0 us
2026-09-14T10:47:39.996228 [PHY0   ] [I] [ 9240] PUCCH: cc=0; rnti=0x46, f=1, n_pucch=0, dmrs_corr=-nan, snr=-inf dB, corr=0.000, sr=no, ta=0.0 us
2026-09-14T10:47:39.997395 [PHY1   ] [I] [ 9241] PUCCH: cc=0; rnti=0x46, f=2, n_pucch=0, dmrs_corr=1.000, snr=111.7 dB, corr=1.000, cqi=15 (cc=0), ta=0.0 us
2026-09-14T10:47:40.018585 [PHY0   ] [I] [ 9260] PUCCH: cc=0; rnti=0x46, f=1, n_pucch=0, dmrs_corr=-nan, snr=-inf dB, corr=0.000, sr=no, ta=0.0 us
2026-09-14T10:47:40.041367 [PHY0   ] [I] [ 9280] PUCCH: cc=0; rnti=0x46, f=1, n_pucch=0, dmrs_corr=-nan, snr=-inf dB, corr=0.000, sr=no, ta=0.0 us
2026-09-14T10:47:40.042593 [PHY1   ] [I] [ 9281] PUCCH: cc=0; rnti=0x46, f=2, n_pucch=0, dmrs_corr=1.000, snr=111.7 dB, corr=1.000, cqi=15 (cc=0), ta=0.0 us
2026-09-14T10:47:40.063802 [PHY0   ] [I] [ 9300] PUCCH: cc=0; rnti=0x46, f=1, n_pucch=0, dmrs_corr=-nan, snr=-inf dB, corr=0.000, sr=no, ta=0.0 us
2026-09-14T10:47:40.086081 [PHY0   ] [I] [ 9320] PUCCH: cc=0; rnti=0x46, f=1, n_pucch=0, dmrs_corr=-nan, snr=-inf dB, corr=0.000, sr=no, ta=0.0 us
2026-09-14T10:47:40.087180 [PHY1   ] [I] [ 9321] PUCCH: cc=0; rnti=0x46, f=2, n_pucch=0, dmrs_corr=1.000, snr=111.7 dB, corr=1.000, cqi=15 (cc=0), ta=0.0 us
2026-09-14T10:47:40.108525 [PHY0   ] [I] [ 9340] PUCCH: cc=0; rnti=0x46, f=1, n_pucch=0, dmrs_corr=-nan, snr=-inf dB, corr=0.000, sr=no, ta=0.0 us
2026-09-14T10:47:40.131254 [PHY0   ] [I] [ 9360] PUCCH: cc=0; rnti=0x46, f=1, n_pucch=0, dmrs_corr=-nan, snr=-inf dB, corr=0.000, sr=no, ta=0.0 us
2026-09-14T10:47:40.132581 [PHY1   ] [I] [ 9361] PUCCH: cc=0; rnti=0x46, f=2, n_pucch=0, dmrs_corr=1.000, snr=111.7 dB, corr=1.000, cqi=15 (cc=0), ta=0.0 us
2026-09-14T10:47:40.153712 [PHY0   ] [I] [ 9380] PUCCH: cc=0; rnti=0x46, f=1, n_pucch=0, dmrs_corr=-nan, snr=-inf dB, corr=0.000, sr=no, ta=0.0 us
2026-09-14T10:47:40.176168 [PHY0   ] [I] [ 9400] PUCCH: cc=0; rnti=0x46, f=1, n_pucch=0, dmrs_corr=-nan, snr=-inf dB, corr=0.000, sr=no, ta=0.0 us
2026-09-14T10:47:40.177475 [PHY1   ] [I] [ 9401] PUCCH: cc=0; rnti=0x46, f=2, n_pucch=0, dmrs_corr=1.000, snr=111.7 dB, corr=1.000, cqi=15 (cc=0), ta=0.0 us
2026-09-14T10:47:40.199103 [PHY0   ] [I] [ 9420] PUCCH: cc=0; rnti=0x46, f=1, n_pucch=0, dmrs_corr=-nan, snr=-inf dB, corr=0.000, sr=no, ta=0.0 us
2026-09-14T10:47:40.221811 [PHY0   ] [I] [ 9440] PUCCH: cc=0; rnti=0x46, f=1, n_pucch=0, dmrs_corr=-nan, snr=-inf dB, corr=0.000, sr=no, ta=0.0 us
2026-09-14T10:47:40.223047 [PHY1   ] [I] [ 9441] PUCCH: cc=0; rnti=0x46, f=2, n_pucch=0, dmrs_corr=1.000, snr=111.7 dB, corr=1.000, cqi=15 (cc=0), ta=0.0 us
2026-09-14T10:47:40.244386 [PHY0   ] [I] [ 9460] PUCCH: cc=0; rnti=0x46, f=1, n_pucch=0, dmrs_corr=-nan, snr=-inf dB, corr=0.000, sr=no, ta=0.0 us
2026-09-14T10:47:40.266972 [PHY0   ] [I] [ 9480] PUCCH: cc=0; rnti=0x46, f=1, n_pucch=0, dmrs_corr=-nan, snr=-inf dB, corr=0.000, sr=no, ta=0.0 us
2026-09-14T10:47:40.268215 [PHY1   ] [I] [ 9481] PUCCH: cc=0; rnti=0x46, f=2, n_pucch=0, dmrs_corr=1.000, snr=111.7 dB, corr=1.000, cqi=15 (cc=0), ta=0.0 us
2026-09-14T10:47:40.289659 [PHY0   ] [I] [ 9500] PUCCH: cc=0; rnti=0x46, f=1, n_pucch=0, dmrs_corr=-nan, snr=-inf dB, corr=0.000, sr=no, ta=0.0 us
2026-09-14T10:47:40.312384 [PHY0   ] [I] [ 9520] PUCCH: cc=0; rnti=0x46, f=1, n_pucch=0, dmrs_corr=-nan, snr=-inf dB, corr=0.000, sr=no, ta=0.0 us
2026-09-14T10:47:40.313711 [PHY1   ] [I] [ 9521] PUCCH: cc=0; rnti=0x46, f=2, n_pucch=0, dmrs_corr=1.000, snr=111.7 dB, corr=1.000, cqi=15 (cc=0), ta=0.0 us
2026-09-14T10:47:40.335151 [PHY0   ] [I] [ 9540] PUCCH: cc=0; rnti=0x46, f=1, n_pucch=0, dmrs_corr=-nan, snr=-inf dB, corr=0.000, sr=no, ta=0.0 us
2026-09-14T10:47:40.357751 [PHY0   ] [I] [ 9560] PUCCH: cc=0; rnti=0x46, f=1, n_pucch=0, dmrs_corr=-nan, snr=-inf dB, corr=0.000, sr=no, ta=0.0 us
2026-09-14T10:47:40.358843 [PHY1   ] [I] [ 9561] PUCCH: cc=0; rnti=0x46, f=2, n_pucch=0, dmrs_corr=1.000, snr=111.7 dB, corr=1.000, cqi=15 (cc=0), ta=0.0 us
2026-09-14T10:47:40.380091 [PHY0   ] [I] [ 9580] PUCCH: cc=0; rnti=0x46, f=1, n_pucch=0, dmrs_corr=-nan, snr=-inf dB, corr=0.000, sr=no, ta=0.0 us
2026-09-14T10:47:40.402807 [PHY0   ] [I] [ 9600] PUCCH: cc=0; rnti=0x46, f=1, n_pucch=0, dmrs_corr=-nan, snr=-inf dB, corr=0.000, sr=no, ta=0.0 us
2026-09-14T10:47:40.404011 [PHY1   ] [I] [ 9601] PUCCH: cc=0; rnti=0x46, f=2, n_pucch=0, dmrs_corr=1.000, snr=111.7 dB, corr=1.000, cqi=15 (cc=0), ta=0.0 us
2026-09-14T10:47:40.425418 [PHY0   ] [I] [ 9620] PUCCH: cc=0; rnti=0x46, f=1, n_pucch=0, dmrs_corr=-nan, snr=-inf dB, corr=0.000, sr=no, ta=0.0 us
2026-09-14T10:47:40.448181 [PHY0   ] [I] [ 9640] PUCCH: cc=0; rnti=0x46, f=1, n_pucch=0, dmrs_corr=-nan, snr=-inf dB, corr=0.000, sr=no, ta=0.0 us
2026-09-14T10:47:40.449489 [PHY1   ] [I] [ 9641] PUCCH: cc=0; rnti=0x46, f=2, n_pucch=0, dmrs_corr=1.000, snr=111.7 dB, corr=1.000, cqi=15 (cc=0), ta=0.0 us
2026-09-14T10:47:40.471195 [PHY0   ] [I] [ 9660] PUCCH: cc=0; rnti=0x46, f=1, n_pucch=0, dmrs_corr=-nan, snr=-inf dB, corr=0.000, sr=no, ta=0.0 us
2026-09-14T10:47:40.493851 [PHY0   ] [I] [ 9680] PUCCH: cc=0; rnti=0x46, f=1, n_pucch=0, dmrs_corr=-nan, snr=-inf dB, corr=0.000, sr=no, ta=0.0 us
2026-09-14T10:47:40.495141 [PHY1   ] [I] [ 9681] PUCCH: cc=0; rnti=0x46, f=2, n_pucch=0, dmrs_corr=1.000, snr=111.7 dB, corr=1.000, cqi=15 (cc=0), ta=0.0 us
2026-09-14T10:47:40.516480 [PHY0   ] [I] [ 9700] PUCCH: cc=0; rnti=0x46, f=1, n_pucch=0, dmrs_corr=-nan, snr=-inf dB, corr=0.000, sr=no, ta=0.0 us
2026-09-14T10:47:40.539244 [PHY0   ] [I] [ 9720] PUCCH: cc=0; rnti=0x46, f=1, n_pucch=0, dmrs_corr=-nan, snr=-inf dB, corr=0.000, sr=no, ta=0.0 us
2026-09-14T10:47:40.540597 [PHY1   ] [I] [ 9721] PUCCH: cc=0; rnti=0x46, f=2, n_pucch=0, dmrs_corr=1.000, snr=111.7 dB, corr=1.000, cqi=15 (cc=0), ta=0.0 us
2026-09-14T10:47:40.561899 [PHY0   ] [I] [ 9740] PUCCH: cc=0; rnti=0x46, f=1, n_pucch=0, dmrs_corr=-nan, snr=-inf dB, corr=0.000, sr=no, ta=0.0 us
2026-09-14T10:47:40.584590 [PHY0   ] [I] [ 9760] PUCCH: cc=0; rnti=0x46, f=1, n_pucch=0, dmrs_corr=-nan, snr=-inf dB, corr=0.000, sr=no, ta=0.0 us
2026-09-14T10:47:40.585788 [PHY1   ] [I] [ 9761] PUCCH: cc=0; rnti=0x46, f=2, n_pucch=0, dmrs_corr=1.000, snr=111.7 dB, corr=1.000, cqi=15 (cc=0), ta=0.0 us
2026-09-14T10:47:40.607258 [PHY0   ] [I] [ 9780] PUCCH: cc=0; rnti=0x46, f=1, n_pucch=0, dmrs_corr=-nan, snr=-inf dB, corr=0.000, sr=no, ta=0.0 us
2026-09-14T10:47:40.629935 [PHY0   ] [I] [ 9800] PUCCH: cc=0; rnti=0x46, f=1, n_pucch=0, dmrs_corr=-nan, snr=-inf dB, corr=0.000, sr=no, ta=0.0 us
2026-09-14T10:47:40.631243 [PHY1   ] [I] [ 9801] PUCCH: cc=0; rnti=0x46, f=2, n_pucch=0, dmrs_corr=1.000, snr=111.7 dB, corr=1.000, cqi=15 (cc=0), ta=0.0 us
2026-09-14T10:47:40.652924 [PHY0   ] [I] [ 9820] PUCCH: cc=0; rnti=0x46, f=1, n_pucch=0, dmrs_corr=-nan, snr=-inf dB, corr=0.000, sr=no, ta=0.0 us
2026-09-14T10:47:40.675616 [PHY0   ] [I] [ 9840] PUCCH: cc=0; rnti=0x46, f=1, n_pucch=0, dmrs_corr=-nan, snr=-inf dB, corr=0.000, sr=no, ta=0.0 us
2026-09-14T10:47:40.676914 [PHY1   ] [I] [ 9841] PUCCH: cc=0; rnti=0x46, f=2, n_pucch=0, dmrs_corr=1.000, snr=111.7 dB, corr=1.000, cqi=15 (cc=0), ta=0.0 us
2026-09-14T10:47:40.698110 [PHY0   ] [I] [ 9860] PUCCH: cc=0; rnti=0x46, f=1, n_pucch=0, dmrs_corr=-nan, snr=-inf dB, corr=0.000, sr=no, ta=0.0 us
2026-09-14T10:47:40.720875 [PHY0   ] [I] [ 9880] PUCCH: cc=0; rnti=0x46, f=1, n_pucch=0, dmrs_corr=-nan, snr=-inf dB, corr=0.000, sr=no, ta=0.0 us
2026-09-14T10:47:40.722309 [PHY1   ] [I] [ 9881] PUCCH: cc=0; rnti=0x46, f=2, n_pucch=0, dmrs_corr=1.000, snr=111.7 dB, corr=1.000, cqi=15 (cc=0), ta=0.0 us
2026-09-14T10:47:40.743269 [PHY0   ] [I] [ 9900] PUCCH: cc=0; rnti=0x46, f=1, n_pucch=0, dmrs_corr=-nan, snr=-inf dB, corr=0.000, sr=no, ta=0.0 us
2026-09-14T10:47:40.765934 [PHY0   ] [I] [ 9920] PUCCH: cc=0; rnti=0x46, f=1, n_pucch=0, dmrs_corr=-nan, snr=-inf dB, corr=0.000, sr=no, ta=0.0 us
2026-09-14T10:47:40.767150 [PHY1   ] [I] [ 9921] PUCCH: cc=0; rnti=0x46, f=2, n_pucch=0, dmrs_corr=1.000, snr=111.7 dB, corr=1.000, cqi=15 (cc=0), ta=0.0 us
2026-09-14T10:47:40.788523 [PHY0   ] [I] [ 9940] PUCCH: cc=0; rnti=0x46, f=1, n_pucch=0, dmrs_corr=-nan, snr=-inf dB, corr=0.000, sr=no, ta=0.0 us
2026-09-14T10:47:40.811413 [PHY0   ] [I] [ 9960] PUCCH: cc=0; rnti=0x46, f=1, n_pucch=0, dmrs_corr=-nan, snr=-inf dB, corr=0.000, sr=no, ta=0.0 us
2026-09-14T10:47:40.812614 [PHY1   ] [I] [ 9961] PUCCH: cc=0; rnti=0x46, f=2, n_pucch=0, dmrs_corr=1.000, snr=111.7 dB, corr=1.000, cqi=15 (cc=0), ta=0.0 us
2026-09-14T10:47:40.834148 [PHY0   ] [I] [ 9980] PUCCH: cc=0; rnti=0x46, f=1, n_pucch=0, dmrs_corr=-nan, snr=-inf dB, corr=0.000, sr=no, ta=0.0 us
2026-09-14T10:47:40.856763 [PHY0   ] [I] [10000] PUCCH: cc=0; rnti=0x46, f=1, n_pucch=0, dmrs_corr=-nan, snr=-inf dB, corr=0.000, sr=no, ta=0.0 us
2026-09-14T10:47:40.858068 [PHY1   ] [I] [10001] PUCCH: cc=0; rnti=0x46, f=2, n_pucch=0, dmrs_corr=1.000, snr=111.7 dB, corr=1.000, cqi=15 (cc=0), ta=0.0 us
2026-09-14T10:47:40.879464 [PHY0   ] [I] [10020] PUCCH: cc=0; rnti=0x46, f=1, n_pucch=0, dmrs_corr=-nan, snr=-inf dB, corr=0.000, sr=no, ta=0.0 us
2026-09-14T10:47:40.902112 [PHY0   ] [I] [10040] PUCCH: cc=0; rnti=0x46, f=1, n_pucch=0, dmrs_corr=-nan, snr=-inf dB, corr=0.000, sr=no, ta=0.0 us
2026-09-14T10:47:40.903289 [PHY1   ] [I] [10041] PUCCH: cc=0; rnti=0x46, f=2, n_pucch=0, dmrs_corr=1.000, snr=111.7 dB, corr=1.000, cqi=15 (cc=0), ta=0.0 us
2026-09-14T10:47:40.924821 [PHY0   ] [I] [10060] PUCCH: cc=0; rnti=0x46, f=1, n_pucch=0, dmrs_corr=-nan, snr=-inf dB, corr=0.000, sr=no, ta=0.0 us
2026-09-14T10:47:40.947335 [PHY0   ] [I] [10080] PUCCH: cc=0; rnti=0x46, f=1, n_pucch=0, dmrs_corr=-nan, snr=-inf dB, corr=0.000, sr=no, ta=0.0 us
2026-09-14T10:47:40.948565 [PHY1   ] [I] [10081] PUCCH: cc=0; rnti=0x46, f=2, n_pucch=0, dmrs_corr=1.000, snr=111.7 dB, corr=1.000, cqi=15 (cc=0), ta=0.0 us
2026-09-14T10:47:40.970432 [PHY0   ] [I] [10100] PUCCH: cc=0; rnti=0x46, f=1, n_pucch=0, dmrs_corr=-nan, snr=-inf dB, corr=0.000, sr=no, ta=0.0 us
2026-09-14T10:47:40.993255 [PHY0   ] [I] [10120] PUCCH: cc=0; rnti=0x46, f=1, n_pucch=0, dmrs_corr=-nan, snr=-inf dB, corr=0.000, sr=no, ta=0.0 us
2026-09-14T10:47:40.994546 [PHY1   ] [I] [10121] PUCCH: cc=0; rnti=0x46, f=2, n_pucch=0, dmrs_corr=1.000, snr=111.7 dB, corr=1.000, cqi=15 (cc=0), ta=0.0 us
2026-09-14T10:47:41.016255 [PHY0   ] [I] [10140] PUCCH: cc=0; rnti=0x46, f=1, n_pucch=0, dmrs_corr=-nan, snr=-inf dB, corr=0.000, sr=no, ta=0.0 us
2026-09-14T10:47:41.038868 [PHY0   ] [I] [10160] PUCCH: cc=0; rnti=0x46, f=1, n_pucch=0, dmrs_corr=-nan, snr=-inf dB, corr=0.000, sr=no, ta=0.0 us
2026-09-14T10:47:41.040117 [PHY1   ] [I] [10161] PUCCH: cc=0; rnti=0x46, f=2, n_pucch=0, dmrs_corr=1.000, snr=111.7 dB, corr=1.000, cqi=15 (cc=0), ta=0.0 us
2026-09-14T10:47:41.061862 [PHY0   ] [I] [10180] PUCCH: cc=0; rnti=0x46, f=1, n_pucch=0, dmrs_corr=-nan, snr=-inf dB, corr=0.000, sr=no, ta=0.0 us
2026-09-14T10:47:41.084484 [PHY0   ] [I] [10200] PUCCH: cc=0; rnti=0x46, f=1, n_pucch=0, dmrs_corr=-nan, snr=-inf dB, corr=0.000, sr=no, ta=0.0 us
2026-09-14T10:47:41.085693 [PHY1   ] [I] [10201] PUCCH: cc=0; rnti=0x46, f=2, n_pucch=0, dmrs_corr=1.000, snr=111.7 dB, corr=1.000, cqi=15 (cc=0), ta=0.0 us
2026-09-14T10:47:41.106980 [PHY0   ] [I] [10220] PUCCH: cc=0; rnti=0x46, f=1, n_pucch=0, dmrs_corr=-nan, snr=-inf dB, corr=0.000, sr=no, ta=0.0 us
2026-09-14T10:47:41.129420 [PHY0   ] [I] [    0] PUCCH: cc=0; rnti=0x46, f=1, n_pucch=0, dmrs_corr=-nan, snr=-inf dB, corr=0.000, sr=no, ta=0.0 us
2026-09-14T10:47:41.130663 [PHY1   ] [I] [    1] PUCCH: cc=0; rnti=0x46, f=2, n_pucch=0, dmrs_corr=1.000, snr=111.7 dB, corr=1.000, cqi=15 (cc=0), ta=0.0 us
2026-09-14T10:47:41.152212 [PHY0   ] [I] [   20] PUCCH: cc=0; rnti=0x46, f=1, n_pucch=0, dmrs_corr=-nan, snr=-inf dB, corr=0.000, sr=no, ta=0.0 us
2026-09-14T10:47:41.174920 [PHY0   ] [I] [   40] PUCCH: cc=0; rnti=0x46, f=1, n_pucch=0, dmrs_corr=-nan, snr=-inf dB, corr=0.000, sr=no, ta=0.0 us
2026-09-14T10:47:41.176266 [PHY1   ] [I] [   41] PUCCH: cc=0; rnti=0x46, f=2, n_pucch=0, dmrs_corr=1.000, snr=111.7 dB, corr=1.000, cqi=15 (cc=0), ta=0.0 us
2026-09-14T10:47:41.197622 [PHY0   ] [I] [   60] PUCCH: cc=0; rnti=0x46, f=1, n_pucch=0, dmrs_corr=-nan, snr=-inf dB, corr=0.000, sr=no, ta=0.0 us
2026-09-14T10:47:41.220299 [PHY0   ] [I] [   80] PUCCH: cc=0; rnti=0x46, f=1, n_pucch=0, dmrs_corr=-nan, snr=-inf dB, corr=0.000, sr=no, ta=0.0 us
2026-09-14T10:47:41.221594 [PHY1   ] [I] [   81] PUCCH: cc=0; rnti=0x46, f=2, n_pucch=0, dmrs_corr=1.000, snr=111.7 dB, corr=1.000, cqi=15 (cc=0), ta=0.0 us
2026-09-14T10:47:41.242889 [PHY0   ] [I] [  100] PUCCH: cc=0; rnti=0x46, f=1, n_pucch=0, dmrs_corr=-nan, snr=-inf dB, corr=0.000, sr=no, ta=0.0 us
2026-09-14T10:47:41.265321 [PHY0   ] [I] [  120] PUCCH: cc=0; rnti=0x46, f=1, n_pucch=0, dmrs_corr=-nan, snr=-inf dB, corr=0.000, sr=no, ta=0.0 us
2026-09-14T10:47:41.266603 [PHY1   ] [I] [  121] PUCCH: cc=0; rnti=0x46, f=2, n_pucch=0, dmrs_corr=1.000, snr=111.7 dB, corr=1.000, cqi=15 (cc=0), ta=0.0 us
2026-09-14T10:47:41.287844 [PHY0   ] [I] [  140] PUCCH: cc=0; rnti=0x46, f=1, n_pucch=0, dmrs_corr=-nan, snr=-inf dB, corr=0.000, sr=no, ta=0.0 us
2026-09-14T10:47:41.310410 [PHY0   ] [I] [  160] PUCCH: cc=0; rnti=0x46, f=1, n_pucch=0, dmrs_corr=-nan, snr=-inf dB, corr=0.000, sr=no, ta=0.0 us
2026-09-14T10:47:41.311722 [PHY1   ] [I] [  161] PUCCH: cc=0; rnti=0x46, f=2, n_pucch=0, dmrs_corr=1.000, snr=111.7 dB, corr=1.000, cqi=15 (cc=0), ta=0.0 us
2026-09-14T10:47:41.332993 [PHY0   ] [I] [  180] PUCCH: cc=0; rnti=0x46, f=1, n_pucch=0, dmrs_corr=-nan, snr=-inf dB, corr=0.000, sr=no, ta=0.0 us
2026-09-14T10:47:41.355923 [PHY0   ] [I] [  200] PUCCH: cc=0; rnti=0x46, f=1, n_pucch=0, dmrs_corr=-nan, snr=-inf dB, corr=0.000, sr=no, ta=0.0 us
2026-09-14T10:47:41.357186 [PHY1   ] [I] [  201] PUCCH: cc=0; rnti=0x46, f=2, n_pucch=0, dmrs_corr=1.000, snr=111.7 dB, corr=1.000, cqi=15 (cc=0), ta=0.0 us
2026-09-14T10:47:41.378528 [PHY0   ] [I] [  220] PUCCH: cc=0; rnti=0x46, f=1, n_pucch=0, dmrs_corr=-nan, snr=-inf dB, corr=0.000, sr=no, ta=0.0 us
2026-09-14T10:47:41.401299 [PHY0   ] [I] [  240] PUCCH: cc=0; rnti=0x46, f=1, n_pucch=0, dmrs_corr=-nan, snr=-inf dB, corr=0.000, sr=no, ta=0.0 us
2026-09-14T10:47:41.402605 [PHY1   ] [I] [  241] PUCCH: cc=0; rnti=0x46, f=2, n_pucch=0, dmrs_corr=1.000, snr=111.7 dB, corr=1.000, cqi=15 (cc=0), ta=0.0 us
2026-09-14T10:47:41.424189 [PHY0   ] [I] [  260] PUCCH: cc=0; rnti=0x46, f=1, n_pucch=0, dmrs_corr=-nan, snr=-inf dB, corr=0.000, sr=no, ta=0.0 us
2026-09-14T10:47:41.446745 [PHY0   ] [I] [  280] PUCCH: cc=0; rnti=0x46, f=1, n_pucch=0, dmrs_corr=-nan, snr=-inf dB, corr=0.000, sr=no, ta=0.0 us
2026-09-14T10:47:41.447978 [PHY1   ] [I] [  281] PUCCH: cc=0; rnti=0x46, f=2, n_pucch=0, dmrs_corr=1.000, snr=111.7 dB, corr=1.000, cqi=15 (cc=0), ta=0.0 us
2026-09-14T10:47:41.469398 [PHY0   ] [I] [  300] PUCCH: cc=0; rnti=0x46, f=1, n_pucch=0, dmrs_corr=-nan, snr=-inf dB, corr=0.000, sr=no, ta=0.0 us
2026-09-14T10:47:41.491950 [PHY0   ] [I] [  320] PUCCH: cc=0; rnti=0x46, f=1, n_pucch=0, dmrs_corr=-nan, snr=-inf dB, corr=0.000, sr=no, ta=0.0 us
2026-09-14T10:47:41.493214 [PHY1   ] [I] [  321] PUCCH: cc=0; rnti=0x46, f=2, n_pucch=0, dmrs_corr=1.000, snr=111.7 dB, corr=1.000, cqi=15 (cc=0), ta=0.0 us
2026-09-14T10:47:41.514664 [PHY0   ] [I] [  340] PUCCH: cc=0; rnti=0x46, f=1, n_pucch=0, dmrs_corr=-nan, snr=-inf dB, corr=0.000, sr=no, ta=0.0 us
2026-09-14T10:47:41.537261 [PHY0   ] [I] [  360] PUCCH: cc=0; rnti=0x46, f=1, n_pucch=0, dmrs_corr=-nan, snr=-inf dB, corr=0.000, sr=no, ta=0.0 us
2026-09-14T10:47:41.538513 [PHY1   ] [I] [  361] PUCCH: cc=0; rnti=0x46, f=2, n_pucch=0, dmrs_corr=1.000, snr=111.7 dB, corr=1.000, cqi=15 (cc=0), ta=0.0 us
2026-09-14T10:47:41.560208 [PHY0   ] [I] [  380] PUCCH: cc=0; rnti=0x46, f=1, n_pucch=0, dmrs_corr=-nan, snr=-inf dB, corr=0.000, sr=no, ta=0.0 us
2026-09-14T10:47:41.583085 [PHY0   ] [I] [  400] PUCCH: cc=0; rnti=0x46, f=1, n_pucch=0, dmrs_corr=-nan, snr=-inf dB, corr=0.000, sr=no, ta=0.0 us
2026-09-14T10:47:41.584333 [PHY1   ] [I] [  401] PUCCH: cc=0; rnti=0x46, f=2, n_pucch=0, dmrs_corr=1.000, snr=111.7 dB, corr=1.000, cqi=15 (cc=0), ta=0.0 us
2026-09-14T10:47:41.605828 [PHY0   ] [I] [  420] PUCCH: cc=0; rnti=0x46, f=1, n_pucch=0, dmrs_corr=-nan, snr=-inf dB, corr=0.000, sr=no, ta=0.0 us
2026-09-14T10:47:41.628514 [PHY0   ] [I] [  440] PUCCH: cc=0; rnti=0x46, f=1, n_pucch=0, dmrs_corr=-nan, snr=-inf dB, corr=0.000, sr=no, ta=0.0 us
2026-09-14T10:47:41.629712 [PHY1   ] [I] [  441] PUCCH: cc=0; rnti=0x46, f=2, n_pucch=0, dmrs_corr=1.000, snr=111.7 dB, corr=1.000, cqi=15 (cc=0), ta=0.0 us
2026-09-14T10:47:41.651176 [PHY0   ] [I] [  460] PUCCH: cc=0; rnti=0x46, f=1, n_pucch=0, dmrs_corr=-nan, snr=-inf dB, corr=0.000, sr=no, ta=0.0 us
2026-09-14T10:47:41.673914 [PHY0   ] [I] [  480] PUCCH: cc=0; rnti=0x46, f=1, n_pucch=0, dmrs_corr=-nan, snr=-inf dB, corr=0.000, sr=no, ta=0.0 us
2026-09-14T10:47:41.675213 [PHY1   ] [I] [  481] PUCCH: cc=0; rnti=0x46, f=2, n_pucch=0, dmrs_corr=1.000, snr=111.7 dB, corr=1.000, cqi=15 (cc=0), ta=0.0 us
2026-09-14T10:47:41.696633 [PHY0   ] [I] [  500] PUCCH: cc=0; rnti=0x46, f=1, n_pucch=0, dmrs_corr=-nan, snr=-inf dB, corr=0.000, sr=no, ta=0.0 us
2026-09-14T10:47:41.719695 [PHY0   ] [I] [  520] PUCCH: cc=0; rnti=0x46, f=1, n_pucch=0, dmrs_corr=-nan, snr=-inf dB, corr=0.000, sr=no, ta=0.0 us
2026-09-14T10:47:41.720964 [PHY1   ] [I] [  521] PUCCH: cc=0; rnti=0x46, f=2, n_pucch=0, dmrs_corr=1.000, snr=111.7 dB, corr=1.000, cqi=15 (cc=0), ta=0.0 us
2026-09-14T10:47:41.742408 [PHY0   ] [I] [  540] PUCCH: cc=0; rnti=0x46, f=1, n_pucch=0, dmrs_corr=-nan, snr=-inf dB, corr=0.000, sr=no, ta=0.0 us
2026-09-14T10:47:41.765076 [PHY0   ] [I] [  560] PUCCH: cc=0; rnti=0x46, f=1, n_pucch=0, dmrs_corr=-nan, snr=-inf dB, corr=0.000, sr=no, ta=0.0 us
2026-09-14T10:47:41.766274 [PHY1   ] [I] [  561] PUCCH: cc=0; rnti=0x46, f=2, n_pucch=0, dmrs_corr=1.000, snr=111.7 dB, corr=1.000, cqi=15 (cc=0), ta=0.0 us
2026-09-14T10:47:41.787950 [PHY0   ] [I] [  580] PUCCH: cc=0; rnti=0x46, f=1, n_pucch=0, dmrs_corr=-nan, snr=-inf dB, corr=0.000, sr=no, ta=0.0 us
2026-09-14T10:47:41.810816 [PHY0   ] [I] [  600] PUCCH: cc=0; rnti=0x46, f=1, n_pucch=0, dmrs_corr=-nan, snr=-inf dB, corr=0.000, sr=no, ta=0.0 us
2026-09-14T10:47:41.812061 [PHY1   ] [I] [  601] PUCCH: cc=0; rnti=0x46, f=2, n_pucch=0, dmrs_corr=1.000, snr=111.7 dB, corr=1.000, cqi=15 (cc=0), ta=0.0 us
2026-09-14T10:47:41.833516 [PHY0   ] [I] [  620] PUCCH: cc=0; rnti=0x46, f=1, n_pucch=0, dmrs_corr=-nan, snr=-inf dB, corr=0.000, sr=no, ta=0.0 us
2026-09-14T10:47:41.856303 [PHY0   ] [I] [  640] PUCCH: cc=0; rnti=0x46, f=1, n_pucch=0, dmrs_corr=-nan, snr=-inf dB, corr=0.000, sr=no, ta=0.0 us
2026-09-14T10:47:41.857609 [PHY1   ] [I] [  641] PUCCH: cc=0; rnti=0x46, f=2, n_pucch=0, dmrs_corr=1.000, snr=111.7 dB, corr=1.000, cqi=15 (cc=0), ta=0.0 us
2026-09-14T10:47:41.879061 [PHY0   ] [I] [  660] PUCCH: cc=0; rnti=0x46, f=1, n_pucch=0, dmrs_corr=-nan, snr=-inf dB, corr=0.000, sr=no, ta=0.0 us
2026-09-14T10:47:41.901667 [PHY0   ] [I] [  680] PUCCH: cc=0; rnti=0x46, f=1, n_pucch=0, dmrs_corr=-nan, snr=-inf dB, corr=0.000, sr=no, ta=0.0 us
2026-09-14T10:47:41.902982 [PHY1   ] [I] [  681] PUCCH: cc=0; rnti=0x46, f=2, n_pucch=0, dmrs_corr=1.000, snr=111.7 dB, corr=1.000, cqi=15 (cc=0), ta=0.0 us
2026-09-14T10:47:41.924421 [PHY0   ] [I] [  700] PUCCH: cc=0; rnti=0x46, f=1, n_pucch=0, dmrs_corr=-nan, snr=-inf dB, corr=0.000, sr=no, ta=0.0 us
2026-09-14T10:47:41.947076 [PHY0   ] [I] [  720] PUCCH: cc=0; rnti=0x46, f=1, n_pucch=0, dmrs_corr=-nan, snr=-inf dB, corr=0.000, sr=no, ta=0.0 us
2026-09-14T10:47:41.948340 [PHY1   ] [I] [  721] PUCCH: cc=0; rnti=0x46, f=2, n_pucch=0, dmrs_corr=1.000, snr=111.7 dB, corr=1.000, cqi=15 (cc=0), ta=0.0 us
2026-09-14T10:47:41.970112 [PHY0   ] [I] [  740] PUCCH: cc=0; rnti=0x46, f=1, n_pucch=0, dmrs_corr=-nan, snr=-inf dB, corr=0.000, sr=no, ta=0.0 us
2026-09-14T10:47:41.992972 [PHY0   ] [I] [  760] PUCCH: cc=0; rnti=0x46, f=1, n_pucch=0, dmrs_corr=-nan, snr=-inf dB, corr=0.000, sr=no, ta=0.0 us
2026-09-14T10:47:41.994263 [PHY1   ] [I] [  761] PUCCH: cc=0; rnti=0x46, f=2, n_pucch=0, dmrs_corr=1.000, snr=111.7 dB, corr=1.000, cqi=15 (cc=0), ta=0.0 us
2026-09-14T10:47:42.015910 [PHY0   ] [I] [  780] PUCCH: cc=0; rnti=0x46, f=1, n_pucch=0, dmrs_corr=-nan, snr=-inf dB, corr=0.000, sr=no, ta=0.0 us
2026-09-14T10:47:42.038632 [PHY0   ] [I] [  800] PUCCH: cc=0; rnti=0x46, f=1, n_pucch=0, dmrs_corr=-nan, snr=-inf dB, corr=0.000, sr=no, ta=0.0 us
2026-09-14T10:47:42.039873 [PHY1   ] [I] [  801] PUCCH: cc=0; rnti=0x46, f=2, n_pucch=0, dmrs_corr=1.000, snr=111.7 dB, corr=1.000, cqi=15 (cc=0), ta=0.0 us
2026-09-14T10:47:42.061309 [PHY0   ] [I] [  820] PUCCH: cc=0; rnti=0x46, f=1, n_pucch=0, dmrs_corr=-nan, snr=-inf dB, corr=0.000, sr=no, ta=0.0 us
2026-09-14T10:47:42.084041 [PHY0   ] [I] [  840] PUCCH: cc=0; rnti=0x46, f=1, n_pucch=0, dmrs_corr=-nan, snr=-inf dB, corr=0.000, sr=no, ta=0.0 us
2026-09-14T10:47:42.085178 [PHY1   ] [I] [  841] PUCCH: cc=0; rnti=0x46, f=2, n_pucch=0, dmrs_corr=1.000, snr=111.7 dB, corr=1.000, cqi=15 (cc=0), ta=0.0 us
2026-09-14T10:47:42.106469 [PHY0   ] [I] [  860] PUCCH: cc=0; rnti=0x46, f=1, n_pucch=0, dmrs_corr=-nan, snr=-inf dB, corr=0.000, sr=no, ta=0.0 us
2026-09-14T10:47:42.129247 [PHY0   ] [I] [  880] PUCCH: cc=0; rnti=0x46, f=1, n_pucch=0, dmrs_corr=-nan, snr=-inf dB, corr=0.000, sr=no, ta=0.0 us
2026-09-14T10:47:42.130499 [PHY1   ] [I] [  881] PUCCH: cc=0; rnti=0x46, f=2, n_pucch=0, dmrs_corr=1.000, snr=111.7 dB, corr=1.000, cqi=15 (cc=0), ta=0.0 us
2026-09-14T10:47:42.151921 [PHY0   ] [I] [  900] PUCCH: cc=0; rnti=0x46, f=1, n_pucch=0, dmrs_corr=-nan, snr=-inf dB, corr=0.000, sr=no, ta=0.0 us
2026-09-14T10:47:42.174556 [PHY0   ] [I] [  920] PUCCH: cc=0; rnti=0x46, f=1, n_pucch=0, dmrs_corr=-nan, snr=-inf dB, corr=0.000, sr=no, ta=0.0 us
2026-09-14T10:47:42.175844 [PHY1   ] [I] [  921] PUCCH: cc=0; rnti=0x46, f=2, n_pucch=0, dmrs_corr=1.000, snr=111.7 dB, corr=1.000, cqi=15 (cc=0), ta=0.0 us
2026-09-14T10:47:42.197231 [PHY0   ] [I] [  940] PUCCH: cc=0; rnti=0x46, f=1, n_pucch=0, dmrs_corr=-nan, snr=-inf dB, corr=0.000, sr=no, ta=0.0 us
2026-09-14T10:47:42.219921 [PHY0   ] [I] [  960] PUCCH: cc=0; rnti=0x46, f=1, n_pucch=0, dmrs_corr=-nan, snr=-inf dB, corr=0.000, sr=no, ta=0.0 us
2026-09-14T10:47:42.221144 [PHY1   ] [I] [  961] PUCCH: cc=0; rnti=0x46, f=2, n_pucch=0, dmrs_corr=1.000, snr=111.7 dB, corr=1.000, cqi=15 (cc=0), ta=0.0 us
2026-09-14T10:47:42.242587 [PHY0   ] [I] [  980] PUCCH: cc=0; rnti=0x46, f=1, n_pucch=0, dmrs_corr=-nan, snr=-inf dB, corr=0.000, sr=no, ta=0.0 us
2026-09-14T10:47:42.265180 [PHY0   ] [I] [ 1000] PUCCH: cc=0; rnti=0x46, f=1, n_pucch=0, dmrs_corr=-nan, snr=-inf dB, corr=0.000, sr=no, ta=0.0 us
2026-09-14T10:47:42.266455 [PHY1   ] [I] [ 1001] PUCCH: cc=0; rnti=0x46, f=2, n_pucch=0, dmrs_corr=1.000, snr=111.7 dB, corr=1.000, cqi=15 (cc=0), ta=0.0 us
2026-09-14T10:47:42.287783 [PHY0   ] [I] [ 1020] PUCCH: cc=0; rnti=0x46, f=1, n_pucch=0, dmrs_corr=-nan, snr=-inf dB, corr=0.000, sr=no, ta=0.0 us
2026-09-14T10:47:42.310273 [PHY0   ] [I] [ 1040] PUCCH: cc=0; rnti=0x46, f=1, n_pucch=0, dmrs_corr=-nan, snr=-inf dB, corr=0.000, sr=no, ta=0.0 us
2026-09-14T10:47:42.311559 [PHY1   ] [I] [ 1041] PUCCH: cc=0; rnti=0x46, f=2, n_pucch=0, dmrs_corr=1.000, snr=111.7 dB, corr=1.000, cqi=15 (cc=0), ta=0.0 us
2026-09-14T10:47:42.332954 [PHY0   ] [I] [ 1060] PUCCH: cc=0; rnti=0x46, f=1, n_pucch=0, dmrs_corr=-nan, snr=-inf dB, corr=0.000, sr=no, ta=0.0 us
2026-09-14T10:47:42.355636 [PHY0   ] [I] [ 1080] PUCCH: cc=0; rnti=0x46, f=1, n_pucch=0, dmrs_corr=-nan, snr=-inf dB, corr=0.000, sr=no, ta=0.0 us
2026-09-14T10:47:42.356876 [PHY1   ] [I] [ 1081] PUCCH: cc=0; rnti=0x46, f=2, n_pucch=0, dmrs_corr=1.000, snr=111.7 dB, corr=1.000, cqi=15 (cc=0), ta=0.0 us
2026-09-14T10:47:42.378260 [PHY0   ] [I] [ 1100] PUCCH: cc=0; rnti=0x46, f=1, n_pucch=0, dmrs_corr=-nan, snr=-inf dB, corr=0.000, sr=no, ta=0.0 us
2026-09-14T10:47:42.400993 [PHY0   ] [I] [ 1120] PUCCH: cc=0; rnti=0x46, f=1, n_pucch=0, dmrs_corr=-nan, snr=-inf dB, corr=0.000, sr=no, ta=0.0 us
2026-09-14T10:47:42.402263 [PHY1   ] [I] [ 1121] PUCCH: cc=0; rnti=0x46, f=2, n_pucch=0, dmrs_corr=1.000, snr=111.7 dB, corr=1.000, cqi=15 (cc=0), ta=0.0 us
2026-09-14T10:47:42.423542 [PHY0   ] [I] [ 1140] PUCCH: cc=0; rnti=0x46, f=1, n_pucch=0, dmrs_corr=-nan, snr=-inf dB, corr=0.000, sr=no, ta=0.0 us
2026-09-14T10:47:42.445901 [PHY0   ] [I] [ 1160] PUCCH: cc=0; rnti=0x46, f=1, n_pucch=0, dmrs_corr=-nan, snr=-inf dB, corr=0.000, sr=no, ta=0.0 us
2026-09-14T10:47:42.447050 [PHY1   ] [I] [ 1161] PUCCH: cc=0; rnti=0x46, f=2, n_pucch=0, dmrs_corr=1.000, snr=111.7 dB, corr=1.000, cqi=15 (cc=0), ta=0.0 us
2026-09-14T10:47:42.468439 [PHY0   ] [I] [ 1180] PUCCH: cc=0; rnti=0x46, f=1, n_pucch=0, dmrs_corr=-nan, snr=-inf dB, corr=0.000, sr=no, ta=0.0 us
2026-09-14T10:47:42.491077 [PHY0   ] [I] [ 1200] PUCCH: cc=0; rnti=0x46, f=1, n_pucch=0, dmrs_corr=-nan, snr=-inf dB, corr=0.000, sr=no, ta=0.0 us
2026-09-14T10:47:42.492317 [PHY1   ] [I] [ 1201] PUCCH: cc=0; rnti=0x46, f=2, n_pucch=0, dmrs_corr=1.000, snr=111.7 dB, corr=1.000, cqi=15 (cc=0), ta=0.0 us
2026-09-14T10:47:42.513591 [PHY0   ] [I] [ 1220] PUCCH: cc=0; rnti=0x46, f=1, n_pucch=0, dmrs_corr=-nan, snr=-inf dB, corr=0.000, sr=no, ta=0.0 us
2026-09-14T10:47:42.536526 [PHY0   ] [I] [ 1240] PUCCH: cc=0; rnti=0x46, f=1, n_pucch=0, dmrs_corr=-nan, snr=-inf dB, corr=0.000, sr=no, ta=0.0 us
2026-09-14T10:47:42.537680 [PHY1   ] [I] [ 1241] PUCCH: cc=0; rnti=0x46, f=2, n_pucch=0, dmrs_corr=1.000, snr=111.7 dB, corr=1.000, cqi=15 (cc=0), ta=0.0 us
2026-09-14T10:47:42.558848 [PHY0   ] [I] [ 1260] PUCCH: cc=0; rnti=0x46, f=1, n_pucch=0, dmrs_corr=-nan, snr=-inf dB, corr=0.000, sr=no, ta=0.0 us
2026-09-14T10:47:42.581320 [PHY0   ] [I] [ 1280] PUCCH: cc=0; rnti=0x46, f=1, n_pucch=0, dmrs_corr=-nan, snr=-inf dB, corr=0.000, sr=no, ta=0.0 us
2026-09-14T10:47:42.582633 [PHY1   ] [I] [ 1281] PUCCH: cc=0; rnti=0x46, f=2, n_pucch=0, dmrs_corr=1.000, snr=111.7 dB, corr=1.000, cqi=15 (cc=0), ta=0.0 us
2026-09-14T10:47:42.604369 [PHY0   ] [I] [ 1300] PUCCH: cc=0; rnti=0x46, f=1, n_pucch=0, dmrs_corr=-nan, snr=-inf dB, corr=0.000, sr=no, ta=0.0 us
2026-09-14T10:47:42.626931 [PHY0   ] [I] [ 1320] PUCCH: cc=0; rnti=0x46, f=1, n_pucch=0, dmrs_corr=-nan, snr=-inf dB, corr=0.000, sr=no, ta=0.0 us
2026-09-14T10:47:42.628101 [PHY1   ] [I] [ 1321] PUCCH: cc=0; rnti=0x46, f=2, n_pucch=0, dmrs_corr=1.000, snr=111.7 dB, corr=1.000, cqi=15 (cc=0), ta=0.0 us
2026-09-14T10:47:42.649389 [PHY0   ] [I] [ 1340] PUCCH: cc=0; rnti=0x46, f=1, n_pucch=0, dmrs_corr=-nan, snr=-inf dB, corr=0.000, sr=no, ta=0.0 us
2026-09-14T10:47:42.671964 [PHY0   ] [I] [ 1360] PUCCH: cc=0; rnti=0x46, f=1, n_pucch=0, dmrs_corr=-nan, snr=-inf dB, corr=0.000, sr=no, ta=0.0 us
2026-09-14T10:47:42.673235 [PHY1   ] [I] [ 1361] PUCCH: cc=0; rnti=0x46, f=2, n_pucch=0, dmrs_corr=1.000, snr=111.7 dB, corr=1.000, cqi=15 (cc=0), ta=0.0 us
2026-09-14T10:47:42.694879 [PHY0   ] [I] [ 1380] PUCCH: cc=0; rnti=0x46, f=1, n_pucch=0, dmrs_corr=-nan, snr=-inf dB, corr=0.000, sr=no, ta=0.0 us
2026-09-14T10:47:42.717577 [PHY0   ] [I] [ 1400] PUCCH: cc=0; rnti=0x46, f=1, n_pucch=0, dmrs_corr=-nan, snr=-inf dB, corr=0.000, sr=no, ta=0.0 us
2026-09-14T10:47:42.718724 [PHY1   ] [I] [ 1401] PUCCH: cc=0; rnti=0x46, f=2, n_pucch=0, dmrs_corr=1.000, snr=111.7 dB, corr=1.000, cqi=15 (cc=0), ta=0.0 us
2026-09-14T10:47:42.740141 [PHY0   ] [I] [ 1420] PUCCH: cc=0; rnti=0x46, f=1, n_pucch=0, dmrs_corr=-nan, snr=-inf dB, corr=0.000, sr=no, ta=0.0 us
2026-09-14T10:47:42.762799 [PHY0   ] [I] [ 1440] PUCCH: cc=0; rnti=0x46, f=1, n_pucch=0, dmrs_corr=-nan, snr=-inf dB, corr=0.000, sr=no, ta=0.0 us
2026-09-14T10:47:42.764130 [PHY1   ] [I] [ 1441] PUCCH: cc=0; rnti=0x46, f=2, n_pucch=0, dmrs_corr=1.000, snr=111.7 dB, corr=1.000, cqi=15 (cc=0), ta=0.0 us
2026-09-14T10:47:42.785221 [PHY0   ] [I] [ 1460] PUCCH: cc=0; rnti=0x46, f=1, n_pucch=0, dmrs_corr=-nan, snr=-inf dB, corr=0.000, sr=no, ta=0.0 us
2026-09-14T10:47:42.807752 [PHY0   ] [I] [ 1480] PUCCH: cc=0; rnti=0x46, f=1, n_pucch=0, dmrs_corr=-nan, snr=-inf dB, corr=0.000, sr=no, ta=0.0 us
2026-09-14T10:47:42.808873 [PHY1   ] [I] [ 1481] PUCCH: cc=0; rnti=0x46, f=2, n_pucch=0, dmrs_corr=1.000, snr=111.7 dB, corr=1.000, cqi=15 (cc=0), ta=0.0 us
2026-09-14T10:47:42.830280 [PHY0   ] [I] [ 1500] PUCCH: cc=0; rnti=0x46, f=1, n_pucch=0, dmrs_corr=-nan, snr=-inf dB, corr=0.000, sr=no, ta=0.0 us
2026-09-14T10:47:42.852710 [PHY0   ] [I] [ 1520] PUCCH: cc=0; rnti=0x46, f=1, n_pucch=0, dmrs_corr=-nan, snr=-inf dB, corr=0.000, sr=no, ta=0.0 us
2026-09-14T10:47:42.854007 [PHY1   ] [I] [ 1521] PUCCH: cc=0; rnti=0x46, f=2, n_pucch=0, dmrs_corr=1.000, snr=111.7 dB, corr=1.000, cqi=15 (cc=0), ta=0.0 us
2026-09-14T10:47:42.875446 [PHY0   ] [I] [ 1540] PUCCH: cc=0; rnti=0x46, f=1, n_pucch=0, dmrs_corr=-nan, snr=-inf dB, corr=0.000, sr=no, ta=0.0 us
2026-09-14T10:47:42.897899 [PHY0   ] [I] [ 1560] PUCCH: cc=0; rnti=0x46, f=1, n_pucch=0, dmrs_corr=-nan, snr=-inf dB, corr=0.000, sr=no, ta=0.0 us
2026-09-14T10:47:42.899194 [PHY1   ] [I] [ 1561] PUCCH: cc=0; rnti=0x46, f=2, n_pucch=0, dmrs_corr=1.000, snr=111.7 dB, corr=1.000, cqi=15 (cc=0), ta=0.0 us
2026-09-14T10:47:42.920519 [PHY0   ] [I] [ 1580] PUCCH: cc=0; rnti=0x46, f=1, n_pucch=0, dmrs_corr=-nan, snr=-inf dB, corr=0.000, sr=no, ta=0.0 us
2026-09-14T10:47:42.943079 [PHY0   ] [I] [ 1600] PUCCH: cc=0; rnti=0x46, f=1, n_pucch=0, dmrs_corr=-nan, snr=-inf dB, corr=0.000, sr=no, ta=0.0 us
2026-09-14T10:47:42.944246 [PHY1   ] [I] [ 1601] PUCCH: cc=0; rnti=0x46, f=2, n_pucch=0, dmrs_corr=1.000, snr=111.7 dB, corr=1.000, cqi=15 (cc=0), ta=0.0 us
2026-09-14T10:47:42.965457 [PHY0   ] [I] [ 1620] PUCCH: cc=0; rnti=0x46, f=1, n_pucch=0, dmrs_corr=-nan, snr=-inf dB, corr=0.000, sr=no, ta=0.0 us
2026-09-14T10:47:42.988107 [PHY0   ] [I] [ 1640] PUCCH: cc=0; rnti=0x46, f=1, n_pucch=0, dmrs_corr=-nan, snr=-inf dB, corr=0.000, sr=no, ta=0.0 us
2026-09-14T10:47:42.989351 [PHY1   ] [I] [ 1641] PUCCH: cc=0; rnti=0x46, f=2, n_pucch=0, dmrs_corr=1.000, snr=111.7 dB, corr=1.000, cqi=15 (cc=0), ta=0.0 us
2026-09-14T10:47:43.010678 [PHY0   ] [I] [ 1660] PUCCH: cc=0; rnti=0x46, f=1, n_pucch=0, dmrs_corr=-nan, snr=-inf dB, corr=0.000, sr=no, ta=0.0 us
2026-09-14T10:47:43.033599 [PHY0   ] [I] [ 1680] PUCCH: cc=0; rnti=0x46, f=1, n_pucch=0, dmrs_corr=-nan, snr=-inf dB, corr=0.000, sr=no, ta=0.0 us
2026-09-14T10:47:43.034937 [PHY1   ] [I] [ 1681] PUCCH: cc=0; rnti=0x46, f=2, n_pucch=0, dmrs_corr=1.000, snr=111.7 dB, corr=1.000, cqi=15 (cc=0), ta=0.0 us
2026-09-14T10:47:43.056507 [PHY0   ] [I] [ 1700] PUCCH: cc=0; rnti=0x46, f=1, n_pucch=0, dmrs_corr=-nan, snr=-inf dB, corr=0.000, sr=no, ta=0.0 us
2026-09-14T10:47:43.079288 [PHY0   ] [I] [ 1720] PUCCH: cc=0; rnti=0x46, f=1, n_pucch=0, dmrs_corr=-nan, snr=-inf dB, corr=0.000, sr=no, ta=0.0 us
2026-09-14T10:47:43.080553 [PHY1   ] [I] [ 1721] PUCCH: cc=0; rnti=0x46, f=2, n_pucch=0, dmrs_corr=1.000, snr=111.7 dB, corr=1.000, cqi=15 (cc=0), ta=0.0 us
2026-09-14T10:47:43.102044 [PHY0   ] [I] [ 1740] PUCCH: cc=0; rnti=0x46, f=1, n_pucch=0, dmrs_corr=-nan, snr=-inf dB, corr=0.000, sr=no, ta=0.0 us
2026-09-14T10:47:43.124655 [PHY0   ] [I] [ 1760] PUCCH: cc=0; rnti=0x46, f=1, n_pucch=0, dmrs_corr=-nan, snr=-inf dB, corr=0.000, sr=no, ta=0.0 us
2026-09-14T10:47:43.125929 [PHY1   ] [I] [ 1761] PUCCH: cc=0; rnti=0x46, f=2, n_pucch=0, dmrs_corr=1.000, snr=111.7 dB, corr=1.000, cqi=15 (cc=0), ta=0.0 us
2026-09-14T10:47:43.147417 [PHY0   ] [I] [ 1780] PUCCH: cc=0; rnti=0x46, f=1, n_pucch=0, dmrs_corr=-nan, snr=-inf dB, corr=0.000, sr=no, ta=0.0 us
2026-09-14T10:47:43.170171 [PHY0   ] [I] [ 1800] PUCCH: cc=0; rnti=0x46, f=1, n_pucch=0, dmrs_corr=-nan, snr=-inf dB, corr=0.000, sr=no, ta=0.0 us
2026-09-14T10:47:43.171442 [PHY1   ] [I] [ 1801] PUCCH: cc=0; rnti=0x46, f=2, n_pucch=0, dmrs_corr=1.000, snr=111.7 dB, corr=1.000, cqi=15 (cc=0), ta=0.0 us
2026-09-14T10:47:43.192893 [PHY0   ] [I] [ 1820] PUCCH: cc=0; rnti=0x46, f=1, n_pucch=0, dmrs_corr=-nan, snr=-inf dB, corr=0.000, sr=no, ta=0.0 us
2026-09-14T10:47:43.215562 [PHY0   ] [I] [ 1840] PUCCH: cc=0; rnti=0x46, f=1, n_pucch=0, dmrs_corr=-nan, snr=-inf dB, corr=0.000, sr=no, ta=0.0 us
2026-09-14T10:47:43.216879 [PHY1   ] [I] [ 1841] PUCCH: cc=0; rnti=0x46, f=2, n_pucch=0, dmrs_corr=1.000, snr=111.7 dB, corr=1.000, cqi=15 (cc=0), ta=0.0 us
2026-09-14T10:47:43.238694 [PHY0   ] [I] [ 1860] PUCCH: cc=0; rnti=0x46, f=1, n_pucch=0, dmrs_corr=-nan, snr=-inf dB, corr=0.000, sr=no, ta=0.0 us
2026-09-14T10:47:43.261323 [PHY0   ] [I] [ 1880] PUCCH: cc=0; rnti=0x46, f=1, n_pucch=0, dmrs_corr=-nan, snr=-inf dB, corr=0.000, sr=no, ta=0.0 us
2026-09-14T10:47:43.262648 [PHY1   ] [I] [ 1881] PUCCH: cc=0; rnti=0x46, f=2, n_pucch=0, dmrs_corr=1.000, snr=111.7 dB, corr=1.000, cqi=15 (cc=0), ta=0.0 us
2026-09-14T10:47:43.284034 [PHY0   ] [I] [ 1900] PUCCH: cc=0; rnti=0x46, f=1, n_pucch=0, dmrs_corr=-nan, snr=-inf dB, corr=0.000, sr=no, ta=0.0 us
2026-09-14T10:47:43.306545 [PHY0   ] [I] [ 1920] PUCCH: cc=0; rnti=0x46, f=1, n_pucch=0, dmrs_corr=-nan, snr=-inf dB, corr=0.000, sr=no, ta=0.0 us
2026-09-14T10:47:43.307790 [PHY1   ] [I] [ 1921] PUCCH: cc=0; rnti=0x46, f=2, n_pucch=0, dmrs_corr=1.000, snr=111.7 dB, corr=1.000, cqi=15 (cc=0), ta=0.0 us
2026-09-14T10:47:43.329009 [PHY0   ] [I] [ 1940] PUCCH: cc=0; rnti=0x46, f=1, n_pucch=0, dmrs_corr=-nan, snr=-inf dB, corr=0.000, sr=no, ta=0.0 us
2026-09-14T10:47:43.350843 [PHY0   ] [I] [ 1960] PUCCH: cc=0; rnti=0x46, f=1, n_pucch=0, dmrs_corr=-nan, snr=-inf dB, corr=0.000, sr=no, ta=0.0 us
2026-09-14T10:47:43.352041 [PHY1   ] [I] [ 1961] PUCCH: cc=0; rnti=0x46, f=2, n_pucch=0, dmrs_corr=1.000, snr=111.7 dB, corr=1.000, cqi=15 (cc=0), ta=0.0 us
2026-09-14T10:47:43.373143 [PHY0   ] [I] [ 1980] PUCCH: cc=0; rnti=0x46, f=1, n_pucch=0, dmrs_corr=-nan, snr=-inf dB, corr=0.000, sr=no, ta=0.0 us
2026-09-14T10:47:43.395772 [PHY0   ] [I] [ 2000] PUCCH: cc=0; rnti=0x46, f=1, n_pucch=0, dmrs_corr=-nan, snr=-inf dB, corr=0.000, sr=no, ta=0.0 us
2026-09-14T10:47:43.397039 [PHY1   ] [I] [ 2001] PUCCH: cc=0; rnti=0x46, f=2, n_pucch=0, dmrs_corr=1.000, snr=111.7 dB, corr=1.000, cqi=15 (cc=0), ta=0.0 us
2026-09-14T10:47:43.418408 [PHY0   ] [I] [ 2020] PUCCH: cc=0; rnti=0x46, f=1, n_pucch=0, dmrs_corr=-nan, snr=-inf dB, corr=0.000, sr=no, ta=0.0 us
2026-09-14T10:47:43.441214 [PHY0   ] [I] [ 2040] PUCCH: cc=0; rnti=0x46, f=1, n_pucch=0, dmrs_corr=-nan, snr=-inf dB, corr=0.000, sr=no, ta=0.0 us
2026-09-14T10:47:43.442439 [PHY1   ] [I] [ 2041] PUCCH: cc=0; rnti=0x46, f=2, n_pucch=0, dmrs_corr=1.000, snr=111.7 dB, corr=1.000, cqi=15 (cc=0), ta=0.0 us
2026-09-14T10:47:43.464001 [PHY0   ] [I] [ 2060] PUCCH: cc=0; rnti=0x46, f=1, n_pucch=0, dmrs_corr=-nan, snr=-inf dB, corr=0.000, sr=no, ta=0.0 us
2026-09-14T10:47:43.486197 [PHY0   ] [I] [ 2080] PUCCH: cc=0; rnti=0x46, f=1, n_pucch=0, dmrs_corr=-nan, snr=-inf dB, corr=0.000, sr=no, ta=0.0 us
2026-09-14T10:47:43.487364 [PHY1   ] [I] [ 2081] PUCCH: cc=0; rnti=0x46, f=2, n_pucch=0, dmrs_corr=1.000, snr=111.7 dB, corr=1.000, cqi=15 (cc=0), ta=0.0 us
2026-09-14T10:47:43.508816 [PHY0   ] [I] [ 2100] PUCCH: cc=0; rnti=0x46, f=1, n_pucch=0, dmrs_corr=-nan, snr=-inf dB, corr=0.000, sr=no, ta=0.0 us
2026-09-14T10:47:43.531525 [PHY0   ] [I] [ 2120] PUCCH: cc=0; rnti=0x46, f=1, n_pucch=0, dmrs_corr=-nan, snr=-inf dB, corr=0.000, sr=no, ta=0.0 us
2026-09-14T10:47:43.532722 [PHY1   ] [I] [ 2121] PUCCH: cc=0; rnti=0x46, f=2, n_pucch=0, dmrs_corr=1.000, snr=111.7 dB, corr=1.000, cqi=15 (cc=0), ta=0.0 us
2026-09-14T10:47:43.553803 [PHY0   ] [I] [ 2140] PUCCH: cc=0; rnti=0x46, f=1, n_pucch=0, dmrs_corr=-nan, snr=-inf dB, corr=0.000, sr=no, ta=0.0 us
2026-09-14T10:47:43.576451 [PHY0   ] [I] [ 2160] PUCCH: cc=0; rnti=0x46, f=1, n_pucch=0, dmrs_corr=-nan, snr=-inf dB, corr=0.000, sr=no, ta=0.0 us
2026-09-14T10:47:43.577716 [PHY1   ] [I] [ 2161] PUCCH: cc=0; rnti=0x46, f=2, n_pucch=0, dmrs_corr=1.000, snr=111.7 dB, corr=1.000, cqi=15 (cc=0), ta=0.0 us
2026-09-14T10:47:43.599145 [PHY0   ] [I] [ 2180] PUCCH: cc=0; rnti=0x46, f=1, n_pucch=0, dmrs_corr=-nan, snr=-inf dB, corr=0.000, sr=no, ta=0.0 us
2026-09-14T10:47:43.621896 [PHY0   ] [I] [ 2200] PUCCH: cc=0; rnti=0x46, f=1, n_pucch=0, dmrs_corr=-nan, snr=-inf dB, corr=0.000, sr=no, ta=0.0 us
2026-09-14T10:47:43.623173 [PHY1   ] [I] [ 2201] PUCCH: cc=0; rnti=0x46, f=2, n_pucch=0, dmrs_corr=1.000, snr=111.7 dB, corr=1.000, cqi=15 (cc=0), ta=0.0 us
2026-09-14T10:47:43.644878 [PHY0   ] [I] [ 2220] PUCCH: cc=0; rnti=0x46, f=1, n_pucch=0, dmrs_corr=-nan, snr=-inf dB, corr=0.000, sr=no, ta=0.0 us
2026-09-14T10:47:43.667582 [PHY0   ] [I] [ 2240] PUCCH: cc=0; rnti=0x46, f=1, n_pucch=0, dmrs_corr=-nan, snr=-inf dB, corr=0.000, sr=no, ta=0.0 us
2026-09-14T10:47:43.668852 [PHY1   ] [I] [ 2241] PUCCH: cc=0; rnti=0x46, f=2, n_pucch=0, dmrs_corr=1.000, snr=111.7 dB, corr=1.000, cqi=15 (cc=0), ta=0.0 us
2026-09-14T10:47:43.690436 [PHY0   ] [I] [ 2260] PUCCH: cc=0; rnti=0x46, f=1, n_pucch=0, dmrs_corr=-nan, snr=-inf dB, corr=0.000, sr=no, ta=0.0 us
2026-09-14T10:47:43.713288 [PHY0   ] [I] [ 2280] PUCCH: cc=0; rnti=0x46, f=1, n_pucch=0, dmrs_corr=-nan, snr=-inf dB, corr=0.000, sr=no, ta=0.0 us
2026-09-14T10:47:43.714634 [PHY1   ] [I] [ 2281] PUCCH: cc=0; rnti=0x46, f=2, n_pucch=0, dmrs_corr=1.000, snr=111.7 dB, corr=1.000, cqi=15 (cc=0), ta=0.0 us
2026-09-14T10:47:43.736358 [PHY0   ] [I] [ 2300] PUCCH: cc=0; rnti=0x46, f=1, n_pucch=0, dmrs_corr=-nan, snr=-inf dB, corr=0.000, sr=no, ta=0.0 us
2026-09-14T10:47:43.759026 [PHY0   ] [I] [ 2320] PUCCH: cc=0; rnti=0x46, f=1, n_pucch=0, dmrs_corr=-nan, snr=-inf dB, corr=0.000, sr=no, ta=0.0 us
2026-09-14T10:47:43.760312 [PHY1   ] [I] [ 2321] PUCCH: cc=0; rnti=0x46, f=2, n_pucch=0, dmrs_corr=1.000, snr=111.7 dB, corr=1.000, cqi=15 (cc=0), ta=0.0 us
2026-09-14T10:47:43.781911 [PHY0   ] [I] [ 2340] PUCCH: cc=0; rnti=0x46, f=1, n_pucch=0, dmrs_corr=-nan, snr=-inf dB, corr=0.000, sr=no, ta=0.0 us
2026-09-14T10:47:43.804725 [PHY0   ] [I] [ 2360] PUCCH: cc=0; rnti=0x46, f=1, n_pucch=0, dmrs_corr=-nan, snr=-inf dB, corr=0.000, sr=no, ta=0.0 us
2026-09-14T10:47:43.805911 [PHY1   ] [I] [ 2361] PUCCH: cc=0; rnti=0x46, f=2, n_pucch=0, dmrs_corr=1.000, snr=111.7 dB, corr=1.000, cqi=15 (cc=0), ta=0.0 us
2026-09-14T10:47:43.827155 [PHY0   ] [I] [ 2380] PUCCH: cc=0; rnti=0x46, f=1, n_pucch=0, dmrs_corr=-nan, snr=-inf dB, corr=0.000, sr=no, ta=0.0 us
2026-09-14T10:47:43.850016 [PHY0   ] [I] [ 2400] PUCCH: cc=0; rnti=0x46, f=1, n_pucch=0, dmrs_corr=-nan, snr=-inf dB, corr=0.000, sr=no, ta=0.0 us
2026-09-14T10:47:43.851380 [PHY1   ] [I] [ 2401] PUCCH: cc=0; rnti=0x46, f=2, n_pucch=0, dmrs_corr=1.000, snr=111.7 dB, corr=1.000, cqi=15 (cc=0), ta=0.0 us
2026-09-14T10:47:43.872777 [PHY0   ] [I] [ 2420] PUCCH: cc=0; rnti=0x46, f=1, n_pucch=0, dmrs_corr=-nan, snr=-inf dB, corr=0.000, sr=no, ta=0.0 us
2026-09-14T10:47:43.895596 [PHY0   ] [I] [ 2440] PUCCH: cc=0; rnti=0x46, f=1, n_pucch=0, dmrs_corr=-nan, snr=-inf dB, corr=0.000, sr=no, ta=0.0 us
2026-09-14T10:47:43.896844 [PHY1   ] [I] [ 2441] PUCCH: cc=0; rnti=0x46, f=2, n_pucch=0, dmrs_corr=1.000, snr=111.7 dB, corr=1.000, cqi=15 (cc=0), ta=0.0 us
2026-09-14T10:47:43.918081 [PHY0   ] [I] [ 2460] PUCCH: cc=0; rnti=0x46, f=1, n_pucch=0, dmrs_corr=-nan, snr=-inf dB, corr=0.000, sr=no, ta=0.0 us
2026-09-14T10:47:43.940565 [PHY0   ] [I] [ 2480] PUCCH: cc=0; rnti=0x46, f=1, n_pucch=0, dmrs_corr=-nan, snr=-inf dB, corr=0.000, sr=no, ta=0.0 us
2026-09-14T10:47:43.941763 [PHY1   ] [I] [ 2481] PUCCH: cc=0; rnti=0x46, f=2, n_pucch=0, dmrs_corr=1.000, snr=111.7 dB, corr=1.000, cqi=15 (cc=0), ta=0.0 us
2026-09-14T10:47:43.963078 [PHY0   ] [I] [ 2500] PUCCH: cc=0; rnti=0x46, f=1, n_pucch=0, dmrs_corr=-nan, snr=-inf dB, corr=0.000, sr=no, ta=0.0 us
2026-09-14T10:47:43.985531 [PHY0   ] [I] [ 2520] PUCCH: cc=0; rnti=0x46, f=1, n_pucch=0, dmrs_corr=-nan, snr=-inf dB, corr=0.000, sr=no, ta=0.0 us
2026-09-14T10:47:43.986729 [PHY1   ] [I] [ 2521] PUCCH: cc=0; rnti=0x46, f=2, n_pucch=0, dmrs_corr=1.000, snr=111.7 dB, corr=1.000, cqi=15 (cc=0), ta=0.0 us
2026-09-14T10:47:44.007891 [PHY0   ] [I] [ 2540] PUCCH: cc=0; rnti=0x46, f=1, n_pucch=0, dmrs_corr=-nan, snr=-inf dB, corr=0.000, sr=no, ta=0.0 us
2026-09-14T10:47:44.030575 [PHY0   ] [I] [ 2560] PUCCH: cc=0; rnti=0x46, f=1, n_pucch=0, dmrs_corr=-nan, snr=-inf dB, corr=0.000, sr=no, ta=0.0 us
2026-09-14T10:47:44.031822 [PHY1   ] [I] [ 2561] PUCCH: cc=0; rnti=0x46, f=2, n_pucch=0, dmrs_corr=1.000, snr=111.7 dB, corr=1.000, cqi=15 (cc=0), ta=0.0 us
2026-09-14T10:47:44.053195 [PHY0   ] [I] [ 2580] PUCCH: cc=0; rnti=0x46, f=1, n_pucch=0, dmrs_corr=-nan, snr=-inf dB, corr=0.000, sr=no, ta=0.0 us
2026-09-14T10:47:44.076266 [PHY0   ] [I] [ 2600] PUCCH: cc=0; rnti=0x46, f=1, n_pucch=0, dmrs_corr=-nan, snr=-inf dB, corr=0.000, sr=no, ta=0.0 us
2026-09-14T10:47:44.077577 [PHY1   ] [I] [ 2601] PUCCH: cc=0; rnti=0x46, f=2, n_pucch=0, dmrs_corr=1.000, snr=111.7 dB, corr=1.000, cqi=15 (cc=0), ta=0.0 us
2026-09-14T10:47:44.099134 [PHY0   ] [I] [ 2620] PUCCH: cc=0; rnti=0x46, f=1, n_pucch=0, dmrs_corr=-nan, snr=-inf dB, corr=0.000, sr=no, ta=0.0 us
2026-09-14T10:47:44.121813 [PHY0   ] [I] [ 2640] PUCCH: cc=0; rnti=0x46, f=1, n_pucch=0, dmrs_corr=-nan, snr=-inf dB, corr=0.000, sr=no, ta=0.0 us
2026-09-14T10:47:44.123111 [PHY1   ] [I] [ 2641] PUCCH: cc=0; rnti=0x46, f=2, n_pucch=0, dmrs_corr=1.000, snr=111.7 dB, corr=1.000, cqi=15 (cc=0), ta=0.0 us
2026-09-14T10:47:44.144498 [PHY0   ] [I] [ 2660] PUCCH: cc=0; rnti=0x46, f=1, n_pucch=0, dmrs_corr=-nan, snr=-inf dB, corr=0.000, sr=no, ta=0.0 us
2026-09-14T10:47:44.167165 [PHY0   ] [I] [ 2680] PUCCH: cc=0; rnti=0x46, f=1, n_pucch=0, dmrs_corr=-nan, snr=-inf dB, corr=0.000, sr=no, ta=0.0 us
2026-09-14T10:47:44.168404 [PHY1   ] [I] [ 2681] PUCCH: cc=0; rnti=0x46, f=2, n_pucch=0, dmrs_corr=1.000, snr=111.7 dB, corr=1.000, cqi=15 (cc=0), ta=0.0 us
2026-09-14T10:47:44.190129 [PHY0   ] [I] [ 2700] PUCCH: cc=0; rnti=0x46, f=1, n_pucch=0, dmrs_corr=-nan, snr=-inf dB, corr=0.000, sr=no, ta=0.0 us
2026-09-14T10:47:44.212681 [PHY0   ] [I] [ 2720] PUCCH: cc=0; rnti=0x46, f=1, n_pucch=0, dmrs_corr=-nan, snr=-inf dB, corr=0.000, sr=no, ta=0.0 us
2026-09-14T10:47:44.213981 [PHY1   ] [I] [ 2721] PUCCH: cc=0; rnti=0x46, f=2, n_pucch=0, dmrs_corr=1.000, snr=111.7 dB, corr=1.000, cqi=15 (cc=0), ta=0.0 us
2026-09-14T10:47:44.235226 [PHY0   ] [I] [ 2740] PUCCH: cc=0; rnti=0x46, f=1, n_pucch=0, dmrs_corr=-nan, snr=-inf dB, corr=0.000, sr=no, ta=0.0 us
2026-09-14T10:47:44.257980 [PHY0   ] [I] [ 2760] PUCCH: cc=0; rnti=0x46, f=1, n_pucch=0, dmrs_corr=-nan, snr=-inf dB, corr=0.000, sr=no, ta=0.0 us
2026-09-14T10:47:44.259247 [PHY1   ] [I] [ 2761] PUCCH: cc=0; rnti=0x46, f=2, n_pucch=0, dmrs_corr=1.000, snr=111.7 dB, corr=1.000, cqi=15 (cc=0), ta=0.0 us
2026-09-14T10:47:44.280179 [PHY0   ] [I] [ 2780] PUCCH: cc=0; rnti=0x46, f=1, n_pucch=0, dmrs_corr=-nan, snr=-inf dB, corr=0.000, sr=no, ta=0.0 us
2026-09-14T10:47:44.302605 [PHY0   ] [I] [ 2800] PUCCH: cc=0; rnti=0x46, f=1, n_pucch=0, dmrs_corr=-nan, snr=-inf dB, corr=0.000, sr=no, ta=0.0 us
2026-09-14T10:47:44.303853 [PHY1   ] [I] [ 2801] PUCCH: cc=0; rnti=0x46, f=2, n_pucch=0, dmrs_corr=1.000, snr=111.7 dB, corr=1.000, cqi=15 (cc=0), ta=0.0 us
2026-09-14T10:47:44.325110 [PHY0   ] [I] [ 2820] PUCCH: cc=0; rnti=0x46, f=1, n_pucch=0, dmrs_corr=-nan, snr=-inf dB, corr=0.000, sr=no, ta=0.0 us
2026-09-14T10:47:44.347874 [PHY0   ] [I] [ 2840] PUCCH: cc=0; rnti=0x46, f=1, n_pucch=0, dmrs_corr=-nan, snr=-inf dB, corr=0.000, sr=no, ta=0.0 us
2026-09-14T10:47:44.349230 [PHY1   ] [I] [ 2841] PUCCH: cc=0; rnti=0x46, f=2, n_pucch=0, dmrs_corr=1.000, snr=111.7 dB, corr=1.000, cqi=15 (cc=0), ta=0.0 us
2026-09-14T10:47:44.370459 [PHY0   ] [I] [ 2860] PUCCH: cc=0; rnti=0x46, f=1, n_pucch=0, dmrs_corr=-nan, snr=-inf dB, corr=0.000, sr=no, ta=0.0 us
2026-09-14T10:47:44.393421 [PHY0   ] [I] [ 2880] PUCCH: cc=0; rnti=0x46, f=1, n_pucch=0, dmrs_corr=-nan, snr=-inf dB, corr=0.000, sr=no, ta=0.0 us
2026-09-14T10:47:44.394711 [PHY1   ] [I] [ 2881] PUCCH: cc=0; rnti=0x46, f=2, n_pucch=0, dmrs_corr=1.000, snr=111.7 dB, corr=1.000, cqi=15 (cc=0), ta=0.0 us
2026-09-14T10:47:44.416317 [PHY0   ] [I] [ 2900] PUCCH: cc=0; rnti=0x46, f=1, n_pucch=0, dmrs_corr=-nan, snr=-inf dB, corr=0.000, sr=no, ta=0.0 us
2026-09-14T10:47:44.438955 [PHY0   ] [I] [ 2920] PUCCH: cc=0; rnti=0x46, f=1, n_pucch=0, dmrs_corr=-nan, snr=-inf dB, corr=0.000, sr=no, ta=0.0 us
2026-09-14T10:47:44.440058 [PHY1   ] [I] [ 2921] PUCCH: cc=0; rnti=0x46, f=2, n_pucch=0, dmrs_corr=1.000, snr=111.7 dB, corr=1.000, cqi=15 (cc=0), ta=0.0 us
2026-09-14T10:47:44.461227 [PHY0   ] [I] [ 2940] PUCCH: cc=0; rnti=0x46, f=1, n_pucch=0, dmrs_corr=-nan, snr=-inf dB, corr=0.000, sr=no, ta=0.0 us
2026-09-14T10:47:44.483827 [PHY0   ] [I] [ 2960] PUCCH: cc=0; rnti=0x46, f=1, n_pucch=0, dmrs_corr=-nan, snr=-inf dB, corr=0.000, sr=no, ta=0.0 us
2026-09-14T10:47:44.485090 [PHY1   ] [I] [ 2961] PUCCH: cc=0; rnti=0x46, f=2, n_pucch=0, dmrs_corr=1.000, snr=111.7 dB, corr=1.000, cqi=15 (cc=0), ta=0.0 us
2026-09-14T10:47:44.506374 [PHY0   ] [I] [ 2980] PUCCH: cc=0; rnti=0x46, f=1, n_pucch=0, dmrs_corr=-nan, snr=-inf dB, corr=0.000, sr=no, ta=0.0 us
2026-09-14T10:47:44.529402 [PHY0   ] [I] [ 3000] PUCCH: cc=0; rnti=0x46, f=1, n_pucch=0, dmrs_corr=-nan, snr=-inf dB, corr=0.000, sr=no, ta=0.0 us
2026-09-14T10:47:44.530688 [PHY1   ] [I] [ 3001] PUCCH: cc=0; rnti=0x46, f=2, n_pucch=0, dmrs_corr=1.000, snr=111.7 dB, corr=1.000, cqi=15 (cc=0), ta=0.0 us
2026-09-14T10:47:44.552287 [PHY0   ] [I] [ 3020] PUCCH: cc=0; rnti=0x46, f=1, n_pucch=0, dmrs_corr=-nan, snr=-inf dB, corr=0.000, sr=no, ta=0.0 us
2026-09-14T10:47:44.574958 [PHY0   ] [I] [ 3040] PUCCH: cc=0; rnti=0x46, f=1, n_pucch=0, dmrs_corr=-nan, snr=-inf dB, corr=0.000, sr=no, ta=0.0 us
2026-09-14T10:47:44.576212 [PHY1   ] [I] [ 3041] PUCCH: cc=0; rnti=0x46, f=2, n_pucch=0, dmrs_corr=1.000, snr=111.7 dB, corr=1.000, cqi=15 (cc=0), ta=0.0 us
2026-09-14T10:47:44.597572 [PHY0   ] [I] [ 3060] PUCCH: cc=0; rnti=0x46, f=1, n_pucch=0, dmrs_corr=-nan, snr=-inf dB, corr=0.000, sr=no, ta=0.0 us
2026-09-14T10:47:44.620329 [PHY0   ] [I] [ 3080] PUCCH: cc=0; rnti=0x46, f=1, n_pucch=0, dmrs_corr=-nan, snr=-inf dB, corr=0.000, sr=no, ta=0.0 us
2026-09-14T10:47:44.621623 [PHY1   ] [I] [ 3081] PUCCH: cc=0; rnti=0x46, f=2, n_pucch=0, dmrs_corr=1.000, snr=111.7 dB, corr=1.000, cqi=15 (cc=0), ta=0.0 us
2026-09-14T10:47:44.643104 [PHY0   ] [I] [ 3100] PUCCH: cc=0; rnti=0x46, f=1, n_pucch=0, dmrs_corr=-nan, snr=-inf dB, corr=0.000, sr=no, ta=0.0 us
2026-09-14T10:47:44.665593 [PHY0   ] [I] [ 3120] PUCCH: cc=0; rnti=0x46, f=1, n_pucch=0, dmrs_corr=-nan, snr=-inf dB, corr=0.000, sr=no, ta=0.0 us
2026-09-14T10:47:44.666806 [PHY1   ] [I] [ 3121] PUCCH: cc=0; rnti=0x46, f=2, n_pucch=0, dmrs_corr=1.000, snr=111.7 dB, corr=1.000, cqi=15 (cc=0), ta=0.0 us
2026-09-14T10:47:44.688293 [PHY0   ] [I] [ 3140] PUCCH: cc=0; rnti=0x46, f=1, n_pucch=0, dmrs_corr=-nan, snr=-inf dB, corr=0.000, sr=no, ta=0.0 us
2026-09-14T10:47:44.711155 [PHY0   ] [I] [ 3160] PUCCH: cc=0; rnti=0x46, f=1, n_pucch=0, dmrs_corr=-nan, snr=-inf dB, corr=0.000, sr=no, ta=0.0 us
2026-09-14T10:47:44.712590 [PHY1   ] [I] [ 3161] PUCCH: cc=0; rnti=0x46, f=2, n_pucch=0, dmrs_corr=1.000, snr=111.7 dB, corr=1.000, cqi=15 (cc=0), ta=0.0 us
2026-09-14T10:47:44.734017 [PHY0   ] [I] [ 3180] PUCCH: cc=0; rnti=0x46, f=1, n_pucch=0, dmrs_corr=-nan, snr=-inf dB, corr=0.000, sr=no, ta=0.0 us
2026-09-14T10:47:44.756859 [PHY0   ] [I] [ 3200] PUCCH: cc=0; rnti=0x46, f=1, n_pucch=0, dmrs_corr=-nan, snr=-inf dB, corr=0.000, sr=no, ta=0.0 us
2026-09-14T10:47:44.758313 [PHY1   ] [I] [ 3201] PUCCH: cc=0; rnti=0x46, f=2, n_pucch=0, dmrs_corr=1.000, snr=111.7 dB, corr=1.000, cqi=15 (cc=0), ta=0.0 us
2026-09-14T10:47:44.779428 [PHY0   ] [I] [ 3220] PUCCH: cc=0; rnti=0x46, f=1, n_pucch=0, dmrs_corr=-nan, snr=-inf dB, corr=0.000, sr=no, ta=0.0 us
2026-09-14T10:47:44.802375 [PHY0   ] [I] [ 3240] PUCCH: cc=0; rnti=0x46, f=1, n_pucch=0, dmrs_corr=-nan, snr=-inf dB, corr=0.000, sr=no, ta=0.0 us
2026-09-14T10:47:44.803699 [PHY1   ] [I] [ 3241] PUCCH: cc=0; rnti=0x46, f=2, n_pucch=0, dmrs_corr=1.000, snr=111.7 dB, corr=1.000, cqi=15 (cc=0), ta=0.0 us
2026-09-14T10:47:44.825246 [PHY0   ] [I] [ 3260] PUCCH: cc=0; rnti=0x46, f=1, n_pucch=0, dmrs_corr=-nan, snr=-inf dB, corr=0.000, sr=no, ta=0.0 us
2026-09-14T10:47:44.847861 [PHY0   ] [I] [ 3280] PUCCH: cc=0; rnti=0x46, f=1, n_pucch=0, dmrs_corr=-nan, snr=-inf dB, corr=0.000, sr=no, ta=0.0 us
2026-09-14T10:47:44.849094 [PHY1   ] [I] [ 3281] PUCCH: cc=0; rnti=0x46, f=2, n_pucch=0, dmrs_corr=1.000, snr=111.7 dB, corr=1.000, cqi=15 (cc=0), ta=0.0 us
2026-09-14T10:47:44.870511 [PHY0   ] [I] [ 3300] PUCCH: cc=0; rnti=0x46, f=1, n_pucch=0, dmrs_corr=-nan, snr=-inf dB, corr=0.000, sr=no, ta=0.0 us
2026-09-14T10:47:44.893147 [PHY0   ] [I] [ 3320] PUCCH: cc=0; rnti=0x46, f=1, n_pucch=0, dmrs_corr=-nan, snr=-inf dB, corr=0.000, sr=no, ta=0.0 us
2026-09-14T10:47:44.894470 [PHY1   ] [I] [ 3321] PUCCH: cc=0; rnti=0x46, f=2, n_pucch=0, dmrs_corr=1.000, snr=111.7 dB, corr=1.000, cqi=15 (cc=0), ta=0.0 us
2026-09-14T10:47:44.915759 [PHY0   ] [I] [ 3340] PUCCH: cc=0; rnti=0x46, f=1, n_pucch=0, dmrs_corr=-nan, snr=-inf dB, corr=0.000, sr=no, ta=0.0 us
2026-09-14T10:47:44.938597 [PHY0   ] [I] [ 3360] PUCCH: cc=0; rnti=0x46, f=1, n_pucch=0, dmrs_corr=-nan, snr=-inf dB, corr=0.000, sr=no, ta=0.0 us
2026-09-14T10:47:44.939873 [PHY1   ] [I] [ 3361] PUCCH: cc=0; rnti=0x46, f=2, n_pucch=0, dmrs_corr=1.000, snr=111.7 dB, corr=1.000, cqi=15 (cc=0), ta=0.0 us
2026-09-14T10:47:44.961180 [PHY0   ] [I] [ 3380] PUCCH: cc=0; rnti=0x46, f=1, n_pucch=0, dmrs_corr=-nan, snr=-inf dB, corr=0.000, sr=no, ta=0.0 us
2026-09-14T10:47:44.984009 [PHY0   ] [I] [ 3400] PUCCH: cc=0; rnti=0x46, f=1, n_pucch=0, dmrs_corr=-nan, snr=-inf dB, corr=0.000, sr=no, ta=0.0 us
2026-09-14T10:47:44.985124 [PHY1   ] [I] [ 3401] PUCCH: cc=0; rnti=0x46, f=2, n_pucch=0, dmrs_corr=1.000, snr=111.7 dB, corr=1.000, cqi=15 (cc=0), ta=0.0 us
2026-09-14T10:47:45.006564 [PHY0   ] [I] [ 3420] PUCCH: cc=0; rnti=0x46, f=1, n_pucch=0, dmrs_corr=-nan, snr=-inf dB, corr=0.000, sr=no, ta=0.0 us
2026-09-14T10:47:45.029189 [PHY0   ] [I] [ 3440] PUCCH: cc=0; rnti=0x46, f=1, n_pucch=0, dmrs_corr=-nan, snr=-inf dB, corr=0.000, sr=no, ta=0.0 us
2026-09-14T10:47:45.030476 [PHY1   ] [I] [ 3441] PUCCH: cc=0; rnti=0x46, f=2, n_pucch=0, dmrs_corr=1.000, snr=111.7 dB, corr=1.000, cqi=15 (cc=0), ta=0.0 us
2026-09-14T10:47:45.051788 [PHY0   ] [I] [ 3460] PUCCH: cc=0; rnti=0x46, f=1, n_pucch=0, dmrs_corr=-nan, snr=-inf dB, corr=0.000, sr=no, ta=0.0 us
2026-09-14T10:47:45.074166 [PHY0   ] [I] [ 3480] PUCCH: cc=0; rnti=0x46, f=1, n_pucch=0, dmrs_corr=-nan, snr=-inf dB, corr=0.000, sr=no, ta=0.0 us
2026-09-14T10:47:45.075562 [PHY1   ] [I] [ 3481] PUCCH: cc=0; rnti=0x46, f=2, n_pucch=0, dmrs_corr=1.000, snr=111.7 dB, corr=1.000, cqi=15 (cc=0), ta=0.0 us
2026-09-14T10:47:45.096840 [PHY0   ] [I] [ 3500] PUCCH: cc=0; rnti=0x46, f=1, n_pucch=0, dmrs_corr=-nan, snr=-inf dB, corr=0.000, sr=no, ta=0.0 us
2026-09-14T10:47:45.119452 [PHY0   ] [I] [ 3520] PUCCH: cc=0; rnti=0x46, f=1, n_pucch=0, dmrs_corr=-nan, snr=-inf dB, corr=0.000, sr=no, ta=0.0 us
2026-09-14T10:47:45.120730 [PHY1   ] [I] [ 3521] PUCCH: cc=0; rnti=0x46, f=2, n_pucch=0, dmrs_corr=1.000, snr=111.7 dB, corr=1.000, cqi=15 (cc=0), ta=0.0 us
2026-09-14T10:47:45.142055 [PHY0   ] [I] [ 3540] PUCCH: cc=0; rnti=0x46, f=1, n_pucch=0, dmrs_corr=-nan, snr=-inf dB, corr=0.000, sr=no, ta=0.0 us
2026-09-14T10:47:45.164283 [PHY0   ] [I] [ 3560] PUCCH: cc=0; rnti=0x46, f=1, n_pucch=0, dmrs_corr=-nan, snr=-inf dB, corr=0.000, sr=no, ta=0.0 us
2026-09-14T10:47:45.165449 [PHY1   ] [I] [ 3561] PUCCH: cc=0; rnti=0x46, f=2, n_pucch=0, dmrs_corr=1.000, snr=111.7 dB, corr=1.000, cqi=15 (cc=0), ta=0.0 us
2026-09-14T10:47:45.186701 [PHY0   ] [I] [ 3580] PUCCH: cc=0; rnti=0x46, f=1, n_pucch=0, dmrs_corr=-nan, snr=-inf dB, corr=0.000, sr=no, ta=0.0 us
2026-09-14T10:47:45.209259 [PHY0   ] [I] [ 3600] PUCCH: cc=0; rnti=0x46, f=1, n_pucch=0, dmrs_corr=-nan, snr=-inf dB, corr=0.000, sr=no, ta=0.0 us
2026-09-14T10:47:45.210517 [PHY1   ] [I] [ 3601] PUCCH: cc=0; rnti=0x46, f=2, n_pucch=0, dmrs_corr=1.000, snr=111.7 dB, corr=1.000, cqi=15 (cc=0), ta=0.0 us
2026-09-14T10:47:45.231783 [PHY0   ] [I] [ 3620] PUCCH: cc=0; rnti=0x46, f=1, n_pucch=0, dmrs_corr=-nan, snr=-inf dB, corr=0.000, sr=no, ta=0.0 us
2026-09-14T10:47:45.254811 [PHY0   ] [I] [ 3640] PUCCH: cc=0; rnti=0x46, f=1, n_pucch=0, dmrs_corr=-nan, snr=-inf dB, corr=0.000, sr=no, ta=0.0 us
2026-09-14T10:47:45.256097 [PHY1   ] [I] [ 3641] PUCCH: cc=0; rnti=0x46, f=2, n_pucch=0, dmrs_corr=1.000, snr=111.7 dB, corr=1.000, cqi=15 (cc=0), ta=0.0 us
2026-09-14T10:47:45.277425 [PHY0   ] [I] [ 3660] PUCCH: cc=0; rnti=0x46, f=1, n_pucch=0, dmrs_corr=-nan, snr=-inf dB, corr=0.000, sr=no, ta=0.0 us
2026-09-14T10:47:45.300063 [PHY0   ] [I] [ 3680] PUCCH: cc=0; rnti=0x46, f=1, n_pucch=0, dmrs_corr=-nan, snr=-inf dB, corr=0.000, sr=no, ta=0.0 us
2026-09-14T10:47:45.301429 [PHY1   ] [I] [ 3681] PUCCH: cc=0; rnti=0x46, f=2, n_pucch=0, dmrs_corr=1.000, snr=111.7 dB, corr=1.000, cqi=15 (cc=0), ta=0.0 us
2026-09-14T10:47:45.322685 [PHY0   ] [I] [ 3700] PUCCH: cc=0; rnti=0x46, f=1, n_pucch=0, dmrs_corr=-nan, snr=-inf dB, corr=0.000, sr=no, ta=0.0 us
2026-09-14T10:47:45.345443 [PHY0   ] [I] [ 3720] PUCCH: cc=0; rnti=0x46, f=1, n_pucch=0, dmrs_corr=-nan, snr=-inf dB, corr=0.000, sr=no, ta=0.0 us
2026-09-14T10:47:45.346666 [PHY1   ] [I] [ 3721] PUCCH: cc=0; rnti=0x46, f=2, n_pucch=0, dmrs_corr=1.000, snr=111.7 dB, corr=1.000, cqi=15 (cc=0), ta=0.0 us
2026-09-14T10:47:45.367931 [PHY0   ] [I] [ 3740] PUCCH: cc=0; rnti=0x46, f=1, n_pucch=0, dmrs_corr=-nan, snr=-inf dB, corr=0.000, sr=no, ta=0.0 us
2026-09-14T10:47:45.390740 [PHY0   ] [I] [ 3760] PUCCH: cc=0; rnti=0x46, f=1, n_pucch=0, dmrs_corr=-nan, snr=-inf dB, corr=0.000, sr=no, ta=0.0 us
2026-09-14T10:47:45.392035 [PHY1   ] [I] [ 3761] PUCCH: cc=0; rnti=0x46, f=2, n_pucch=0, dmrs_corr=1.000, snr=111.7 dB, corr=1.000, cqi=15 (cc=0), ta=0.0 us
2026-09-14T10:47:45.413500 [PHY0   ] [I] [ 3780] PUCCH: cc=0; rnti=0x46, f=1, n_pucch=0, dmrs_corr=-nan, snr=-inf dB, corr=0.000, sr=no, ta=0.0 us
2026-09-14T10:47:45.436242 [PHY0   ] [I] [ 3800] PUCCH: cc=0; rnti=0x46, f=1, n_pucch=0, dmrs_corr=-nan, snr=-inf dB, corr=0.000, sr=no, ta=0.0 us
2026-09-14T10:47:45.437479 [PHY1   ] [I] [ 3801] PUCCH: cc=0; rnti=0x46, f=2, n_pucch=0, dmrs_corr=1.000, snr=111.7 dB, corr=1.000, cqi=15 (cc=0), ta=0.0 us
2026-09-14T10:47:45.459052 [PHY0   ] [I] [ 3820] PUCCH: cc=0; rnti=0x46, f=1, n_pucch=0, dmrs_corr=-nan, snr=-inf dB, corr=0.000, sr=no, ta=0.0 us
2026-09-14T10:47:45.481860 [PHY0   ] [I] [ 3840] PUCCH: cc=0; rnti=0x46, f=1, n_pucch=0, dmrs_corr=-nan, snr=-inf dB, corr=0.000, sr=no, ta=0.0 us
2026-09-14T10:47:45.483276 [PHY1   ] [I] [ 3841] PUCCH: cc=0; rnti=0x46, f=2, n_pucch=0, dmrs_corr=1.000, snr=111.7 dB, corr=1.000, cqi=15 (cc=0), ta=0.0 us
2026-09-14T10:47:45.504374 [PHY0   ] [I] [ 3860] PUCCH: cc=0; rnti=0x46, f=1, n_pucch=0, dmrs_corr=-nan, snr=-inf dB, corr=0.000, sr=no, ta=0.0 us
2026-09-14T10:47:45.526844 [PHY0   ] [I] [ 3880] PUCCH: cc=0; rnti=0x46, f=1, n_pucch=0, dmrs_corr=-nan, snr=-inf dB, corr=0.000, sr=no, ta=0.0 us
2026-09-14T10:47:45.528015 [PHY1   ] [I] [ 3881] PUCCH: cc=0; rnti=0x46, f=2, n_pucch=0, dmrs_corr=1.000, snr=111.7 dB, corr=1.000, cqi=15 (cc=0), ta=0.0 us
2026-09-14T10:47:45.549324 [PHY0   ] [I] [ 3900] PUCCH: cc=0; rnti=0x46, f=1, n_pucch=0, dmrs_corr=-nan, snr=-inf dB, corr=0.000, sr=no, ta=0.0 us
2026-09-14T10:47:45.572031 [PHY0   ] [I] [ 3920] PUCCH: cc=0; rnti=0x46, f=1, n_pucch=0, dmrs_corr=-nan, snr=-inf dB, corr=0.000, sr=no, ta=0.0 us
2026-09-14T10:47:45.573273 [PHY1   ] [I] [ 3921] PUCCH: cc=0; rnti=0x46, f=2, n_pucch=0, dmrs_corr=1.000, snr=111.7 dB, corr=1.000, cqi=15 (cc=0), ta=0.0 us
2026-09-14T10:47:45.594725 [PHY0   ] [I] [ 3940] PUCCH: cc=0; rnti=0x46, f=1, n_pucch=0, dmrs_corr=-nan, snr=-inf dB, corr=0.000, sr=no, ta=0.0 us
2026-09-14T10:47:45.617203 [PHY0   ] [I] [ 3960] PUCCH: cc=0; rnti=0x46, f=1, n_pucch=0, dmrs_corr=-nan, snr=-inf dB, corr=0.000, sr=no, ta=0.0 us
2026-09-14T10:47:45.618479 [PHY1   ] [I] [ 3961] PUCCH: cc=0; rnti=0x46, f=2, n_pucch=0, dmrs_corr=1.000, snr=111.7 dB, corr=1.000, cqi=15 (cc=0), ta=0.0 us
2026-09-14T10:47:45.639716 [PHY0   ] [I] [ 3980] PUCCH: cc=0; rnti=0x46, f=1, n_pucch=0, dmrs_corr=-nan, snr=-inf dB, corr=0.000, sr=no, ta=0.0 us
2026-09-14T10:47:45.662622 [PHY0   ] [I] [ 4000] PUCCH: cc=0; rnti=0x46, f=1, n_pucch=0, dmrs_corr=-nan, snr=-inf dB, corr=0.000, sr=no, ta=0.0 us
2026-09-14T10:47:45.663822 [PHY1   ] [I] [ 4001] PUCCH: cc=0; rnti=0x46, f=2, n_pucch=0, dmrs_corr=1.000, snr=111.7 dB, corr=1.000, cqi=15 (cc=0), ta=0.0 us
2026-09-14T10:47:45.685161 [PHY0   ] [I] [ 4020] PUCCH: cc=0; rnti=0x46, f=1, n_pucch=0, dmrs_corr=-nan, snr=-inf dB, corr=0.000, sr=no, ta=0.0 us
2026-09-14T10:47:45.708091 [PHY0   ] [I] [ 4040] PUCCH: cc=0; rnti=0x46, f=1, n_pucch=0, dmrs_corr=-nan, snr=-inf dB, corr=0.000, sr=no, ta=0.0 us
2026-09-14T10:47:45.709389 [PHY1   ] [I] [ 4041] PUCCH: cc=0; rnti=0x46, f=2, n_pucch=0, dmrs_corr=1.000, snr=111.7 dB, corr=1.000, cqi=15 (cc=0), ta=0.0 us
2026-09-14T10:47:45.730734 [PHY0   ] [I] [ 4060] PUCCH: cc=0; rnti=0x46, f=1, n_pucch=0, dmrs_corr=-nan, snr=-inf dB, corr=0.000, sr=no, ta=0.0 us
2026-09-14T10:47:45.753387 [PHY0   ] [I] [ 4080] PUCCH: cc=0; rnti=0x46, f=1, n_pucch=0, dmrs_corr=-nan, snr=-inf dB, corr=0.000, sr=no, ta=0.0 us
2026-09-14T10:47:45.754747 [PHY1   ] [I] [ 4081] PUCCH: cc=0; rnti=0x46, f=2, n_pucch=0, dmrs_corr=1.000, snr=111.7 dB, corr=1.000, cqi=15 (cc=0), ta=0.0 us
2026-09-14T10:47:45.776350 [PHY0   ] [I] [ 4100] PUCCH: cc=0; rnti=0x46, f=1, n_pucch=0, dmrs_corr=-nan, snr=-inf dB, corr=0.000, sr=no, ta=0.0 us
2026-09-14T10:47:45.798901 [PHY0   ] [I] [ 4120] PUCCH: cc=0; rnti=0x46, f=1, n_pucch=0, dmrs_corr=-nan, snr=-inf dB, corr=0.000, sr=no, ta=0.0 us
2026-09-14T10:47:45.800202 [PHY1   ] [I] [ 4121] PUCCH: cc=0; rnti=0x46, f=2, n_pucch=0, dmrs_corr=1.000, snr=111.7 dB, corr=1.000, cqi=15 (cc=0), ta=0.0 us
2026-09-14T10:47:45.821610 [PHY0   ] [I] [ 4140] PUCCH: cc=0; rnti=0x46, f=1, n_pucch=0, dmrs_corr=-nan, snr=-inf dB, corr=0.000, sr=no, ta=0.0 us
2026-09-14T10:47:45.844129 [PHY0   ] [I] [ 4160] PUCCH: cc=0; rnti=0x46, f=1, n_pucch=0, dmrs_corr=-nan, snr=-inf dB, corr=0.000, sr=no, ta=0.0 us
2026-09-14T10:47:45.845223 [PHY1   ] [I] [ 4161] PUCCH: cc=0; rnti=0x46, f=2, n_pucch=0, dmrs_corr=1.000, snr=111.7 dB, corr=1.000, cqi=15 (cc=0), ta=0.0 us
2026-09-14T10:47:45.866603 [PHY0   ] [I] [ 4180] PUCCH: cc=0; rnti=0x46, f=1, n_pucch=0, dmrs_corr=-nan, snr=-inf dB, corr=0.000, sr=no, ta=0.0 us
2026-09-14T10:47:45.889158 [PHY0   ] [I] [ 4200] PUCCH: cc=0; rnti=0x46, f=1, n_pucch=0, dmrs_corr=-nan, snr=-inf dB, corr=0.000, sr=no, ta=0.0 us
2026-09-14T10:47:45.890468 [PHY1   ] [I] [ 4201] PUCCH: cc=0; rnti=0x46, f=2, n_pucch=0, dmrs_corr=1.000, snr=111.7 dB, corr=1.000, cqi=15 (cc=0), ta=0.0 us
2026-09-14T10:47:45.911801 [PHY0   ] [I] [ 4220] PUCCH: cc=0; rnti=0x46, f=1, n_pucch=0, dmrs_corr=-nan, snr=-inf dB, corr=0.000, sr=no, ta=0.0 us
2026-09-14T10:47:45.934621 [PHY0   ] [I] [ 4240] PUCCH: cc=0; rnti=0x46, f=1, n_pucch=0, dmrs_corr=-nan, snr=-inf dB, corr=0.000, sr=no, ta=0.0 us
2026-09-14T10:47:45.935843 [PHY1   ] [I] [ 4241] PUCCH: cc=0; rnti=0x46, f=2, n_pucch=0, dmrs_corr=1.000, snr=111.7 dB, corr=1.000, cqi=15 (cc=0), ta=0.0 us
2026-09-14T10:47:45.957137 [PHY0   ] [I] [ 4260] PUCCH: cc=0; rnti=0x46, f=1, n_pucch=0, dmrs_corr=-nan, snr=-inf dB, corr=0.000, sr=no, ta=0.0 us
2026-09-14T10:47:45.979623 [PHY0   ] [I] [ 4280] PUCCH: cc=0; rnti=0x46, f=1, n_pucch=0, dmrs_corr=-nan, snr=-inf dB, corr=0.000, sr=no, ta=0.0 us
2026-09-14T10:47:45.980929 [PHY1   ] [I] [ 4281] PUCCH: cc=0; rnti=0x46, f=2, n_pucch=0, dmrs_corr=1.000, snr=111.7 dB, corr=1.000, cqi=15 (cc=0), ta=0.0 us
2026-09-14T10:47:46.002294 [PHY0   ] [I] [ 4300] PUCCH: cc=0; rnti=0x46, f=1, n_pucch=0, dmrs_corr=-nan, snr=-inf dB, corr=0.000, sr=no, ta=0.0 us
2026-09-14T10:47:46.024885 [PHY0   ] [I] [ 4320] PUCCH: cc=0; rnti=0x46, f=1, n_pucch=0, dmrs_corr=-nan, snr=-inf dB, corr=0.000, sr=no, ta=0.0 us
2026-09-14T10:47:46.026082 [PHY1   ] [I] [ 4321] PUCCH: cc=0; rnti=0x46, f=2, n_pucch=0, dmrs_corr=1.000, snr=111.7 dB, corr=1.000, cqi=15 (cc=0), ta=0.0 us
2026-09-14T10:47:46.047782 [PHY0   ] [I] [ 4340] PUCCH: cc=0; rnti=0x46, f=1, n_pucch=0, dmrs_corr=-nan, snr=-inf dB, corr=0.000, sr=no, ta=0.0 us
2026-09-14T10:47:46.070261 [PHY0   ] [I] [ 4360] PUCCH: cc=0; rnti=0x46, f=1, n_pucch=0, dmrs_corr=-nan, snr=-inf dB, corr=0.000, sr=no, ta=0.0 us
2026-09-14T10:47:46.071519 [PHY1   ] [I] [ 4361] PUCCH: cc=0; rnti=0x46, f=2, n_pucch=0, dmrs_corr=1.000, snr=111.7 dB, corr=1.000, cqi=15 (cc=0), ta=0.0 us
2026-09-14T10:47:46.092940 [PHY0   ] [I] [ 4380] PUCCH: cc=0; rnti=0x46, f=1, n_pucch=0, dmrs_corr=-nan, snr=-inf dB, corr=0.000, sr=no, ta=0.0 us
2026-09-14T10:47:46.115696 [PHY0   ] [I] [ 4400] PUCCH: cc=0; rnti=0x46, f=1, n_pucch=0, dmrs_corr=-nan, snr=-inf dB, corr=0.000, sr=no, ta=0.0 us
2026-09-14T10:47:46.117060 [PHY1   ] [I] [ 4401] PUCCH: cc=0; rnti=0x46, f=2, n_pucch=0, dmrs_corr=1.000, snr=111.7 dB, corr=1.000, cqi=15 (cc=0), ta=0.0 us
2026-09-14T10:47:46.138533 [PHY0   ] [I] [ 4420] PUCCH: cc=0; rnti=0x46, f=1, n_pucch=0, dmrs_corr=-nan, snr=-inf dB, corr=0.000, sr=no, ta=0.0 us
2026-09-14T10:47:46.161364 [PHY0   ] [I] [ 4440] PUCCH: cc=0; rnti=0x46, f=1, n_pucch=0, dmrs_corr=-nan, snr=-inf dB, corr=0.000, sr=no, ta=0.0 us
2026-09-14T10:47:46.162633 [PHY1   ] [I] [ 4441] PUCCH: cc=0; rnti=0x46, f=2, n_pucch=0, dmrs_corr=1.000, snr=111.7 dB, corr=1.000, cqi=15 (cc=0), ta=0.0 us
2026-09-14T10:47:46.184156 [PHY0   ] [I] [ 4460] PUCCH: cc=0; rnti=0x46, f=1, n_pucch=0, dmrs_corr=-nan, snr=-inf dB, corr=0.000, sr=no, ta=0.0 us
2026-09-14T10:47:46.206980 [PHY0   ] [I] [ 4480] PUCCH: cc=0; rnti=0x46, f=1, n_pucch=0, dmrs_corr=-nan, snr=-inf dB, corr=0.000, sr=no, ta=0.0 us
2026-09-14T10:47:46.208257 [PHY1   ] [I] [ 4481] PUCCH: cc=0; rnti=0x46, f=2, n_pucch=0, dmrs_corr=1.000, snr=111.7 dB, corr=1.000, cqi=15 (cc=0), ta=0.0 us
2026-09-14T10:47:46.230049 [PHY0   ] [I] [ 4500] PUCCH: cc=0; rnti=0x46, f=1, n_pucch=0, dmrs_corr=-nan, snr=-inf dB, corr=0.000, sr=no, ta=0.0 us
2026-09-14T10:47:46.252868 [PHY0   ] [I] [ 4520] PUCCH: cc=0; rnti=0x46, f=1, n_pucch=0, dmrs_corr=-nan, snr=-inf dB, corr=0.000, sr=no, ta=0.0 us
2026-09-14T10:47:46.254140 [PHY1   ] [I] [ 4521] PUCCH: cc=0; rnti=0x46, f=2, n_pucch=0, dmrs_corr=1.000, snr=111.7 dB, corr=1.000, cqi=15 (cc=0), ta=0.0 us
2026-09-14T10:47:46.275579 [PHY0   ] [I] [ 4540] PUCCH: cc=0; rnti=0x46, f=1, n_pucch=0, dmrs_corr=-nan, snr=-inf dB, corr=0.000, sr=no, ta=0.0 us
2026-09-14T10:47:46.298382 [PHY0   ] [I] [ 4560] PUCCH: cc=0; rnti=0x46, f=1, n_pucch=0, dmrs_corr=-nan, snr=-inf dB, corr=0.000, sr=no, ta=0.0 us
2026-09-14T10:47:46.299706 [PHY1   ] [I] [ 4561] PUCCH: cc=0; rnti=0x46, f=2, n_pucch=0, dmrs_corr=1.000, snr=111.7 dB, corr=1.000, cqi=15 (cc=0), ta=0.0 us
2026-09-14T10:47:46.321082 [PHY0   ] [I] [ 4580] PUCCH: cc=0; rnti=0x46, f=1, n_pucch=0, dmrs_corr=-nan, snr=-inf dB, corr=0.000, sr=no, ta=0.0 us
2026-09-14T10:47:46.343821 [PHY0   ] [I] [ 4600] PUCCH: cc=0; rnti=0x46, f=1, n_pucch=0, dmrs_corr=-nan, snr=-inf dB, corr=0.000, sr=no, ta=0.0 us
2026-09-14T10:47:46.345126 [PHY1   ] [I] [ 4601] PUCCH: cc=0; rnti=0x46, f=2, n_pucch=0, dmrs_corr=1.000, snr=111.7 dB, corr=1.000, cqi=15 (cc=0), ta=0.0 us
2026-09-14T10:47:46.366462 [PHY0   ] [I] [ 4620] PUCCH: cc=0; rnti=0x46, f=1, n_pucch=0, dmrs_corr=-nan, snr=-inf dB, corr=0.000, sr=no, ta=0.0 us
2026-09-14T10:47:46.388919 [PHY0   ] [I] [ 4640] PUCCH: cc=0; rnti=0x46, f=1, n_pucch=0, dmrs_corr=-nan, snr=-inf dB, corr=0.000, sr=no, ta=0.0 us
2026-09-14T10:47:46.390074 [PHY1   ] [I] [ 4641] PUCCH: cc=0; rnti=0x46, f=2, n_pucch=0, dmrs_corr=1.000, snr=111.7 dB, corr=1.000, cqi=15 (cc=0), ta=0.0 us
2026-09-14T10:47:46.411397 [PHY0   ] [I] [ 4660] PUCCH: cc=0; rnti=0x46, f=1, n_pucch=0, dmrs_corr=-nan, snr=-inf dB, corr=0.000, sr=no, ta=0.0 us
2026-09-14T10:47:46.434061 [PHY0   ] [I] [ 4680] PUCCH: cc=0; rnti=0x46, f=1, n_pucch=0, dmrs_corr=-nan, snr=-inf dB, corr=0.000, sr=no, ta=0.0 us
2026-09-14T10:47:46.435356 [PHY1   ] [I] [ 4681] PUCCH: cc=0; rnti=0x46, f=2, n_pucch=0, dmrs_corr=1.000, snr=111.7 dB, corr=1.000, cqi=15 (cc=0), ta=0.0 us
2026-09-14T10:47:46.456923 [PHY0   ] [I] [ 4700] PUCCH: cc=0; rnti=0x46, f=1, n_pucch=0, dmrs_corr=-nan, snr=-inf dB, corr=0.000, sr=no, ta=0.0 us
2026-09-14T10:47:46.479503 [PHY0   ] [I] [ 4720] PUCCH: cc=0; rnti=0x46, f=1, n_pucch=0, dmrs_corr=-nan, snr=-inf dB, corr=0.000, sr=no, ta=0.0 us
2026-09-14T10:47:46.480869 [PHY1   ] [I] [ 4721] PUCCH: cc=0; rnti=0x46, f=2, n_pucch=0, dmrs_corr=1.000, snr=111.7 dB, corr=1.000, cqi=15 (cc=0), ta=0.0 us
2026-09-14T10:47:46.502048 [PHY0   ] [I] [ 4740] PUCCH: cc=0; rnti=0x46, f=1, n_pucch=0, dmrs_corr=-nan, snr=-inf dB, corr=0.000, sr=no, ta=0.0 us
2026-09-14T10:47:46.524576 [PHY0   ] [I] [ 4760] PUCCH: cc=0; rnti=0x46, f=1, n_pucch=0, dmrs_corr=-nan, snr=-inf dB, corr=0.000, sr=no, ta=0.0 us
2026-09-14T10:47:46.525736 [PHY1   ] [I] [ 4761] PUCCH: cc=0; rnti=0x46, f=2, n_pucch=0, dmrs_corr=1.000, snr=111.7 dB, corr=1.000, cqi=15 (cc=0), ta=0.0 us
2026-09-14T10:47:46.546692 [PHY0   ] [I] [ 4780] PUCCH: cc=0; rnti=0x46, f=1, n_pucch=0, dmrs_corr=-nan, snr=-inf dB, corr=0.000, sr=no, ta=0.0 us
2026-09-14T10:47:46.569145 [PHY0   ] [I] [ 4800] PUCCH: cc=0; rnti=0x46, f=1, n_pucch=0, dmrs_corr=-nan, snr=-inf dB, corr=0.000, sr=no, ta=0.0 us
2026-09-14T10:47:46.570390 [PHY1   ] [I] [ 4801] PUCCH: cc=0; rnti=0x46, f=2, n_pucch=0, dmrs_corr=1.000, snr=111.7 dB, corr=1.000, cqi=15 (cc=0), ta=0.0 us
2026-09-14T10:47:46.591922 [PHY0   ] [I] [ 4820] PUCCH: cc=0; rnti=0x46, f=1, n_pucch=0, dmrs_corr=-nan, snr=-inf dB, corr=0.000, sr=no, ta=0.0 us
2026-09-14T10:47:46.614450 [PHY0   ] [I] [ 4840] PUCCH: cc=0; rnti=0x46, f=1, n_pucch=0, dmrs_corr=-nan, snr=-inf dB, corr=0.000, sr=no, ta=0.0 us
2026-09-14T10:47:46.615851 [PHY1   ] [I] [ 4841] PUCCH: cc=0; rnti=0x46, f=2, n_pucch=0, dmrs_corr=1.000, snr=111.7 dB, corr=1.000, cqi=15 (cc=0), ta=0.0 us
2026-09-14T10:47:46.636984 [PHY0   ] [I] [ 4860] PUCCH: cc=0; rnti=0x46, f=1, n_pucch=0, dmrs_corr=-nan, snr=-inf dB, corr=0.000, sr=no, ta=0.0 us
2026-09-14T10:47:46.659815 [PHY0   ] [I] [ 4880] PUCCH: cc=0; rnti=0x46, f=1, n_pucch=0, dmrs_corr=-nan, snr=-inf dB, corr=0.000, sr=no, ta=0.0 us
2026-09-14T10:47:46.660945 [PHY1   ] [I] [ 4881] PUCCH: cc=0; rnti=0x46, f=2, n_pucch=0, dmrs_corr=1.000, snr=111.7 dB, corr=1.000, cqi=15 (cc=0), ta=0.0 us
2026-09-14T10:47:46.682058 [PHY0   ] [I] [ 4900] PUCCH: cc=0; rnti=0x46, f=1, n_pucch=0, dmrs_corr=-nan, snr=-inf dB, corr=0.000, sr=no, ta=0.0 us
2026-09-14T10:47:46.705797 [PHY0   ] [I] [ 4920] PUCCH: cc=0; rnti=0x46, f=1, n_pucch=0, dmrs_corr=-nan, snr=-inf dB, corr=0.000, sr=no, ta=0.0 us
2026-09-14T10:47:46.706985 [PHY1   ] [I] [ 4921] PUCCH: cc=0; rnti=0x46, f=2, n_pucch=0, dmrs_corr=1.000, snr=111.7 dB, corr=1.000, cqi=15 (cc=0), ta=0.0 us
2026-09-14T10:47:46.728313 [PHY0   ] [I] [ 4940] PUCCH: cc=0; rnti=0x46, f=1, n_pucch=0, dmrs_corr=-nan, snr=-inf dB, corr=0.000, sr=no, ta=0.0 us
2026-09-14T10:47:46.751236 [PHY0   ] [I] [ 4960] PUCCH: cc=0; rnti=0x46, f=1, n_pucch=0, dmrs_corr=-nan, snr=-inf dB, corr=0.000, sr=no, ta=0.0 us
2026-09-14T10:47:46.752571 [PHY1   ] [I] [ 4961] PUCCH: cc=0; rnti=0x46, f=2, n_pucch=0, dmrs_corr=1.000, snr=111.7 dB, corr=1.000, cqi=15 (cc=0), ta=0.0 us
2026-09-14T10:47:46.773922 [PHY0   ] [I] [ 4980] PUCCH: cc=0; rnti=0x46, f=1, n_pucch=0, dmrs_corr=-nan, snr=-inf dB, corr=0.000, sr=no, ta=0.0 us
2026-09-14T10:47:46.796612 [PHY0   ] [I] [ 5000] PUCCH: cc=0; rnti=0x46, f=1, n_pucch=0, dmrs_corr=-nan, snr=-inf dB, corr=0.000, sr=no, ta=0.0 us
2026-09-14T10:47:46.797727 [PHY1   ] [I] [ 5001] PUCCH: cc=0; rnti=0x46, f=2, n_pucch=0, dmrs_corr=1.000, snr=111.7 dB, corr=1.000, cqi=15 (cc=0), ta=0.0 us
2026-09-14T10:47:46.819101 [PHY0   ] [I] [ 5020] PUCCH: cc=0; rnti=0x46, f=1, n_pucch=0, dmrs_corr=-nan, snr=-inf dB, corr=0.000, sr=no, ta=0.0 us
2026-09-14T10:47:46.841793 [PHY0   ] [I] [ 5040] PUCCH: cc=0; rnti=0x46, f=1, n_pucch=0, dmrs_corr=-nan, snr=-inf dB, corr=0.000, sr=no, ta=0.0 us
2026-09-14T10:47:46.843141 [PHY1   ] [I] [ 5041] PUCCH: cc=0; rnti=0x46, f=2, n_pucch=0, dmrs_corr=1.000, snr=111.7 dB, corr=1.000, cqi=15 (cc=0), ta=0.0 us
2026-09-14T10:47:46.864386 [PHY0   ] [I] [ 5060] PUCCH: cc=0; rnti=0x46, f=1, n_pucch=0, dmrs_corr=-nan, snr=-inf dB, corr=0.000, sr=no, ta=0.0 us
2026-09-14T10:47:46.886896 [PHY0   ] [I] [ 5080] PUCCH: cc=0; rnti=0x46, f=1, n_pucch=0, dmrs_corr=-nan, snr=-inf dB, corr=0.000, sr=no, ta=0.0 us
2026-09-14T10:47:46.888121 [PHY1   ] [I] [ 5081] PUCCH: cc=0; rnti=0x46, f=2, n_pucch=0, dmrs_corr=1.000, snr=111.7 dB, corr=1.000, cqi=15 (cc=0), ta=0.0 us
2026-09-14T10:47:46.909498 [PHY0   ] [I] [ 5100] PUCCH: cc=0; rnti=0x46, f=1, n_pucch=0, dmrs_corr=-nan, snr=-inf dB, corr=0.000, sr=no, ta=0.0 us
2026-09-14T10:47:46.932726 [PHY0   ] [I] [ 5120] PUCCH: cc=0; rnti=0x46, f=1, n_pucch=0, dmrs_corr=-nan, snr=-inf dB, corr=0.000, sr=no, ta=0.0 us
2026-09-14T10:47:46.933879 [PHY1   ] [I] [ 5121] PUCCH: cc=0; rnti=0x46, f=2, n_pucch=0, dmrs_corr=1.000, snr=111.7 dB, corr=1.000, cqi=15 (cc=0), ta=0.0 us
2026-09-14T10:47:46.955031 [PHY0   ] [I] [ 5140] PUCCH: cc=0; rnti=0x46, f=1, n_pucch=0, dmrs_corr=-nan, snr=-inf dB, corr=0.000, sr=no, ta=0.0 us
2026-09-14T10:47:46.977713 [PHY0   ] [I] [ 5160] PUCCH: cc=0; rnti=0x46, f=1, n_pucch=0, dmrs_corr=-nan, snr=-inf dB, corr=0.000, sr=no, ta=0.0 us
2026-09-14T10:47:46.978904 [PHY1   ] [I] [ 5161] PUCCH: cc=0; rnti=0x46, f=2, n_pucch=0, dmrs_corr=1.000, snr=111.7 dB, corr=1.000, cqi=15 (cc=0), ta=0.0 us
2026-09-14T10:47:47.000310 [PHY0   ] [I] [ 5180] PUCCH: cc=0; rnti=0x46, f=1, n_pucch=0, dmrs_corr=-nan, snr=-inf dB, corr=0.000, sr=no, ta=0.0 us
2026-09-14T10:47:47.022807 [PHY0   ] [I] [ 5200] PUCCH: cc=0; rnti=0x46, f=1, n_pucch=0, dmrs_corr=-nan, snr=-inf dB, corr=0.000, sr=no, ta=0.0 us
2026-09-14T10:47:47.024030 [PHY1   ] [I] [ 5201] PUCCH: cc=0; rnti=0x46, f=2, n_pucch=0, dmrs_corr=1.000, snr=111.7 dB, corr=1.000, cqi=15 (cc=0), ta=0.0 us
2026-09-14T10:47:47.045325 [PHY0   ] [I] [ 5220] PUCCH: cc=0; rnti=0x46, f=1, n_pucch=0, dmrs_corr=-nan, snr=-inf dB, corr=0.000, sr=no, ta=0.0 us
2026-09-14T10:47:47.067953 [PHY0   ] [I] [ 5240] PUCCH: cc=0; rnti=0x46, f=1, n_pucch=0, dmrs_corr=-nan, snr=-inf dB, corr=0.000, sr=no, ta=0.0 us
2026-09-14T10:47:47.069242 [PHY1   ] [I] [ 5241] PUCCH: cc=0; rnti=0x46, f=2, n_pucch=0, dmrs_corr=1.000, snr=111.7 dB, corr=1.000, cqi=15 (cc=0), ta=0.0 us
2026-09-14T10:47:47.090804 [PHY0   ] [I] [ 5260] PUCCH: cc=0; rnti=0x46, f=1, n_pucch=0, dmrs_corr=-nan, snr=-inf dB, corr=0.000, sr=no, ta=0.0 us
2026-09-14T10:47:47.113385 [PHY0   ] [I] [ 5280] PUCCH: cc=0; rnti=0x46, f=1, n_pucch=0, dmrs_corr=-nan, snr=-inf dB, corr=0.000, sr=no, ta=0.0 us
2026-09-14T10:47:47.114723 [PHY1   ] [I] [ 5281] PUCCH: cc=0; rnti=0x46, f=2, n_pucch=0, dmrs_corr=1.000, snr=111.7 dB, corr=1.000, cqi=15 (cc=0), ta=0.0 us
2026-09-14T10:47:47.135830 [PHY0   ] [I] [ 5300] PUCCH: cc=0; rnti=0x46, f=1, n_pucch=0, dmrs_corr=-nan, snr=-inf dB, corr=0.000, sr=no, ta=0.0 us
2026-09-14T10:47:47.158200 [PHY0   ] [I] [ 5320] PUCCH: cc=0; rnti=0x46, f=1, n_pucch=0, dmrs_corr=-nan, snr=-inf dB, corr=0.000, sr=no, ta=0.0 us
2026-09-14T10:47:47.159476 [PHY1   ] [I] [ 5321] PUCCH: cc=0; rnti=0x46, f=2, n_pucch=0, dmrs_corr=1.000, snr=111.7 dB, corr=1.000, cqi=15 (cc=0), ta=0.0 us
2026-09-14T10:47:47.180754 [PHY0   ] [I] [ 5340] PUCCH: cc=0; rnti=0x46, f=1, n_pucch=0, dmrs_corr=-nan, snr=-inf dB, corr=0.000, sr=no, ta=0.0 us
2026-09-14T10:47:47.203212 [PHY0   ] [I] [ 5360] PUCCH: cc=0; rnti=0x46, f=1, n_pucch=0, dmrs_corr=-nan, snr=-inf dB, corr=0.000, sr=no, ta=0.0 us
2026-09-14T10:47:47.204418 [PHY1   ] [I] [ 5361] PUCCH: cc=0; rnti=0x46, f=2, n_pucch=0, dmrs_corr=1.000, snr=111.7 dB, corr=1.000, cqi=15 (cc=0), ta=0.0 us
2026-09-14T10:47:47.225491 [PHY0   ] [I] [ 5380] PUCCH: cc=0; rnti=0x46, f=1, n_pucch=0, dmrs_corr=-nan, snr=-inf dB, corr=0.000, sr=no, ta=0.0 us
2026-09-14T10:47:47.247834 [PHY0   ] [I] [ 5400] PUCCH: cc=0; rnti=0x46, f=1, n_pucch=0, dmrs_corr=-nan, snr=-inf dB, corr=0.000, sr=no, ta=0.0 us
2026-09-14T10:47:47.249064 [PHY1   ] [I] [ 5401] PUCCH: cc=0; rnti=0x46, f=2, n_pucch=0, dmrs_corr=1.000, snr=111.7 dB, corr=1.000, cqi=15 (cc=0), ta=0.0 us
2026-09-14T10:47:47.270424 [PHY0   ] [I] [ 5420] PUCCH: cc=0; rnti=0x46, f=1, n_pucch=0, dmrs_corr=-nan, snr=-inf dB, corr=0.000, sr=no, ta=0.0 us
2026-09-14T10:47:47.292932 [PHY0   ] [I] [ 5440] PUCCH: cc=0; rnti=0x46, f=1, n_pucch=0, dmrs_corr=-nan, snr=-inf dB, corr=0.000, sr=no, ta=0.0 us
2026-09-14T10:47:47.294255 [PHY1   ] [I] [ 5441] PUCCH: cc=0; rnti=0x46, f=2, n_pucch=0, dmrs_corr=1.000, snr=111.7 dB, corr=1.000, cqi=15 (cc=0), ta=0.0 us
2026-09-14T10:47:47.315612 [PHY0   ] [I] [ 5460] PUCCH: cc=0; rnti=0x46, f=1, n_pucch=0, dmrs_corr=-nan, snr=-inf dB, corr=0.000, sr=no, ta=0.0 us
2026-09-14T10:47:47.338130 [PHY0   ] [I] [ 5480] PUCCH: cc=0; rnti=0x46, f=1, n_pucch=0, dmrs_corr=-nan, snr=-inf dB, corr=0.000, sr=no, ta=0.0 us
2026-09-14T10:47:47.339254 [PHY1   ] [I] [ 5481] PUCCH: cc=0; rnti=0x46, f=2, n_pucch=0, dmrs_corr=1.000, snr=111.7 dB, corr=1.000, cqi=15 (cc=0), ta=0.0 us
2026-09-14T10:47:47.360512 [PHY0   ] [I] [ 5500] PUCCH: cc=0; rnti=0x46, f=1, n_pucch=0, dmrs_corr=-nan, snr=-inf dB, corr=0.000, sr=no, ta=0.0 us
2026-09-14T10:47:47.382809 [PHY0   ] [I] [ 5520] PUCCH: cc=0; rnti=0x46, f=1, n_pucch=0, dmrs_corr=-nan, snr=-inf dB, corr=0.000, sr=no, ta=0.0 us
2026-09-14T10:47:47.383999 [PHY1   ] [I] [ 5521] PUCCH: cc=0; rnti=0x46, f=2, n_pucch=0, dmrs_corr=1.000, snr=111.7 dB, corr=1.000, cqi=15 (cc=0), ta=0.0 us
2026-09-14T10:47:47.404999 [PHY0   ] [I] [ 5540] PUCCH: cc=0; rnti=0x46, f=1, n_pucch=0, dmrs_corr=-nan, snr=-inf dB, corr=0.000, sr=no, ta=0.0 us
2026-09-14T10:47:47.427209 [PHY0   ] [I] [ 5560] PUCCH: cc=0; rnti=0x46, f=1, n_pucch=0, dmrs_corr=-nan, snr=-inf dB, corr=0.000, sr=no, ta=0.0 us
2026-09-14T10:47:47.428376 [PHY1   ] [I] [ 5561] PUCCH: cc=0; rnti=0x46, f=2, n_pucch=0, dmrs_corr=1.000, snr=111.7 dB, corr=1.000, cqi=15 (cc=0), ta=0.0 us
2026-09-14T10:47:47.449503 [PHY0   ] [I] [ 5580] PUCCH: cc=0; rnti=0x46, f=1, n_pucch=0, dmrs_corr=-nan, snr=-inf dB, corr=0.000, sr=no, ta=0.0 us
2026-09-14T10:47:47.471942 [PHY0   ] [I] [ 5600] PUCCH: cc=0; rnti=0x46, f=1, n_pucch=0, dmrs_corr=-nan, snr=-inf dB, corr=0.000, sr=no, ta=0.0 us
2026-09-14T10:47:47.473234 [PHY1   ] [I] [ 5601] PUCCH: cc=0; rnti=0x46, f=2, n_pucch=0, dmrs_corr=1.000, snr=111.7 dB, corr=1.000, cqi=15 (cc=0), ta=0.0 us
2026-09-14T10:47:47.494575 [PHY0   ] [I] [ 5620] PUCCH: cc=0; rnti=0x46, f=1, n_pucch=0, dmrs_corr=-nan, snr=-inf dB, corr=0.000, sr=no, ta=0.0 us
2026-09-14T10:47:47.516849 [PHY0   ] [I] [ 5640] PUCCH: cc=0; rnti=0x46, f=1, n_pucch=0, dmrs_corr=-nan, snr=-inf dB, corr=0.000, sr=no, ta=0.0 us
2026-09-14T10:47:47.518039 [PHY1   ] [I] [ 5641] PUCCH: cc=0; rnti=0x46, f=2, n_pucch=0, dmrs_corr=1.000, snr=111.7 dB, corr=1.000, cqi=15 (cc=0), ta=0.0 us
2026-09-14T10:47:47.539403 [PHY0   ] [I] [ 5660] PUCCH: cc=0; rnti=0x46, f=1, n_pucch=0, dmrs_corr=-nan, snr=-inf dB, corr=0.000, sr=no, ta=0.0 us
2026-09-14T10:47:47.561782 [PHY0   ] [I] [ 5680] PUCCH: cc=0; rnti=0x46, f=1, n_pucch=0, dmrs_corr=-nan, snr=-inf dB, corr=0.000, sr=no, ta=0.0 us
2026-09-14T10:47:47.563077 [PHY1   ] [I] [ 5681] PUCCH: cc=0; rnti=0x46, f=2, n_pucch=0, dmrs_corr=1.000, snr=111.7 dB, corr=1.000, cqi=15 (cc=0), ta=0.0 us
2026-09-14T10:47:47.584218 [PHY0   ] [I] [ 5700] PUCCH: cc=0; rnti=0x46, f=1, n_pucch=0, dmrs_corr=-nan, snr=-inf dB, corr=0.000, sr=no, ta=0.0 us
2026-09-14T10:47:47.606473 [PHY0   ] [I] [ 5720] PUCCH: cc=0; rnti=0x46, f=1, n_pucch=0, dmrs_corr=-nan, snr=-inf dB, corr=0.000, sr=no, ta=0.0 us
2026-09-14T10:47:47.607663 [PHY1   ] [I] [ 5721] PUCCH: cc=0; rnti=0x46, f=2, n_pucch=0, dmrs_corr=1.000, snr=111.7 dB, corr=1.000, cqi=15 (cc=0), ta=0.0 us
2026-09-14T10:47:47.629286 [PHY0   ] [I] [ 5740] PUCCH: cc=0; rnti=0x46, f=1, n_pucch=0, dmrs_corr=-nan, snr=-inf dB, corr=0.000, sr=no, ta=0.0 us
2026-09-14T10:47:47.652192 [PHY0   ] [I] [ 5760] PUCCH: cc=0; rnti=0x46, f=1, n_pucch=0, dmrs_corr=-nan, snr=-inf dB, corr=0.000, sr=no, ta=0.0 us
2026-09-14T10:47:47.653597 [PHY1   ] [I] [ 5761] PUCCH: cc=0; rnti=0x46, f=2, n_pucch=0, dmrs_corr=1.000, snr=111.7 dB, corr=1.000, cqi=15 (cc=0), ta=0.0 us
2026-09-14T10:47:47.675078 [PHY0   ] [I] [ 5780] PUCCH: cc=0; rnti=0x46, f=1, n_pucch=0, dmrs_corr=-nan, snr=-inf dB, corr=0.000, sr=no, ta=0.0 us
2026-09-14T10:47:47.697771 [PHY0   ] [I] [ 5800] PUCCH: cc=0; rnti=0x46, f=1, n_pucch=0, dmrs_corr=-nan, snr=-inf dB, corr=0.000, sr=no, ta=0.0 us
2026-09-14T10:47:47.699193 [PHY1   ] [I] [ 5801] PUCCH: cc=0; rnti=0x46, f=2, n_pucch=0, dmrs_corr=1.000, snr=111.7 dB, corr=1.000, cqi=15 (cc=0), ta=0.0 us
2026-09-14T10:47:47.721050 [PHY0   ] [I] [ 5820] PUCCH: cc=0; rnti=0x46, f=1, n_pucch=0, dmrs_corr=-nan, snr=-inf dB, corr=0.000, sr=no, ta=0.0 us
2026-09-14T10:47:47.743704 [PHY0   ] [I] [ 5840] PUCCH: cc=0; rnti=0x46, f=1, n_pucch=0, dmrs_corr=-nan, snr=-inf dB, corr=0.000, sr=no, ta=0.0 us
2026-09-14T10:47:47.744925 [PHY1   ] [I] [ 5841] PUCCH: cc=0; rnti=0x46, f=2, n_pucch=0, dmrs_corr=1.000, snr=111.7 dB, corr=1.000, cqi=15 (cc=0), ta=0.0 us
2026-09-14T10:47:47.766222 [PHY0   ] [I] [ 5860] PUCCH: cc=0; rnti=0x46, f=1, n_pucch=0, dmrs_corr=-nan, snr=-inf dB, corr=0.000, sr=no, ta=0.0 us
2026-09-14T10:47:47.789050 [PHY0   ] [I] [ 5880] PUCCH: cc=0; rnti=0x46, f=1, n_pucch=0, dmrs_corr=-nan, snr=-inf dB, corr=0.000, sr=no, ta=0.0 us
2026-09-14T10:47:47.790348 [PHY1   ] [I] [ 5881] PUCCH: cc=0; rnti=0x46, f=2, n_pucch=0, dmrs_corr=1.000, snr=111.7 dB, corr=1.000, cqi=15 (cc=0), ta=0.0 us
2026-09-14T10:47:47.811747 [PHY0   ] [I] [ 5900] PUCCH: cc=0; rnti=0x46, f=1, n_pucch=0, dmrs_corr=-nan, snr=-inf dB, corr=0.000, sr=no, ta=0.0 us
2026-09-14T10:47:47.834228 [PHY0   ] [I] [ 5920] PUCCH: cc=0; rnti=0x46, f=1, n_pucch=0, dmrs_corr=-nan, snr=-inf dB, corr=0.000, sr=no, ta=0.0 us
2026-09-14T10:47:47.835484 [PHY1   ] [I] [ 5921] PUCCH: cc=0; rnti=0x46, f=2, n_pucch=0, dmrs_corr=1.000, snr=111.7 dB, corr=1.000, cqi=15 (cc=0), ta=0.0 us
2026-09-14T10:47:47.856578 [PHY0   ] [I] [ 5940] PUCCH: cc=0; rnti=0x46, f=1, n_pucch=0, dmrs_corr=-nan, snr=-inf dB, corr=0.000, sr=no, ta=0.0 us
2026-09-14T10:47:47.879390 [PHY0   ] [I] [ 5960] PUCCH: cc=0; rnti=0x46, f=1, n_pucch=0, dmrs_corr=-nan, snr=-inf dB, corr=0.000, sr=no, ta=0.0 us
2026-09-14T10:47:47.880652 [PHY1   ] [I] [ 5961] PUCCH: cc=0; rnti=0x46, f=2, n_pucch=0, dmrs_corr=1.000, snr=111.7 dB, corr=1.000, cqi=15 (cc=0), ta=0.0 us
2026-09-14T10:47:47.902051 [PHY0   ] [I] [ 5980] PUCCH: cc=0; rnti=0x46, f=1, n_pucch=0, dmrs_corr=-nan, snr=-inf dB, corr=0.000, sr=no, ta=0.0 us
2026-09-14T10:47:47.924736 [PHY0   ] [I] [ 6000] PUCCH: cc=0; rnti=0x46, f=1, n_pucch=0, dmrs_corr=-nan, snr=-inf dB, corr=0.000, sr=no, ta=0.0 us
2026-09-14T10:47:47.925960 [PHY1   ] [I] [ 6001] PUCCH: cc=0; rnti=0x46, f=2, n_pucch=0, dmrs_corr=1.000, snr=111.7 dB, corr=1.000, cqi=15 (cc=0), ta=0.0 us
2026-09-14T10:47:47.947464 [PHY0   ] [I] [ 6020] PUCCH: cc=0; rnti=0x46, f=1, n_pucch=0, dmrs_corr=-nan, snr=-inf dB, corr=0.000, sr=no, ta=0.0 us
2026-09-14T10:47:47.970252 [PHY0   ] [I] [ 6040] PUCCH: cc=0; rnti=0x46, f=1, n_pucch=0, dmrs_corr=-nan, snr=-inf dB, corr=0.000, sr=no, ta=0.0 us
2026-09-14T10:47:47.971450 [PHY1   ] [I] [ 6041] PUCCH: cc=0; rnti=0x46, f=2, n_pucch=0, dmrs_corr=1.000, snr=111.7 dB, corr=1.000, cqi=15 (cc=0), ta=0.0 us
2026-09-14T10:47:47.993037 [PHY0   ] [I] [ 6060] PUCCH: cc=0; rnti=0x46, f=1, n_pucch=0, dmrs_corr=-nan, snr=-inf dB, corr=0.000, sr=no, ta=0.0 us
2026-09-14T10:47:48.015693 [PHY0   ] [I] [ 6080] PUCCH: cc=0; rnti=0x46, f=1, n_pucch=0, dmrs_corr=-nan, snr=-inf dB, corr=0.000, sr=no, ta=0.0 us
2026-09-14T10:47:48.016986 [PHY1   ] [I] [ 6081] PUCCH: cc=0; rnti=0x46, f=2, n_pucch=0, dmrs_corr=1.000, snr=111.7 dB, corr=1.000, cqi=15 (cc=0), ta=0.0 us
2026-09-14T10:47:48.038364 [PHY0   ] [I] [ 6100] PUCCH: cc=0; rnti=0x46, f=1, n_pucch=0, dmrs_corr=-nan, snr=-inf dB, corr=0.000, sr=no, ta=0.0 us
2026-09-14T10:47:48.061106 [PHY0   ] [I] [ 6120] PUCCH: cc=0; rnti=0x46, f=1, n_pucch=0, dmrs_corr=-nan, snr=-inf dB, corr=0.000, sr=no, ta=0.0 us
2026-09-14T10:47:48.062517 [PHY1   ] [I] [ 6121] PUCCH: cc=0; rnti=0x46, f=2, n_pucch=0, dmrs_corr=1.000, snr=111.7 dB, corr=1.000, cqi=15 (cc=0), ta=0.0 us
2026-09-14T10:47:48.083791 [PHY0   ] [I] [ 6140] PUCCH: cc=0; rnti=0x46, f=1, n_pucch=0, dmrs_corr=-nan, snr=-inf dB, corr=0.000, sr=no, ta=0.0 us
2026-09-14T10:47:48.106479 [PHY0   ] [I] [ 6160] PUCCH: cc=0; rnti=0x46, f=1, n_pucch=0, dmrs_corr=-nan, snr=-inf dB, corr=0.000, sr=no, ta=0.0 us
2026-09-14T10:47:48.107601 [PHY1   ] [I] [ 6161] PUCCH: cc=0; rnti=0x46, f=2, n_pucch=0, dmrs_corr=1.000, snr=111.7 dB, corr=1.000, cqi=15 (cc=0), ta=0.0 us
2026-09-14T10:47:48.128929 [PHY0   ] [I] [ 6180] PUCCH: cc=0; rnti=0x46, f=1, n_pucch=0, dmrs_corr=-nan, snr=-inf dB, corr=0.000, sr=no, ta=0.0 us
2026-09-14T10:47:48.151449 [PHY0   ] [I] [ 6200] PUCCH: cc=0; rnti=0x46, f=1, n_pucch=0, dmrs_corr=-nan, snr=-inf dB, corr=0.000, sr=no, ta=0.0 us
2026-09-14T10:47:48.152769 [PHY1   ] [I] [ 6201] PUCCH: cc=0; rnti=0x46, f=2, n_pucch=0, dmrs_corr=1.000, snr=111.7 dB, corr=1.000, cqi=15 (cc=0), ta=0.0 us
2026-09-14T10:47:48.174139 [PHY0   ] [I] [ 6220] PUCCH: cc=0; rnti=0x46, f=1, n_pucch=0, dmrs_corr=-nan, snr=-inf dB, corr=0.000, sr=no, ta=0.0 us
2026-09-14T10:47:48.196809 [PHY0   ] [I] [ 6240] PUCCH: cc=0; rnti=0x46, f=1, n_pucch=0, dmrs_corr=-nan, snr=-inf dB, corr=0.000, sr=no, ta=0.0 us
2026-09-14T10:47:48.197941 [PHY1   ] [I] [ 6241] PUCCH: cc=0; rnti=0x46, f=2, n_pucch=0, dmrs_corr=1.000, snr=111.7 dB, corr=1.000, cqi=15 (cc=0), ta=0.0 us
2026-09-14T10:47:48.219131 [PHY0   ] [I] [ 6260] PUCCH: cc=0; rnti=0x46, f=1, n_pucch=0, dmrs_corr=-nan, snr=-inf dB, corr=0.000, sr=no, ta=0.0 us
2026-09-14T10:47:48.241697 [PHY0   ] [I] [ 6280] PUCCH: cc=0; rnti=0x46, f=1, n_pucch=0, dmrs_corr=-nan, snr=-inf dB, corr=0.000, sr=no, ta=0.0 us
2026-09-14T10:47:48.242913 [PHY1   ] [I] [ 6281] PUCCH: cc=0; rnti=0x46, f=2, n_pucch=0, dmrs_corr=1.000, snr=111.7 dB, corr=1.000, cqi=15 (cc=0), ta=0.0 us
2026-09-14T10:47:48.264421 [PHY0   ] [I] [ 6300] PUCCH: cc=0; rnti=0x46, f=1, n_pucch=0, dmrs_corr=-nan, snr=-inf dB, corr=0.000, sr=no, ta=0.0 us
2026-09-14T10:47:48.287041 [PHY0   ] [I] [ 6320] PUCCH: cc=0; rnti=0x46, f=1, n_pucch=0, dmrs_corr=-nan, snr=-inf dB, corr=0.000, sr=no, ta=0.0 us
2026-09-14T10:47:48.288171 [PHY1   ] [I] [ 6321] PUCCH: cc=0; rnti=0x46, f=2, n_pucch=0, dmrs_corr=1.000, snr=111.7 dB, corr=1.000, cqi=15 (cc=0), ta=0.0 us
2026-09-14T10:47:48.309567 [PHY0   ] [I] [ 6340] PUCCH: cc=0; rnti=0x46, f=1, n_pucch=0, dmrs_corr=-nan, snr=-inf dB, corr=0.000, sr=no, ta=0.0 us
2026-09-14T10:47:48.332592 [PHY0   ] [I] [ 6360] PUCCH: cc=0; rnti=0x46, f=1, n_pucch=0, dmrs_corr=-nan, snr=-inf dB, corr=0.000, sr=no, ta=0.0 us
2026-09-14T10:47:48.333864 [PHY1   ] [I] [ 6361] PUCCH: cc=0; rnti=0x46, f=2, n_pucch=0, dmrs_corr=1.000, snr=111.7 dB, corr=1.000, cqi=15 (cc=0), ta=0.0 us
2026-09-14T10:47:48.355090 [PHY0   ] [I] [ 6380] PUCCH: cc=0; rnti=0x46, f=1, n_pucch=0, dmrs_corr=-nan, snr=-inf dB, corr=0.000, sr=no, ta=0.0 us
2026-09-14T10:47:48.377858 [PHY0   ] [I] [ 6400] PUCCH: cc=0; rnti=0x46, f=1, n_pucch=0, dmrs_corr=-nan, snr=-inf dB, corr=0.000, sr=no, ta=0.0 us
2026-09-14T10:47:48.379156 [PHY1   ] [I] [ 6401] PUCCH: cc=0; rnti=0x46, f=2, n_pucch=0, dmrs_corr=1.000, snr=111.7 dB, corr=1.000, cqi=15 (cc=0), ta=0.0 us
2026-09-14T10:47:48.400565 [PHY0   ] [I] [ 6420] PUCCH: cc=0; rnti=0x46, f=1, n_pucch=0, dmrs_corr=-nan, snr=-inf dB, corr=0.000, sr=no, ta=0.0 us
2026-09-14T10:47:48.423213 [PHY0   ] [I] [ 6440] PUCCH: cc=0; rnti=0x46, f=1, n_pucch=0, dmrs_corr=-nan, snr=-inf dB, corr=0.000, sr=no, ta=0.0 us
2026-09-14T10:47:48.424563 [PHY1   ] [I] [ 6441] PUCCH: cc=0; rnti=0x46, f=2, n_pucch=0, dmrs_corr=1.000, snr=111.7 dB, corr=1.000, cqi=15 (cc=0), ta=0.0 us
2026-09-14T10:47:48.445832 [PHY0   ] [I] [ 6460] PUCCH: cc=0; rnti=0x46, f=1, n_pucch=0, dmrs_corr=-nan, snr=-inf dB, corr=0.000, sr=no, ta=0.0 us
2026-09-14T10:47:48.468533 [PHY0   ] [I] [ 6480] PUCCH: cc=0; rnti=0x46, f=1, n_pucch=0, dmrs_corr=-nan, snr=-inf dB, corr=0.000, sr=no, ta=0.0 us
2026-09-14T10:47:48.469840 [PHY1   ] [I] [ 6481] PUCCH: cc=0; rnti=0x46, f=2, n_pucch=0, dmrs_corr=1.000, snr=111.7 dB, corr=1.000, cqi=15 (cc=0), ta=0.0 us
2026-09-14T10:47:48.491185 [PHY0   ] [I] [ 6500] PUCCH: cc=0; rnti=0x46, f=1, n_pucch=0, dmrs_corr=-nan, snr=-inf dB, corr=0.000, sr=no, ta=0.0 us
2026-09-14T10:47:48.514062 [PHY0   ] [I] [ 6520] PUCCH: cc=0; rnti=0x46, f=1, n_pucch=0, dmrs_corr=-nan, snr=-inf dB, corr=0.000, sr=no, ta=0.0 us
2026-09-14T10:47:48.515353 [PHY1   ] [I] [ 6521] PUCCH: cc=0; rnti=0x46, f=2, n_pucch=0, dmrs_corr=1.000, snr=111.7 dB, corr=1.000, cqi=15 (cc=0), ta=0.0 us
2026-09-14T10:47:48.536752 [PHY0   ] [I] [ 6540] PUCCH: cc=0; rnti=0x46, f=1, n_pucch=0, dmrs_corr=-nan, snr=-inf dB, corr=0.000, sr=no, ta=0.0 us
2026-09-14T10:47:48.559522 [PHY0   ] [I] [ 6560] PUCCH: cc=0; rnti=0x46, f=1, n_pucch=0, dmrs_corr=-nan, snr=-inf dB, corr=0.000, sr=no, ta=0.0 us
2026-09-14T10:47:48.560769 [PHY1   ] [I] [ 6561] PUCCH: cc=0; rnti=0x46, f=2, n_pucch=0, dmrs_corr=1.000, snr=111.7 dB, corr=1.000, cqi=15 (cc=0), ta=0.0 us
2026-09-14T10:47:48.582689 [PHY0   ] [I] [ 6580] PUCCH: cc=0; rnti=0x46, f=1, n_pucch=0, dmrs_corr=-nan, snr=-inf dB, corr=0.000, sr=no, ta=0.0 us
2026-09-14T10:47:48.605305 [PHY0   ] [I] [ 6600] PUCCH: cc=0; rnti=0x46, f=1, n_pucch=0, dmrs_corr=-nan, snr=-inf dB, corr=0.000, sr=no, ta=0.0 us
2026-09-14T10:47:48.606416 [PHY1   ] [I] [ 6601] PUCCH: cc=0; rnti=0x46, f=2, n_pucch=0, dmrs_corr=1.000, snr=111.7 dB, corr=1.000, cqi=15 (cc=0), ta=0.0 us
2026-09-14T10:47:48.627689 [PHY0   ] [I] [ 6620] PUCCH: cc=0; rnti=0x46, f=1, n_pucch=0, dmrs_corr=-nan, snr=-inf dB, corr=0.000, sr=no, ta=0.0 us
2026-09-14T10:47:48.650373 [PHY0   ] [I] [ 6640] PUCCH: cc=0; rnti=0x46, f=1, n_pucch=0, dmrs_corr=-nan, snr=-inf dB, corr=0.000, sr=no, ta=0.0 us
2026-09-14T10:47:48.651515 [PHY1   ] [I] [ 6641] PUCCH: cc=0; rnti=0x46, f=2, n_pucch=0, dmrs_corr=1.000, snr=111.7 dB, corr=1.000, cqi=15 (cc=0), ta=0.0 us
2026-09-14T10:47:48.672947 [PHY0   ] [I] [ 6660] PUCCH: cc=0; rnti=0x46, f=1, n_pucch=0, dmrs_corr=-nan, snr=-inf dB, corr=0.000, sr=no, ta=0.0 us
2026-09-14T10:47:48.695324 [PHY0   ] [I] [ 6680] PUCCH: cc=0; rnti=0x46, f=1, n_pucch=0, dmrs_corr=-nan, snr=-inf dB, corr=0.000, sr=no, ta=0.0 us
2026-09-14T10:47:48.696630 [PHY1   ] [I] [ 6681] PUCCH: cc=0; rnti=0x46, f=2, n_pucch=0, dmrs_corr=1.000, snr=111.7 dB, corr=1.000, cqi=15 (cc=0), ta=0.0 us
2026-09-14T10:47:48.717998 [PHY0   ] [I] [ 6700] PUCCH: cc=0; rnti=0x46, f=1, n_pucch=0, dmrs_corr=-nan, snr=-inf dB, corr=0.000, sr=no, ta=0.0 us
2026-09-14T10:47:48.740758 [PHY0   ] [I] [ 6720] PUCCH: cc=0; rnti=0x46, f=1, n_pucch=0, dmrs_corr=-nan, snr=-inf dB, corr=0.000, sr=no, ta=0.0 us
2026-09-14T10:47:48.742075 [PHY1   ] [I] [ 6721] PUCCH: cc=0; rnti=0x46, f=2, n_pucch=0, dmrs_corr=1.000, snr=111.7 dB, corr=1.000, cqi=15 (cc=0), ta=0.0 us
2026-09-14T10:47:48.763606 [PHY0   ] [I] [ 6740] PUCCH: cc=0; rnti=0x46, f=1, n_pucch=0, dmrs_corr=-nan, snr=-inf dB, corr=0.000, sr=no, ta=0.0 us
2026-09-14T10:47:48.786356 [PHY0   ] [I] [ 6760] PUCCH: cc=0; rnti=0x46, f=1, n_pucch=0, dmrs_corr=-nan, snr=-inf dB, corr=0.000, sr=no, ta=0.0 us
2026-09-14T10:47:48.787532 [PHY1   ] [I] [ 6761] PUCCH: cc=0; rnti=0x46, f=2, n_pucch=0, dmrs_corr=1.000, snr=111.7 dB, corr=1.000, cqi=15 (cc=0), ta=0.0 us
2026-09-14T10:47:48.808679 [PHY0   ] [I] [ 6780] PUCCH: cc=0; rnti=0x46, f=1, n_pucch=0, dmrs_corr=-nan, snr=-inf dB, corr=0.000, sr=no, ta=0.0 us
2026-09-14T10:47:48.831046 [PHY0   ] [I] [ 6800] PUCCH: cc=0; rnti=0x46, f=1, n_pucch=0, dmrs_corr=-nan, snr=-inf dB, corr=0.000, sr=no, ta=0.0 us
2026-09-14T10:47:48.832259 [PHY1   ] [I] [ 6801] PUCCH: cc=0; rnti=0x46, f=2, n_pucch=0, dmrs_corr=1.000, snr=111.7 dB, corr=1.000, cqi=15 (cc=0), ta=0.0 us
2026-09-14T10:47:48.853357 [PHY0   ] [I] [ 6820] PUCCH: cc=0; rnti=0x46, f=1, n_pucch=0, dmrs_corr=-nan, snr=-inf dB, corr=0.000, sr=no, ta=0.0 us
2026-09-14T10:47:48.876199 [PHY0   ] [I] [ 6840] PUCCH: cc=0; rnti=0x46, f=1, n_pucch=0, dmrs_corr=-nan, snr=-inf dB, corr=0.000, sr=no, ta=0.0 us
2026-09-14T10:47:48.877384 [PHY1   ] [I] [ 6841] PUCCH: cc=0; rnti=0x46, f=2, n_pucch=0, dmrs_corr=1.000, snr=111.7 dB, corr=1.000, cqi=15 (cc=0), ta=0.0 us
2026-09-14T10:47:48.898609 [PHY0   ] [I] [ 6860] PUCCH: cc=0; rnti=0x46, f=1, n_pucch=0, dmrs_corr=-nan, snr=-inf dB, corr=0.000, sr=no, ta=0.0 us
2026-09-14T10:47:48.921246 [PHY0   ] [I] [ 6880] PUCCH: cc=0; rnti=0x46, f=1, n_pucch=0, dmrs_corr=-nan, snr=-inf dB, corr=0.000, sr=no, ta=0.0 us
2026-09-14T10:47:48.922639 [PHY1   ] [I] [ 6881] PUCCH: cc=0; rnti=0x46, f=2, n_pucch=0, dmrs_corr=1.000, snr=111.7 dB, corr=1.000, cqi=15 (cc=0), ta=0.0 us
2026-09-14T10:47:48.943895 [PHY0   ] [I] [ 6900] PUCCH: cc=0; rnti=0x46, f=1, n_pucch=0, dmrs_corr=-nan, snr=-inf dB, corr=0.000, sr=no, ta=0.0 us
2026-09-14T10:47:48.966457 [PHY0   ] [I] [ 6920] PUCCH: cc=0; rnti=0x46, f=1, n_pucch=0, dmrs_corr=-nan, snr=-inf dB, corr=0.000, sr=no, ta=0.0 us
2026-09-14T10:47:48.967692 [PHY1   ] [I] [ 6921] PUCCH: cc=0; rnti=0x46, f=2, n_pucch=0, dmrs_corr=1.000, snr=111.7 dB, corr=1.000, cqi=15 (cc=0), ta=0.0 us
2026-09-14T10:47:48.989085 [PHY0   ] [I] [ 6940] PUCCH: cc=0; rnti=0x46, f=1, n_pucch=0, dmrs_corr=-nan, snr=-inf dB, corr=0.000, sr=no, ta=0.0 us
2026-09-14T10:47:49.011727 [PHY0   ] [I] [ 6960] PUCCH: cc=0; rnti=0x46, f=1, n_pucch=0, dmrs_corr=-nan, snr=-inf dB, corr=0.000, sr=no, ta=0.0 us
2026-09-14T10:47:49.013019 [PHY1   ] [I] [ 6961] PUCCH: cc=0; rnti=0x46, f=2, n_pucch=0, dmrs_corr=1.000, snr=111.7 dB, corr=1.000, cqi=15 (cc=0), ta=0.0 us
2026-09-14T10:47:49.034272 [PHY0   ] [I] [ 6980] PUCCH: cc=0; rnti=0x46, f=1, n_pucch=0, dmrs_corr=-nan, snr=-inf dB, corr=0.000, sr=no, ta=0.0 us
2026-09-14T10:47:49.056696 [PHY0   ] [I] [ 7000] PUCCH: cc=0; rnti=0x46, f=1, n_pucch=0, dmrs_corr=-nan, snr=-inf dB, corr=0.000, sr=no, ta=0.0 us
2026-09-14T10:47:49.057882 [PHY1   ] [I] [ 7001] PUCCH: cc=0; rnti=0x46, f=2, n_pucch=0, dmrs_corr=1.000, snr=111.7 dB, corr=1.000, cqi=15 (cc=0), ta=0.0 us
2026-09-14T10:47:49.079231 [PHY0   ] [I] [ 7020] PUCCH: cc=0; rnti=0x46, f=1, n_pucch=0, dmrs_corr=-nan, snr=-inf dB, corr=0.000, sr=no, ta=0.0 us
2026-09-14T10:47:49.101903 [PHY0   ] [I] [ 7040] PUCCH: cc=0; rnti=0x46, f=1, n_pucch=0, dmrs_corr=-nan, snr=-inf dB, corr=0.000, sr=no, ta=0.0 us
2026-09-14T10:47:49.103209 [PHY1   ] [I] [ 7041] PUCCH: cc=0; rnti=0x46, f=2, n_pucch=0, dmrs_corr=1.000, snr=111.7 dB, corr=1.000, cqi=15 (cc=0), ta=0.0 us
2026-09-14T10:47:49.124609 [PHY0   ] [I] [ 7060] PUCCH: cc=0; rnti=0x46, f=1, n_pucch=0, dmrs_corr=-nan, snr=-inf dB, corr=0.000, sr=no, ta=0.0 us
2026-09-14T10:47:49.147462 [PHY0   ] [I] [ 7080] PUCCH: cc=0; rnti=0x46, f=1, n_pucch=0, dmrs_corr=-nan, snr=-inf dB, corr=0.000, sr=no, ta=0.0 us
2026-09-14T10:47:49.148758 [PHY1   ] [I] [ 7081] PUCCH: cc=0; rnti=0x46, f=2, n_pucch=0, dmrs_corr=1.000, snr=111.7 dB, corr=1.000, cqi=15 (cc=0), ta=0.0 us
2026-09-14T10:47:49.170489 [PHY0   ] [I] [ 7100] PUCCH: cc=0; rnti=0x46, f=1, n_pucch=0, dmrs_corr=-nan, snr=-inf dB, corr=0.000, sr=no, ta=0.0 us
2026-09-14T10:47:49.193154 [PHY0   ] [I] [ 7120] PUCCH: cc=0; rnti=0x46, f=1, n_pucch=0, dmrs_corr=-nan, snr=-inf dB, corr=0.000, sr=no, ta=0.0 us
2026-09-14T10:47:49.194422 [PHY1   ] [I] [ 7121] PUCCH: cc=0; rnti=0x46, f=2, n_pucch=0, dmrs_corr=1.000, snr=111.7 dB, corr=1.000, cqi=15 (cc=0), ta=0.0 us
2026-09-14T10:47:49.215764 [PHY0   ] [I] [ 7140] PUCCH: cc=0; rnti=0x46, f=1, n_pucch=0, dmrs_corr=-nan, snr=-inf dB, corr=0.000, sr=no, ta=0.0 us
2026-09-14T10:47:49.238520 [PHY0   ] [I] [ 7160] PUCCH: cc=0; rnti=0x46, f=1, n_pucch=0, dmrs_corr=-nan, snr=-inf dB, corr=0.000, sr=no, ta=0.0 us
2026-09-14T10:47:49.239762 [PHY1   ] [I] [ 7161] PUCCH: cc=0; rnti=0x46, f=2, n_pucch=0, dmrs_corr=1.000, snr=111.7 dB, corr=1.000, cqi=15 (cc=0), ta=0.0 us
2026-09-14T10:47:49.260938 [PHY0   ] [I] [ 7180] PUCCH: cc=0; rnti=0x46, f=1, n_pucch=0, dmrs_corr=-nan, snr=-inf dB, corr=0.000, sr=no, ta=0.0 us
2026-09-14T10:47:49.283582 [PHY0   ] [I] [ 7200] PUCCH: cc=0; rnti=0x46, f=1, n_pucch=0, dmrs_corr=-nan, snr=-inf dB, corr=0.000, sr=no, ta=0.0 us
2026-09-14T10:47:49.284856 [PHY1   ] [I] [ 7201] PUCCH: cc=0; rnti=0x46, f=2, n_pucch=0, dmrs_corr=1.000, snr=111.7 dB, corr=1.000, cqi=15 (cc=0), ta=0.0 us
2026-09-14T10:47:49.306287 [PHY0   ] [I] [ 7220] PUCCH: cc=0; rnti=0x46, f=1, n_pucch=0, dmrs_corr=-nan, snr=-inf dB, corr=0.000, sr=no, ta=0.0 us
2026-09-14T10:47:49.329246 [PHY0   ] [I] [ 7240] PUCCH: cc=0; rnti=0x46, f=1, n_pucch=0, dmrs_corr=-nan, snr=-inf dB, corr=0.000, sr=no, ta=0.0 us
2026-09-14T10:47:49.330601 [PHY1   ] [I] [ 7241] PUCCH: cc=0; rnti=0x46, f=2, n_pucch=0, dmrs_corr=1.000, snr=111.7 dB, corr=1.000, cqi=15 (cc=0), ta=0.0 us
2026-09-14T10:47:49.352082 [PHY0   ] [I] [ 7260] PUCCH: cc=0; rnti=0x46, f=1, n_pucch=0, dmrs_corr=-nan, snr=-inf dB, corr=0.000, sr=no, ta=0.0 us
2026-09-14T10:47:49.374782 [PHY0   ] [I] [ 7280] PUCCH: cc=0; rnti=0x46, f=1, n_pucch=0, dmrs_corr=-nan, snr=-inf dB, corr=0.000, sr=no, ta=0.0 us
2026-09-14T10:47:49.376090 [PHY1   ] [I] [ 7281] PUCCH: cc=0; rnti=0x46, f=2, n_pucch=0, dmrs_corr=1.000, snr=111.7 dB, corr=1.000, cqi=15 (cc=0), ta=0.0 us
2026-09-14T10:47:49.397409 [PHY0   ] [I] [ 7300] PUCCH: cc=0; rnti=0x46, f=1, n_pucch=0, dmrs_corr=-nan, snr=-inf dB, corr=0.000, sr=no, ta=0.0 us
2026-09-14T10:47:49.419922 [PHY0   ] [I] [ 7320] PUCCH: cc=0; rnti=0x46, f=1, n_pucch=0, dmrs_corr=-nan, snr=-inf dB, corr=0.000, sr=no, ta=0.0 us
2026-09-14T10:47:49.421109 [PHY1   ] [I] [ 7321] PUCCH: cc=0; rnti=0x46, f=2, n_pucch=0, dmrs_corr=1.000, snr=111.7 dB, corr=1.000, cqi=15 (cc=0), ta=0.0 us
2026-09-14T10:47:49.442364 [PHY0   ] [I] [ 7340] PUCCH: cc=0; rnti=0x46, f=1, n_pucch=0, dmrs_corr=-nan, snr=-inf dB, corr=0.000, sr=no, ta=0.0 us
2026-09-14T10:47:49.464754 [PHY0   ] [I] [ 7360] PUCCH: cc=0; rnti=0x46, f=1, n_pucch=0, dmrs_corr=-nan, snr=-inf dB, corr=0.000, sr=no, ta=0.0 us
2026-09-14T10:47:49.465941 [PHY1   ] [I] [ 7361] PUCCH: cc=0; rnti=0x46, f=2, n_pucch=0, dmrs_corr=1.000, snr=111.7 dB, corr=1.000, cqi=15 (cc=0), ta=0.0 us
2026-09-14T10:47:49.487271 [PHY0   ] [I] [ 7380] PUCCH: cc=0; rnti=0x46, f=1, n_pucch=0, dmrs_corr=-nan, snr=-inf dB, corr=0.000, sr=no, ta=0.0 us
2026-09-14T10:47:49.509898 [PHY0   ] [I] [ 7400] PUCCH: cc=0; rnti=0x46, f=1, n_pucch=0, dmrs_corr=-nan, snr=-inf dB, corr=0.000, sr=no, ta=0.0 us
2026-09-14T10:47:49.511197 [PHY1   ] [I] [ 7401] PUCCH: cc=0; rnti=0x46, f=2, n_pucch=0, dmrs_corr=1.000, snr=111.7 dB, corr=1.000, cqi=15 (cc=0), ta=0.0 us
2026-09-14T10:47:49.532653 [PHY0   ] [I] [ 7420] PUCCH: cc=0; rnti=0x46, f=1, n_pucch=0, dmrs_corr=-nan, snr=-inf dB, corr=0.000, sr=no, ta=0.0 us
2026-09-14T10:47:49.555625 [PHY0   ] [I] [ 7440] PUCCH: cc=0; rnti=0x46, f=1, n_pucch=0, dmrs_corr=-nan, snr=-inf dB, corr=0.000, sr=no, ta=0.0 us
2026-09-14T10:47:49.556867 [PHY1   ] [I] [ 7441] PUCCH: cc=0; rnti=0x46, f=2, n_pucch=0, dmrs_corr=1.000, snr=111.7 dB, corr=1.000, cqi=15 (cc=0), ta=0.0 us
2026-09-14T10:47:49.578235 [PHY0   ] [I] [ 7460] PUCCH: cc=0; rnti=0x46, f=1, n_pucch=0, dmrs_corr=-nan, snr=-inf dB, corr=0.000, sr=no, ta=0.0 us
2026-09-14T10:47:49.601098 [PHY0   ] [I] [ 7480] PUCCH: cc=0; rnti=0x46, f=1, n_pucch=0, dmrs_corr=-nan, snr=-inf dB, corr=0.000, sr=no, ta=0.0 us
2026-09-14T10:47:49.602355 [PHY1   ] [I] [ 7481] PUCCH: cc=0; rnti=0x46, f=2, n_pucch=0, dmrs_corr=1.000, snr=111.7 dB, corr=1.000, cqi=15 (cc=0), ta=0.0 us
2026-09-14T10:47:49.623734 [PHY0   ] [I] [ 7500] PUCCH: cc=0; rnti=0x46, f=1, n_pucch=0, dmrs_corr=-nan, snr=-inf dB, corr=0.000, sr=no, ta=0.0 us
2026-09-14T10:47:49.646438 [PHY0   ] [I] [ 7520] PUCCH: cc=0; rnti=0x46, f=1, n_pucch=0, dmrs_corr=-nan, snr=-inf dB, corr=0.000, sr=no, ta=0.0 us
2026-09-14T10:47:49.647676 [PHY1   ] [I] [ 7521] PUCCH: cc=0; rnti=0x46, f=2, n_pucch=0, dmrs_corr=1.000, snr=111.7 dB, corr=1.000, cqi=15 (cc=0), ta=0.0 us
2026-09-14T10:47:49.669382 [PHY0   ] [I] [ 7540] PUCCH: cc=0; rnti=0x46, f=1, n_pucch=0, dmrs_corr=-nan, snr=-inf dB, corr=0.000, sr=no, ta=0.0 us
2026-09-14T10:47:49.692190 [PHY0   ] [I] [ 7560] PUCCH: cc=0; rnti=0x46, f=1, n_pucch=0, dmrs_corr=-nan, snr=-inf dB, corr=0.000, sr=no, ta=0.0 us
2026-09-14T10:47:49.693604 [PHY1   ] [I] [ 7561] PUCCH: cc=0; rnti=0x46, f=2, n_pucch=0, dmrs_corr=1.000, snr=111.7 dB, corr=1.000, cqi=15 (cc=0), ta=0.0 us
2026-09-14T10:47:49.714974 [PHY0   ] [I] [ 7580] PUCCH: cc=0; rnti=0x46, f=1, n_pucch=0, dmrs_corr=-nan, snr=-inf dB, corr=0.000, sr=no, ta=0.0 us
2026-09-14T10:47:49.738213 [PHY0   ] [I] [ 7600] PUCCH: cc=0; rnti=0x46, f=1, n_pucch=0, dmrs_corr=-nan, snr=-inf dB, corr=0.000, sr=no, ta=0.0 us
2026-09-14T10:47:49.739436 [PHY1   ] [I] [ 7601] PUCCH: cc=0; rnti=0x46, f=2, n_pucch=0, dmrs_corr=1.000, snr=111.7 dB, corr=1.000, cqi=15 (cc=0), ta=0.0 us
2026-09-14T10:47:49.760790 [PHY0   ] [I] [ 7620] PUCCH: cc=0; rnti=0x46, f=1, n_pucch=0, dmrs_corr=-nan, snr=-inf dB, corr=0.000, sr=no, ta=0.0 us
2026-09-14T10:47:49.783284 [PHY0   ] [I] [ 7640] PUCCH: cc=0; rnti=0x46, f=1, n_pucch=0, dmrs_corr=-nan, snr=-inf dB, corr=0.000, sr=no, ta=0.0 us
2026-09-14T10:47:49.784527 [PHY1   ] [I] [ 7641] PUCCH: cc=0; rnti=0x46, f=2, n_pucch=0, dmrs_corr=1.000, snr=111.7 dB, corr=1.000, cqi=15 (cc=0), ta=0.0 us
2026-09-14T10:47:49.806156 [PHY0   ] [I] [ 7660] PUCCH: cc=0; rnti=0x46, f=1, n_pucch=0, dmrs_corr=-nan, snr=-inf dB, corr=0.000, sr=no, ta=0.0 us
2026-09-14T10:47:49.828498 [PHY0   ] [I] [ 7680] PUCCH: cc=0; rnti=0x46, f=1, n_pucch=0, dmrs_corr=-nan, snr=-inf dB, corr=0.000, sr=no, ta=0.0 us
2026-09-14T10:47:49.829750 [PHY1   ] [I] [ 7681] PUCCH: cc=0; rnti=0x46, f=2, n_pucch=0, dmrs_corr=1.000, snr=111.7 dB, corr=1.000, cqi=15 (cc=0), ta=0.0 us
2026-09-14T10:47:49.851663 [PHY0   ] [I] [ 7700] PUCCH: cc=0; rnti=0x46, f=1, n_pucch=0, dmrs_corr=-nan, snr=-inf dB, corr=0.000, sr=no, ta=0.0 us
2026-09-14T10:47:49.874363 [PHY0   ] [I] [ 7720] PUCCH: cc=0; rnti=0x46, f=1, n_pucch=0, dmrs_corr=-nan, snr=-inf dB, corr=0.000, sr=no, ta=0.0 us
2026-09-14T10:47:49.875796 [PHY1   ] [I] [ 7721] PUCCH: cc=0; rnti=0x46, f=2, n_pucch=0, dmrs_corr=1.000, snr=111.7 dB, corr=1.000, cqi=15 (cc=0), ta=0.0 us
2026-09-14T10:47:49.896963 [PHY0   ] [I] [ 7740] PUCCH: cc=0; rnti=0x46, f=1, n_pucch=0, dmrs_corr=-nan, snr=-inf dB, corr=0.000, sr=no, ta=0.0 us
2026-09-14T10:47:49.919684 [PHY0   ] [I] [ 7760] PUCCH: cc=0; rnti=0x46, f=1, n_pucch=0, dmrs_corr=-nan, snr=-inf dB, corr=0.000, sr=no, ta=0.0 us
2026-09-14T10:47:49.920983 [PHY1   ] [I] [ 7761] PUCCH: cc=0; rnti=0x46, f=2, n_pucch=0, dmrs_corr=1.000, snr=111.7 dB, corr=1.000, cqi=15 (cc=0), ta=0.0 us
2026-09-14T10:47:49.942496 [PHY0   ] [I] [ 7780] PUCCH: cc=0; rnti=0x46, f=1, n_pucch=0, dmrs_corr=-nan, snr=-inf dB, corr=0.000, sr=no, ta=0.0 us
2026-09-14T10:47:49.965203 [PHY0   ] [I] [ 7800] PUCCH: cc=0; rnti=0x46, f=1, n_pucch=0, dmrs_corr=-nan, snr=-inf dB, corr=0.000, sr=no, ta=0.0 us
2026-09-14T10:47:49.966388 [PHY1   ] [I] [ 7801] PUCCH: cc=0; rnti=0x46, f=2, n_pucch=0, dmrs_corr=1.000, snr=111.7 dB, corr=1.000, cqi=15 (cc=0), ta=0.0 us
2026-09-14T10:47:49.987808 [PHY0   ] [I] [ 7820] PUCCH: cc=0; rnti=0x46, f=1, n_pucch=0, dmrs_corr=-nan, snr=-inf dB, corr=0.000, sr=no, ta=0.0 us
2026-09-14T10:47:50.010409 [PHY0   ] [I] [ 7840] PUCCH: cc=0; rnti=0x46, f=1, n_pucch=0, dmrs_corr=-nan, snr=-inf dB, corr=0.000, sr=no, ta=0.0 us
2026-09-14T10:47:50.011759 [PHY1   ] [I] [ 7841] PUCCH: cc=0; rnti=0x46, f=2, n_pucch=0, dmrs_corr=1.000, snr=111.7 dB, corr=1.000, cqi=15 (cc=0), ta=0.0 us
2026-09-14T10:47:50.033169 [PHY0   ] [I] [ 7860] PUCCH: cc=0; rnti=0x46, f=1, n_pucch=0, dmrs_corr=-nan, snr=-inf dB, corr=0.000, sr=no, ta=0.0 us
2026-09-14T10:47:50.055802 [PHY0   ] [I] [ 7880] PUCCH: cc=0; rnti=0x46, f=1, n_pucch=0, dmrs_corr=-nan, snr=-inf dB, corr=0.000, sr=no, ta=0.0 us
2026-09-14T10:47:50.057073 [PHY1   ] [I] [ 7881] PUCCH: cc=0; rnti=0x46, f=2, n_pucch=0, dmrs_corr=1.000, snr=111.7 dB, corr=1.000, cqi=15 (cc=0), ta=0.0 us
2026-09-14T10:47:50.078461 [PHY0   ] [I] [ 7900] PUCCH: cc=0; rnti=0x46, f=1, n_pucch=0, dmrs_corr=-nan, snr=-inf dB, corr=0.000, sr=no, ta=0.0 us
2026-09-14T10:47:50.100989 [PHY0   ] [I] [ 7920] PUCCH: cc=0; rnti=0x46, f=1, n_pucch=0, dmrs_corr=-nan, snr=-inf dB, corr=0.000, sr=no, ta=0.0 us
2026-09-14T10:47:50.102313 [PHY1   ] [I] [ 7921] PUCCH: cc=0; rnti=0x46, f=2, n_pucch=0, dmrs_corr=1.000, snr=111.7 dB, corr=1.000, cqi=15 (cc=0), ta=0.0 us
2026-09-14T10:47:50.123643 [PHY0   ] [I] [ 7940] PUCCH: cc=0; rnti=0x46, f=1, n_pucch=0, dmrs_corr=-nan, snr=-inf dB, corr=0.000, sr=no, ta=0.0 us
2026-09-14T10:47:50.146366 [PHY0   ] [I] [ 7960] PUCCH: cc=0; rnti=0x46, f=1, n_pucch=0, dmrs_corr=-nan, snr=-inf dB, corr=0.000, sr=no, ta=0.0 us
2026-09-14T10:47:50.147549 [PHY1   ] [I] [ 7961] PUCCH: cc=0; rnti=0x46, f=2, n_pucch=0, dmrs_corr=1.000, snr=111.7 dB, corr=1.000, cqi=15 (cc=0), ta=0.0 us
2026-09-14T10:47:50.168973 [PHY0   ] [I] [ 7980] PUCCH: cc=0; rnti=0x46, f=1, n_pucch=0, dmrs_corr=-nan, snr=-inf dB, corr=0.000, sr=no, ta=0.0 us
2026-09-14T10:47:50.191572 [PHY0   ] [I] [ 8000] PUCCH: cc=0; rnti=0x46, f=1, n_pucch=0, dmrs_corr=-nan, snr=-inf dB, corr=0.000, sr=no, ta=0.0 us
2026-09-14T10:47:50.192796 [PHY1   ] [I] [ 8001] PUCCH: cc=0; rnti=0x46, f=2, n_pucch=0, dmrs_corr=1.000, snr=111.7 dB, corr=1.000, cqi=15 (cc=0), ta=0.0 us
2026-09-14T10:47:50.214486 [PHY0   ] [I] [ 8020] PUCCH: cc=0; rnti=0x46, f=1, n_pucch=0, dmrs_corr=-nan, snr=-inf dB, corr=0.000, sr=no, ta=0.0 us
2026-09-14T10:47:50.237059 [PHY0   ] [I] [ 8040] PUCCH: cc=0; rnti=0x46, f=1, n_pucch=0, dmrs_corr=-nan, snr=-inf dB, corr=0.000, sr=no, ta=0.0 us
2026-09-14T10:47:50.238347 [PHY1   ] [I] [ 8041] PUCCH: cc=0; rnti=0x46, f=2, n_pucch=0, dmrs_corr=1.000, snr=111.7 dB, corr=1.000, cqi=15 (cc=0), ta=0.0 us
2026-09-14T10:47:50.259959 [PHY0   ] [I] [ 8060] PUCCH: cc=0; rnti=0x46, f=1, n_pucch=0, dmrs_corr=-nan, snr=-inf dB, corr=0.000, sr=no, ta=0.0 us
2026-09-14T10:47:50.282804 [PHY0   ] [I] [ 8080] PUCCH: cc=0; rnti=0x46, f=1, n_pucch=0, dmrs_corr=-nan, snr=-inf dB, corr=0.000, sr=no, ta=0.0 us
2026-09-14T10:47:50.284105 [PHY1   ] [I] [ 8081] PUCCH: cc=0; rnti=0x46, f=2, n_pucch=0, dmrs_corr=1.000, snr=111.7 dB, corr=1.000, cqi=15 (cc=0), ta=0.0 us
2026-09-14T10:47:50.305305 [PHY0   ] [I] [ 8100] PUCCH: cc=0; rnti=0x46, f=1, n_pucch=0, dmrs_corr=-nan, snr=-inf dB, corr=0.000, sr=no, ta=0.0 us
2026-09-14T10:47:50.328061 [PHY0   ] [I] [ 8120] PUCCH: cc=0; rnti=0x46, f=1, n_pucch=0, dmrs_corr=-nan, snr=-inf dB, corr=0.000, sr=no, ta=0.0 us
2026-09-14T10:47:50.329306 [PHY1   ] [I] [ 8121] PUCCH: cc=0; rnti=0x46, f=2, n_pucch=0, dmrs_corr=1.000, snr=111.7 dB, corr=1.000, cqi=15 (cc=0), ta=0.0 us
2026-09-14T10:47:50.350623 [PHY0   ] [I] [ 8140] PUCCH: cc=0; rnti=0x46, f=1, n_pucch=0, dmrs_corr=-nan, snr=-inf dB, corr=0.000, sr=no, ta=0.0 us
2026-09-14T10:47:50.373364 [PHY0   ] [I] [ 8160] PUCCH: cc=0; rnti=0x46, f=1, n_pucch=0, dmrs_corr=-nan, snr=-inf dB, corr=0.000, sr=no, ta=0.0 us
2026-09-14T10:47:50.374598 [PHY1   ] [I] [ 8161] PUCCH: cc=0; rnti=0x46, f=2, n_pucch=0, dmrs_corr=1.000, snr=111.7 dB, corr=1.000, cqi=15 (cc=0), ta=0.0 us
2026-09-14T10:47:50.395911 [PHY0   ] [I] [ 8180] PUCCH: cc=0; rnti=0x46, f=1, n_pucch=0, dmrs_corr=-nan, snr=-inf dB, corr=0.000, sr=no, ta=0.0 us
2026-09-14T10:47:50.418551 [PHY0   ] [I] [ 8200] PUCCH: cc=0; rnti=0x46, f=1, n_pucch=0, dmrs_corr=-nan, snr=-inf dB, corr=0.000, sr=no, ta=0.0 us
2026-09-14T10:47:50.419835 [PHY1   ] [I] [ 8201] PUCCH: cc=0; rnti=0x46, f=2, n_pucch=0, dmrs_corr=1.000, snr=111.7 dB, corr=1.000, cqi=15 (cc=0), ta=0.0 us
2026-09-14T10:47:50.441209 [PHY0   ] [I] [ 8220] PUCCH: cc=0; rnti=0x46, f=1, n_pucch=0, dmrs_corr=-nan, snr=-inf dB, corr=0.000, sr=no, ta=0.0 us
2026-09-14T10:47:50.463920 [PHY0   ] [I] [ 8240] PUCCH: cc=0; rnti=0x46, f=1, n_pucch=0, dmrs_corr=-nan, snr=-inf dB, corr=0.000, sr=no, ta=0.0 us
2026-09-14T10:47:50.465069 [PHY1   ] [I] [ 8241] PUCCH: cc=0; rnti=0x46, f=2, n_pucch=0, dmrs_corr=1.000, snr=111.7 dB, corr=1.000, cqi=15 (cc=0), ta=0.0 us
2026-09-14T10:47:50.486338 [PHY0   ] [I] [ 8260] PUCCH: cc=0; rnti=0x46, f=1, n_pucch=0, dmrs_corr=-nan, snr=-inf dB, corr=0.000, sr=no, ta=0.0 us
2026-09-14T10:47:50.508948 [PHY0   ] [I] [ 8280] PUCCH: cc=0; rnti=0x46, f=1, n_pucch=0, dmrs_corr=-nan, snr=-inf dB, corr=0.000, sr=no, ta=0.0 us
2026-09-14T10:47:50.510216 [PHY1   ] [I] [ 8281] PUCCH: cc=0; rnti=0x46, f=2, n_pucch=0, dmrs_corr=1.000, snr=111.7 dB, corr=1.000, cqi=15 (cc=0), ta=0.0 us
2026-09-14T10:47:50.531702 [PHY0   ] [I] [ 8300] PUCCH: cc=0; rnti=0x46, f=1, n_pucch=0, dmrs_corr=-nan, snr=-inf dB, corr=0.000, sr=no, ta=0.0 us
2026-09-14T10:47:50.554600 [PHY0   ] [I] [ 8320] PUCCH: cc=0; rnti=0x46, f=1, n_pucch=0, dmrs_corr=-nan, snr=-inf dB, corr=0.000, sr=no, ta=0.0 us
2026-09-14T10:47:50.555898 [PHY1   ] [I] [ 8321] PUCCH: cc=0; rnti=0x46, f=2, n_pucch=0, dmrs_corr=1.000, snr=111.7 dB, corr=1.000, cqi=15 (cc=0), ta=0.0 us
2026-09-14T10:47:50.577137 [PHY0   ] [I] [ 8340] PUCCH: cc=0; rnti=0x46, f=1, n_pucch=0, dmrs_corr=-nan, snr=-inf dB, corr=0.000, sr=no, ta=0.0 us
2026-09-14T10:47:50.599783 [PHY0   ] [I] [ 8360] PUCCH: cc=0; rnti=0x46, f=1, n_pucch=0, dmrs_corr=-nan, snr=-inf dB, corr=0.000, sr=no, ta=0.0 us
2026-09-14T10:47:50.601030 [PHY1   ] [I] [ 8361] PUCCH: cc=0; rnti=0x46, f=2, n_pucch=0, dmrs_corr=1.000, snr=111.7 dB, corr=1.000, cqi=15 (cc=0), ta=0.0 us
2026-09-14T10:47:50.622739 [PHY0   ] [I] [ 8380] PUCCH: cc=0; rnti=0x46, f=1, n_pucch=0, dmrs_corr=-nan, snr=-inf dB, corr=0.000, sr=no, ta=0.0 us
2026-09-14T10:47:50.645317 [PHY0   ] [I] [ 8400] PUCCH: cc=0; rnti=0x46, f=1, n_pucch=0, dmrs_corr=-nan, snr=-inf dB, corr=0.000, sr=no, ta=0.0 us
2026-09-14T10:47:50.646593 [PHY1   ] [I] [ 8401] PUCCH: cc=0; rnti=0x46, f=2, n_pucch=0, dmrs_corr=1.000, snr=111.7 dB, corr=1.000, cqi=15 (cc=0), ta=0.0 us
2026-09-14T10:47:50.668085 [PHY0   ] [I] [ 8420] PUCCH: cc=0; rnti=0x46, f=1, n_pucch=0, dmrs_corr=-nan, snr=-inf dB, corr=0.000, sr=no, ta=0.0 us
2026-09-14T10:47:50.690742 [PHY0   ] [I] [ 8440] PUCCH: cc=0; rnti=0x46, f=1, n_pucch=0, dmrs_corr=-nan, snr=-inf dB, corr=0.000, sr=no, ta=0.0 us
2026-09-14T10:47:50.692043 [PHY1   ] [I] [ 8441] PUCCH: cc=0; rnti=0x46, f=2, n_pucch=0, dmrs_corr=1.000, snr=111.7 dB, corr=1.000, cqi=15 (cc=0), ta=0.0 us
2026-09-14T10:47:50.713564 [PHY0   ] [I] [ 8460] PUCCH: cc=0; rnti=0x46, f=1, n_pucch=0, dmrs_corr=-nan, snr=-inf dB, corr=0.000, sr=no, ta=0.0 us
2026-09-14T10:47:50.736070 [PHY0   ] [I] [ 8480] PUCCH: cc=0; rnti=0x46, f=1, n_pucch=0, dmrs_corr=-nan, snr=-inf dB, corr=0.000, sr=no, ta=0.0 us
2026-09-14T10:47:50.737253 [PHY1   ] [I] [ 8481] PUCCH: cc=0; rnti=0x46, f=2, n_pucch=0, dmrs_corr=1.000, snr=111.7 dB, corr=1.000, cqi=15 (cc=0), ta=0.0 us
2026-09-14T10:47:50.758383 [PHY0   ] [I] [ 8500] PUCCH: cc=0; rnti=0x46, f=1, n_pucch=0, dmrs_corr=-nan, snr=-inf dB, corr=0.000, sr=no, ta=0.0 us
2026-09-14T10:47:50.780914 [PHY0   ] [I] [ 8520] PUCCH: cc=0; rnti=0x46, f=1, n_pucch=0, dmrs_corr=-nan, snr=-inf dB, corr=0.000, sr=no, ta=0.0 us
2026-09-14T10:47:50.782147 [PHY1   ] [I] [ 8521] PUCCH: cc=0; rnti=0x46, f=2, n_pucch=0, dmrs_corr=1.000, snr=111.7 dB, corr=1.000, cqi=15 (cc=0), ta=0.0 us
2026-09-14T10:47:50.803014 [PHY0   ] [I] [ 8540] PUCCH: cc=0; rnti=0x46, f=1, n_pucch=0, dmrs_corr=-nan, snr=-inf dB, corr=0.000, sr=no, ta=0.0 us
2026-09-14T10:47:50.825412 [PHY0   ] [I] [ 8560] PUCCH: cc=0; rnti=0x46, f=1, n_pucch=0, dmrs_corr=-nan, snr=-inf dB, corr=0.000, sr=no, ta=0.0 us
2026-09-14T10:47:50.826600 [PHY1   ] [I] [ 8561] PUCCH: cc=0; rnti=0x46, f=2, n_pucch=0, dmrs_corr=1.000, snr=111.7 dB, corr=1.000, cqi=15 (cc=0), ta=0.0 us
2026-09-14T10:47:50.847936 [PHY0   ] [I] [ 8580] PUCCH: cc=0; rnti=0x46, f=1, n_pucch=0, dmrs_corr=-nan, snr=-inf dB, corr=0.000, sr=no, ta=0.0 us
2026-09-14T10:47:50.870427 [PHY0   ] [I] [ 8600] PUCCH: cc=0; rnti=0x46, f=1, n_pucch=0, dmrs_corr=-nan, snr=-inf dB, corr=0.000, sr=no, ta=0.0 us
2026-09-14T10:47:50.871714 [PHY1   ] [I] [ 8601] PUCCH: cc=0; rnti=0x46, f=2, n_pucch=0, dmrs_corr=1.000, snr=111.7 dB, corr=1.000, cqi=15 (cc=0), ta=0.0 us
2026-09-14T10:47:50.893276 [PHY0   ] [I] [ 8620] PUCCH: cc=0; rnti=0x46, f=1, n_pucch=0, dmrs_corr=-nan, snr=-inf dB, corr=0.000, sr=no, ta=0.0 us
2026-09-14T10:47:50.916128 [PHY0   ] [I] [ 8640] PUCCH: cc=0; rnti=0x46, f=1, n_pucch=0, dmrs_corr=-nan, snr=-inf dB, corr=0.000, sr=no, ta=0.0 us
2026-09-14T10:47:50.917388 [PHY1   ] [I] [ 8641] PUCCH: cc=0; rnti=0x46, f=2, n_pucch=0, dmrs_corr=1.000, snr=111.7 dB, corr=1.000, cqi=15 (cc=0), ta=0.0 us
2026-09-14T10:47:50.938949 [PHY0   ] [I] [ 8660] PUCCH: cc=0; rnti=0x46, f=1, n_pucch=0, dmrs_corr=-nan, snr=-inf dB, corr=0.000, sr=no, ta=0.0 us
2026-09-14T10:47:50.962058 [PHY0   ] [I] [ 8680] PUCCH: cc=0; rnti=0x46, f=1, n_pucch=0, dmrs_corr=-nan, snr=-inf dB, corr=0.000, sr=no, ta=0.0 us
2026-09-14T10:47:50.963337 [PHY1   ] [I] [ 8681] PUCCH: cc=0; rnti=0x46, f=2, n_pucch=0, dmrs_corr=1.000, snr=111.7 dB, corr=1.000, cqi=15 (cc=0), ta=0.0 us
2026-09-14T10:47:50.984933 [PHY0   ] [I] [ 8700] PUCCH: cc=0; rnti=0x46, f=1, n_pucch=0, dmrs_corr=-nan, snr=-inf dB, corr=0.000, sr=no, ta=0.0 us
2026-09-14T10:47:51.007574 [PHY0   ] [I] [ 8720] PUCCH: cc=0; rnti=0x46, f=1, n_pucch=0, dmrs_corr=-nan, snr=-inf dB, corr=0.000, sr=no, ta=0.0 us
2026-09-14T10:47:51.008825 [PHY1   ] [I] [ 8721] PUCCH: cc=0; rnti=0x46, f=2, n_pucch=0, dmrs_corr=1.000, snr=111.7 dB, corr=1.000, cqi=15 (cc=0), ta=0.0 us
2026-09-14T10:47:51.030124 [PHY0   ] [I] [ 8740] PUCCH: cc=0; rnti=0x46, f=1, n_pucch=0, dmrs_corr=-nan, snr=-inf dB, corr=0.000, sr=no, ta=0.0 us
2026-09-14T10:47:51.052728 [PHY0   ] [I] [ 8760] PUCCH: cc=0; rnti=0x46, f=1, n_pucch=0, dmrs_corr=-nan, snr=-inf dB, corr=0.000, sr=no, ta=0.0 us
2026-09-14T10:47:51.054013 [PHY1   ] [I] [ 8761] PUCCH: cc=0; rnti=0x46, f=2, n_pucch=0, dmrs_corr=1.000, snr=111.7 dB, corr=1.000, cqi=15 (cc=0), ta=0.0 us
2026-09-14T10:47:51.075214 [PHY0   ] [I] [ 8780] PUCCH: cc=0; rnti=0x46, f=1, n_pucch=0, dmrs_corr=-nan, snr=-inf dB, corr=0.000, sr=no, ta=0.0 us
2026-09-14T10:47:51.098033 [PHY0   ] [I] [ 8800] PUCCH: cc=0; rnti=0x46, f=1, n_pucch=0, dmrs_corr=-nan, snr=-inf dB, corr=0.000, sr=no, ta=0.0 us
2026-09-14T10:47:51.099316 [PHY1   ] [I] [ 8801] PUCCH: cc=0; rnti=0x46, f=2, n_pucch=0, dmrs_corr=1.000, snr=111.7 dB, corr=1.000, cqi=15 (cc=0), ta=0.0 us
2026-09-14T10:47:51.120833 [PHY0   ] [I] [ 8820] PUCCH: cc=0; rnti=0x46, f=1, n_pucch=0, dmrs_corr=-nan, snr=-inf dB, corr=0.000, sr=no, ta=0.0 us
2026-09-14T10:47:51.143753 [PHY0   ] [I] [ 8840] PUCCH: cc=0; rnti=0x46, f=1, n_pucch=0, dmrs_corr=-nan, snr=-inf dB, corr=0.000, sr=no, ta=0.0 us
2026-09-14T10:47:51.144964 [PHY1   ] [I] [ 8841] PUCCH: cc=0; rnti=0x46, f=2, n_pucch=0, dmrs_corr=1.000, snr=111.7 dB, corr=1.000, cqi=15 (cc=0), ta=0.0 us
2026-09-14T10:47:51.166102 [PHY0   ] [I] [ 8860] PUCCH: cc=0; rnti=0x46, f=1, n_pucch=0, dmrs_corr=-nan, snr=-inf dB, corr=0.000, sr=no, ta=0.0 us
2026-09-14T10:47:51.188719 [PHY0   ] [I] [ 8880] PUCCH: cc=0; rnti=0x46, f=1, n_pucch=0, dmrs_corr=-nan, snr=-inf dB, corr=0.000, sr=no, ta=0.0 us
2026-09-14T10:47:51.189983 [PHY1   ] [I] [ 8881] PUCCH: cc=0; rnti=0x46, f=2, n_pucch=0, dmrs_corr=1.000, snr=111.7 dB, corr=1.000, cqi=15 (cc=0), ta=0.0 us
2026-09-14T10:47:51.211579 [PHY0   ] [I] [ 8900] PUCCH: cc=0; rnti=0x46, f=1, n_pucch=0, dmrs_corr=-nan, snr=-inf dB, corr=0.000, sr=no, ta=0.0 us
2026-09-14T10:47:51.234168 [PHY0   ] [I] [ 8920] PUCCH: cc=0; rnti=0x46, f=1, n_pucch=0, dmrs_corr=-nan, snr=-inf dB, corr=0.000, sr=no, ta=0.0 us
2026-09-14T10:47:51.235497 [PHY1   ] [I] [ 8921] PUCCH: cc=0; rnti=0x46, f=2, n_pucch=0, dmrs_corr=1.000, snr=111.7 dB, corr=1.000, cqi=15 (cc=0), ta=0.0 us
2026-09-14T10:47:51.256853 [PHY0   ] [I] [ 8940] PUCCH: cc=0; rnti=0x46, f=1, n_pucch=0, dmrs_corr=-nan, snr=-inf dB, corr=0.000, sr=no, ta=0.0 us
2026-09-14T10:47:51.279191 [PHY0   ] [I] [ 8960] PUCCH: cc=0; rnti=0x46, f=1, n_pucch=0, dmrs_corr=-nan, snr=-inf dB, corr=0.000, sr=no, ta=0.0 us
2026-09-14T10:47:51.280407 [PHY1   ] [I] [ 8961] PUCCH: cc=0; rnti=0x46, f=2, n_pucch=0, dmrs_corr=1.000, snr=111.7 dB, corr=1.000, cqi=15 (cc=0), ta=0.0 us
2026-09-14T10:47:51.301689 [PHY0   ] [I] [ 8980] PUCCH: cc=0; rnti=0x46, f=1, n_pucch=0, dmrs_corr=-nan, snr=-inf dB, corr=0.000, sr=no, ta=0.0 us
2026-09-14T10:47:51.324028 [PHY0   ] [I] [ 9000] PUCCH: cc=0; rnti=0x46, f=1, n_pucch=0, dmrs_corr=-nan, snr=-inf dB, corr=0.000, sr=no, ta=0.0 us
2026-09-14T10:47:51.325155 [PHY1   ] [I] [ 9001] PUCCH: cc=0; rnti=0x46, f=2, n_pucch=0, dmrs_corr=1.000, snr=111.7 dB, corr=1.000, cqi=15 (cc=0), ta=0.0 us
2026-09-14T10:47:51.346306 [PHY0   ] [I] [ 9020] PUCCH: cc=0; rnti=0x46, f=1, n_pucch=0, dmrs_corr=-nan, snr=-inf dB, corr=0.000, sr=no, ta=0.0 us
2026-09-14T10:47:51.368984 [PHY0   ] [I] [ 9040] PUCCH: cc=0; rnti=0x46, f=1, n_pucch=0, dmrs_corr=-nan, snr=-inf dB, corr=0.000, sr=no, ta=0.0 us
2026-09-14T10:47:51.370330 [PHY1   ] [I] [ 9041] PUCCH: cc=0; rnti=0x46, f=2, n_pucch=0, dmrs_corr=1.000, snr=111.7 dB, corr=1.000, cqi=15 (cc=0), ta=0.0 us
2026-09-14T10:47:51.391396 [PHY0   ] [I] [ 9060] PUCCH: cc=0; rnti=0x46, f=1, n_pucch=0, dmrs_corr=-nan, snr=-inf dB, corr=0.000, sr=no, ta=0.0 us
2026-09-14T10:47:51.413996 [PHY0   ] [I] [ 9080] PUCCH: cc=0; rnti=0x46, f=1, n_pucch=0, dmrs_corr=-nan, snr=-inf dB, corr=0.000, sr=no, ta=0.0 us
2026-09-14T10:47:51.415283 [PHY1   ] [I] [ 9081] PUCCH: cc=0; rnti=0x46, f=2, n_pucch=0, dmrs_corr=1.000, snr=111.7 dB, corr=1.000, cqi=15 (cc=0), ta=0.0 us
2026-09-14T10:47:51.436556 [PHY0   ] [I] [ 9100] PUCCH: cc=0; rnti=0x46, f=1, n_pucch=0, dmrs_corr=-nan, snr=-inf dB, corr=0.000, sr=no, ta=0.0 us
2026-09-14T10:47:51.459280 [PHY0   ] [I] [ 9120] PUCCH: cc=0; rnti=0x46, f=1, n_pucch=0, dmrs_corr=-nan, snr=-inf dB, corr=0.000, sr=no, ta=0.0 us
2026-09-14T10:47:51.460591 [PHY1   ] [I] [ 9121] PUCCH: cc=0; rnti=0x46, f=2, n_pucch=0, dmrs_corr=1.000, snr=111.7 dB, corr=1.000, cqi=15 (cc=0), ta=0.0 us
2026-09-14T10:47:51.481938 [PHY0   ] [I] [ 9140] PUCCH: cc=0; rnti=0x46, f=1, n_pucch=0, dmrs_corr=-nan, snr=-inf dB, corr=0.000, sr=no, ta=0.0 us
2026-09-14T10:47:51.504567 [PHY0   ] [I] [ 9160] PUCCH: cc=0; rnti=0x46, f=1, n_pucch=0, dmrs_corr=-nan, snr=-inf dB, corr=0.000, sr=no, ta=0.0 us
2026-09-14T10:47:51.505727 [PHY1   ] [I] [ 9161] PUCCH: cc=0; rnti=0x46, f=2, n_pucch=0, dmrs_corr=1.000, snr=111.7 dB, corr=1.000, cqi=15 (cc=0), ta=0.0 us
2026-09-14T10:47:51.527153 [PHY0   ] [I] [ 9180] PUCCH: cc=0; rnti=0x46, f=1, n_pucch=0, dmrs_corr=-nan, snr=-inf dB, corr=0.000, sr=no, ta=0.0 us
2026-09-14T10:47:51.549657 [PHY0   ] [I] [ 9200] PUCCH: cc=0; rnti=0x46, f=1, n_pucch=0, dmrs_corr=-nan, snr=-inf dB, corr=0.000, sr=no, ta=0.0 us
2026-09-14T10:47:51.550909 [PHY1   ] [I] [ 9201] PUCCH: cc=0; rnti=0x46, f=2, n_pucch=0, dmrs_corr=1.000, snr=111.7 dB, corr=1.000, cqi=15 (cc=0), ta=0.0 us
2026-09-14T10:47:51.572143 [PHY0   ] [I] [ 9220] PUCCH: cc=0; rnti=0x46, f=1, n_pucch=0, dmrs_corr=-nan, snr=-inf dB, corr=0.000, sr=no, ta=0.0 us
2026-09-14T10:47:51.594733 [PHY0   ] [I] [ 9240] PUCCH: cc=0; rnti=0x46, f=1, n_pucch=0, dmrs_corr=-nan, snr=-inf dB, corr=0.000, sr=no, ta=0.0 us
2026-09-14T10:47:51.596003 [PHY1   ] [I] [ 9241] PUCCH: cc=0; rnti=0x46, f=2, n_pucch=0, dmrs_corr=1.000, snr=111.7 dB, corr=1.000, cqi=15 (cc=0), ta=0.0 us
2026-09-14T10:47:51.617690 [PHY0   ] [I] [ 9260] PUCCH: cc=0; rnti=0x46, f=1, n_pucch=0, dmrs_corr=-nan, snr=-inf dB, corr=0.000, sr=no, ta=0.0 us
2026-09-14T10:47:51.640228 [PHY0   ] [I] [ 9280] PUCCH: cc=0; rnti=0x46, f=1, n_pucch=0, dmrs_corr=-nan, snr=-inf dB, corr=0.000, sr=no, ta=0.0 us
2026-09-14T10:47:51.641546 [PHY1   ] [I] [ 9281] PUCCH: cc=0; rnti=0x46, f=2, n_pucch=0, dmrs_corr=1.000, snr=111.7 dB, corr=1.000, cqi=15 (cc=0), ta=0.0 us
2026-09-14T10:47:51.663217 [PHY0   ] [I] [ 9300] PUCCH: cc=0; rnti=0x46, f=1, n_pucch=0, dmrs_corr=-nan, snr=-inf dB, corr=0.000, sr=no, ta=0.0 us
2026-09-14T10:47:51.685887 [PHY0   ] [I] [ 9320] PUCCH: cc=0; rnti=0x46, f=1, n_pucch=0, dmrs_corr=-nan, snr=-inf dB, corr=0.000, sr=no, ta=0.0 us
2026-09-14T10:47:51.687228 [PHY1   ] [I] [ 9321] PUCCH: cc=0; rnti=0x46, f=2, n_pucch=0, dmrs_corr=1.000, snr=111.7 dB, corr=1.000, cqi=15 (cc=0), ta=0.0 us
2026-09-14T10:47:51.708756 [PHY0   ] [I] [ 9340] PUCCH: cc=0; rnti=0x46, f=1, n_pucch=0, dmrs_corr=-nan, snr=-inf dB, corr=0.000, sr=no, ta=0.0 us
2026-09-14T10:47:51.731560 [PHY0   ] [I] [ 9360] PUCCH: cc=0; rnti=0x46, f=1, n_pucch=0, dmrs_corr=-nan, snr=-inf dB, corr=0.000, sr=no, ta=0.0 us
2026-09-14T10:47:51.732842 [PHY1   ] [I] [ 9361] PUCCH: cc=0; rnti=0x46, f=2, n_pucch=0, dmrs_corr=1.000, snr=111.7 dB, corr=1.000, cqi=15 (cc=0), ta=0.0 us
2026-09-14T10:47:51.754202 [PHY0   ] [I] [ 9380] PUCCH: cc=0; rnti=0x46, f=1, n_pucch=0, dmrs_corr=-nan, snr=-inf dB, corr=0.000, sr=no, ta=0.0 us
2026-09-14T10:47:51.776862 [PHY0   ] [I] [ 9400] PUCCH: cc=0; rnti=0x46, f=1, n_pucch=0, dmrs_corr=-nan, snr=-inf dB, corr=0.000, sr=no, ta=0.0 us
2026-09-14T10:47:51.778149 [PHY1   ] [I] [ 9401] PUCCH: cc=0; rnti=0x46, f=2, n_pucch=0, dmrs_corr=1.000, snr=111.7 dB, corr=1.000, cqi=15 (cc=0), ta=0.0 us
2026-09-14T10:47:51.799458 [PHY0   ] [I] [ 9420] PUCCH: cc=0; rnti=0x46, f=1, n_pucch=0, dmrs_corr=-nan, snr=-inf dB, corr=0.000, sr=no, ta=0.0 us
2026-09-14T10:47:51.822264 [PHY0   ] [I] [ 9440] PUCCH: cc=0; rnti=0x46, f=1, n_pucch=0, dmrs_corr=-nan, snr=-inf dB, corr=0.000, sr=no, ta=0.0 us
2026-09-14T10:47:51.823497 [PHY1   ] [I] [ 9441] PUCCH: cc=0; rnti=0x46, f=2, n_pucch=0, dmrs_corr=1.000, snr=111.7 dB, corr=1.000, cqi=15 (cc=0), ta=0.0 us
2026-09-14T10:47:51.844854 [PHY0   ] [I] [ 9460] PUCCH: cc=0; rnti=0x46, f=1, n_pucch=0, dmrs_corr=-nan, snr=-inf dB, corr=0.000, sr=no, ta=0.0 us
2026-09-14T10:47:51.867158 [PHY0   ] [I] [ 9480] PUCCH: cc=0; rnti=0x46, f=1, n_pucch=0, dmrs_corr=-nan, snr=-inf dB, corr=0.000, sr=no, ta=0.0 us
2026-09-14T10:47:51.868340 [PHY1   ] [I] [ 9481] PUCCH: cc=0; rnti=0x46, f=2, n_pucch=0, dmrs_corr=1.000, snr=111.7 dB, corr=1.000, cqi=15 (cc=0), ta=0.0 us
2026-09-14T10:47:51.889748 [PHY0   ] [I] [ 9500] PUCCH: cc=0; rnti=0x46, f=1, n_pucch=0, dmrs_corr=-nan, snr=-inf dB, corr=0.000, sr=no, ta=0.0 us
2026-09-14T10:47:51.912391 [PHY0   ] [I] [ 9520] PUCCH: cc=0; rnti=0x46, f=1, n_pucch=0, dmrs_corr=-nan, snr=-inf dB, corr=0.000, sr=no, ta=0.0 us
2026-09-14T10:47:51.913834 [PHY1   ] [I] [ 9521] PUCCH: cc=0; rnti=0x46, f=2, n_pucch=0, dmrs_corr=1.000, snr=111.7 dB, corr=1.000, cqi=15 (cc=0), ta=0.0 us
2026-09-14T10:47:51.935003 [PHY0   ] [I] [ 9540] PUCCH: cc=0; rnti=0x46, f=1, n_pucch=0, dmrs_corr=-nan, snr=-inf dB, corr=0.000, sr=no, ta=0.0 us
2026-09-14T10:47:51.957564 [PHY0   ] [I] [ 9560] PUCCH: cc=0; rnti=0x46, f=1, n_pucch=0, dmrs_corr=-nan, snr=-inf dB, corr=0.000, sr=no, ta=0.0 us
2026-09-14T10:47:51.958873 [PHY1   ] [I] [ 9561] PUCCH: cc=0; rnti=0x46, f=2, n_pucch=0, dmrs_corr=1.000, snr=111.7 dB, corr=1.000, cqi=15 (cc=0), ta=0.0 us
2026-09-14T10:47:51.980252 [PHY0   ] [I] [ 9580] PUCCH: cc=0; rnti=0x46, f=1, n_pucch=0, dmrs_corr=-nan, snr=-inf dB, corr=0.000, sr=no, ta=0.0 us
2026-09-14T10:47:52.003312 [PHY0   ] [I] [ 9600] PUCCH: cc=0; rnti=0x46, f=1, n_pucch=0, dmrs_corr=-nan, snr=-inf dB, corr=0.000, sr=no, ta=0.0 us
2026-09-14T10:47:52.004548 [PHY1   ] [I] [ 9601] PUCCH: cc=0; rnti=0x46, f=2, n_pucch=0, dmrs_corr=1.000, snr=111.7 dB, corr=1.000, cqi=15 (cc=0), ta=0.0 us
2026-09-14T10:47:52.025903 [PHY0   ] [I] [ 9620] PUCCH: cc=0; rnti=0x46, f=1, n_pucch=0, dmrs_corr=-nan, snr=-inf dB, corr=0.000, sr=no, ta=0.0 us
2026-09-14T10:47:52.048670 [PHY0   ] [I] [ 9640] PUCCH: cc=0; rnti=0x46, f=1, n_pucch=0, dmrs_corr=-nan, snr=-inf dB, corr=0.000, sr=no, ta=0.0 us
2026-09-14T10:47:52.049937 [PHY1   ] [I] [ 9641] PUCCH: cc=0; rnti=0x46, f=2, n_pucch=0, dmrs_corr=1.000, snr=111.7 dB, corr=1.000, cqi=15 (cc=0), ta=0.0 us
2026-09-14T10:47:52.071334 [PHY0   ] [I] [ 9660] PUCCH: cc=0; rnti=0x46, f=1, n_pucch=0, dmrs_corr=-nan, snr=-inf dB, corr=0.000, sr=no, ta=0.0 us
2026-09-14T10:47:52.094007 [PHY0   ] [I] [ 9680] PUCCH: cc=0; rnti=0x46, f=1, n_pucch=0, dmrs_corr=-nan, snr=-inf dB, corr=0.000, sr=no, ta=0.0 us
2026-09-14T10:47:52.095350 [PHY1   ] [I] [ 9681] PUCCH: cc=0; rnti=0x46, f=2, n_pucch=0, dmrs_corr=1.000, snr=111.7 dB, corr=1.000, cqi=15 (cc=0), ta=0.0 us
2026-09-14T10:47:52.116828 [PHY0   ] [I] [ 9700] PUCCH: cc=0; rnti=0x46, f=1, n_pucch=0, dmrs_corr=-nan, snr=-inf dB, corr=0.000, sr=no, ta=0.0 us
2026-09-14T10:47:52.139242 [PHY0   ] [I] [ 9720] PUCCH: cc=0; rnti=0x46, f=1, n_pucch=0, dmrs_corr=-nan, snr=-inf dB, corr=0.000, sr=no, ta=0.0 us
2026-09-14T10:47:52.140516 [PHY1   ] [I] [ 9721] PUCCH: cc=0; rnti=0x46, f=2, n_pucch=0, dmrs_corr=1.000, snr=111.7 dB, corr=1.000, cqi=15 (cc=0), ta=0.0 us
2026-09-14T10:47:52.161780 [PHY0   ] [I] [ 9740] PUCCH: cc=0; rnti=0x46, f=1, n_pucch=0, dmrs_corr=-nan, snr=-inf dB, corr=0.000, sr=no, ta=0.0 us
2026-09-14T10:47:52.184237 [PHY0   ] [I] [ 9760] PUCCH: cc=0; rnti=0x46, f=1, n_pucch=0, dmrs_corr=-nan, snr=-inf dB, corr=0.000, sr=no, ta=0.0 us
2026-09-14T10:47:52.185404 [PHY1   ] [I] [ 9761] PUCCH: cc=0; rnti=0x46, f=2, n_pucch=0, dmrs_corr=1.000, snr=111.7 dB, corr=1.000, cqi=15 (cc=0), ta=0.0 us
2026-09-14T10:47:52.206721 [PHY0   ] [I] [ 9780] PUCCH: cc=0; rnti=0x46, f=1, n_pucch=0, dmrs_corr=-nan, snr=-inf dB, corr=0.000, sr=no, ta=0.0 us
2026-09-14T10:47:52.229418 [PHY0   ] [I] [ 9800] PUCCH: cc=0; rnti=0x46, f=1, n_pucch=0, dmrs_corr=-nan, snr=-inf dB, corr=0.000, sr=no, ta=0.0 us
2026-09-14T10:47:52.230740 [PHY1   ] [I] [ 9801] PUCCH: cc=0; rnti=0x46, f=2, n_pucch=0, dmrs_corr=1.000, snr=111.7 dB, corr=1.000, cqi=15 (cc=0), ta=0.0 us
2026-09-14T10:47:52.252330 [PHY0   ] [I] [ 9820] PUCCH: cc=0; rnti=0x46, f=1, n_pucch=0, dmrs_corr=-nan, snr=-inf dB, corr=0.000, sr=no, ta=0.0 us
2026-09-14T10:47:52.274863 [PHY0   ] [I] [ 9840] PUCCH: cc=0; rnti=0x46, f=1, n_pucch=0, dmrs_corr=-nan, snr=-inf dB, corr=0.000, sr=no, ta=0.0 us
2026-09-14T10:47:52.276172 [PHY1   ] [I] [ 9841] PUCCH: cc=0; rnti=0x46, f=2, n_pucch=0, dmrs_corr=1.000, snr=111.7 dB, corr=1.000, cqi=15 (cc=0), ta=0.0 us
2026-09-14T10:47:52.297402 [PHY0   ] [I] [ 9860] PUCCH: cc=0; rnti=0x46, f=1, n_pucch=0, dmrs_corr=-nan, snr=-inf dB, corr=0.000, sr=no, ta=0.0 us
2026-09-14T10:47:52.320032 [PHY0   ] [I] [ 9880] PUCCH: cc=0; rnti=0x46, f=1, n_pucch=0, dmrs_corr=-nan, snr=-inf dB, corr=0.000, sr=no, ta=0.0 us
2026-09-14T10:47:52.321349 [PHY1   ] [I] [ 9881] PUCCH: cc=0; rnti=0x46, f=2, n_pucch=0, dmrs_corr=1.000, snr=111.7 dB, corr=1.000, cqi=15 (cc=0), ta=0.0 us
2026-09-14T10:47:52.342863 [PHY0   ] [I] [ 9900] PUCCH: cc=0; rnti=0x46, f=1, n_pucch=0, dmrs_corr=-nan, snr=-inf dB, corr=0.000, sr=no, ta=0.0 us
2026-09-14T10:47:52.365206 [PHY0   ] [I] [ 9920] PUCCH: cc=0; rnti=0x46, f=1, n_pucch=0, dmrs_corr=-nan, snr=-inf dB, corr=0.000, sr=no, ta=0.0 us
2026-09-14T10:47:52.366428 [PHY1   ] [I] [ 9921] PUCCH: cc=0; rnti=0x46, f=2, n_pucch=0, dmrs_corr=1.000, snr=111.7 dB, corr=1.000, cqi=15 (cc=0), ta=0.0 us
2026-09-14T10:47:52.387731 [PHY0   ] [I] [ 9940] PUCCH: cc=0; rnti=0x46, f=1, n_pucch=0, dmrs_corr=-nan, snr=-inf dB, corr=0.000, sr=no, ta=0.0 us
2026-09-14T10:47:52.410635 [PHY0   ] [I] [ 9960] PUCCH: cc=0; rnti=0x46, f=1, n_pucch=0, dmrs_corr=-nan, snr=-inf dB, corr=0.000, sr=no, ta=0.0 us
2026-09-14T10:47:52.411992 [PHY1   ] [I] [ 9961] PUCCH: cc=0; rnti=0x46, f=2, n_pucch=0, dmrs_corr=1.000, snr=111.7 dB, corr=1.000, cqi=15 (cc=0), ta=0.0 us
2026-09-14T10:47:52.433238 [PHY0   ] [I] [ 9980] PUCCH: cc=0; rnti=0x46, f=1, n_pucch=0, dmrs_corr=-nan, snr=-inf dB, corr=0.000, sr=no, ta=0.0 us
2026-09-14T10:47:52.456369 [PHY0   ] [I] [10000] PUCCH: cc=0; rnti=0x46, f=1, n_pucch=0, dmrs_corr=-nan, snr=-inf dB, corr=0.000, sr=no, ta=0.0 us
2026-09-14T10:47:52.457673 [PHY1   ] [I] [10001] PUCCH: cc=0; rnti=0x46, f=2, n_pucch=0, dmrs_corr=1.000, snr=111.7 dB, corr=1.000, cqi=15 (cc=0), ta=0.0 us
2026-09-14T10:47:52.478935 [PHY0   ] [I] [10020] PUCCH: cc=0; rnti=0x46, f=1, n_pucch=0, dmrs_corr=-nan, snr=-inf dB, corr=0.000, sr=no, ta=0.0 us
2026-09-14T10:47:52.501683 [PHY0   ] [I] [10040] PUCCH: cc=0; rnti=0x46, f=1, n_pucch=0, dmrs_corr=-nan, snr=-inf dB, corr=0.000, sr=no, ta=0.0 us
2026-09-14T10:47:52.502951 [PHY1   ] [I] [10041] PUCCH: cc=0; rnti=0x46, f=2, n_pucch=0, dmrs_corr=1.000, snr=111.7 dB, corr=1.000, cqi=15 (cc=0), ta=0.0 us
2026-09-14T10:47:52.524196 [PHY0   ] [I] [10060] PUCCH: cc=0; rnti=0x46, f=1, n_pucch=0, dmrs_corr=-nan, snr=-inf dB, corr=0.000, sr=no, ta=0.0 us
2026-09-14T10:47:52.546624 [PHY0   ] [I] [10080] PUCCH: cc=0; rnti=0x46, f=1, n_pucch=0, dmrs_corr=-nan, snr=-inf dB, corr=0.000, sr=no, ta=0.0 us
2026-09-14T10:47:52.547810 [PHY1   ] [I] [10081] PUCCH: cc=0; rnti=0x46, f=2, n_pucch=0, dmrs_corr=1.000, snr=111.7 dB, corr=1.000, cqi=15 (cc=0), ta=0.0 us
2026-09-14T10:47:52.569201 [PHY0   ] [I] [10100] PUCCH: cc=0; rnti=0x46, f=1, n_pucch=0, dmrs_corr=-nan, snr=-inf dB, corr=0.000, sr=no, ta=0.0 us
2026-09-14T10:47:52.591623 [PHY0   ] [I] [10120] PUCCH: cc=0; rnti=0x46, f=1, n_pucch=0, dmrs_corr=-nan, snr=-inf dB, corr=0.000, sr=no, ta=0.0 us
2026-09-14T10:47:52.592921 [PHY1   ] [I] [10121] PUCCH: cc=0; rnti=0x46, f=2, n_pucch=0, dmrs_corr=1.000, snr=111.7 dB, corr=1.000, cqi=15 (cc=0), ta=0.0 us
2026-09-14T10:47:52.614421 [PHY0   ] [I] [10140] PUCCH: cc=0; rnti=0x46, f=1, n_pucch=0, dmrs_corr=-nan, snr=-inf dB, corr=0.000, sr=no, ta=0.0 us
2026-09-14T10:47:52.637160 [PHY0   ] [I] [10160] PUCCH: cc=0; rnti=0x46, f=1, n_pucch=0, dmrs_corr=-nan, snr=-inf dB, corr=0.000, sr=no, ta=0.0 us
2026-09-14T10:47:52.638505 [PHY1   ] [I] [10161] PUCCH: cc=0; rnti=0x46, f=2, n_pucch=0, dmrs_corr=1.000, snr=111.7 dB, corr=1.000, cqi=15 (cc=0), ta=0.0 us
2026-09-14T10:47:52.659940 [PHY0   ] [I] [10180] PUCCH: cc=0; rnti=0x46, f=1, n_pucch=0, dmrs_corr=-nan, snr=-inf dB, corr=0.000, sr=no, ta=0.0 us
2026-09-14T10:47:52.682541 [PHY0   ] [I] [10200] PUCCH: cc=0; rnti=0x46, f=1, n_pucch=0, dmrs_corr=-nan, snr=-inf dB, corr=0.000, sr=no, ta=0.0 us
2026-09-14T10:47:52.683832 [PHY1   ] [I] [10201] PUCCH: cc=0; rnti=0x46, f=2, n_pucch=0, dmrs_corr=1.000, snr=111.7 dB, corr=1.000, cqi=15 (cc=0), ta=0.0 us
2026-09-14T10:47:52.705625 [PHY0   ] [I] [10220] PUCCH: cc=0; rnti=0x46, f=1, n_pucch=0, dmrs_corr=-nan, snr=-inf dB, corr=0.000, sr=no, ta=0.0 us
2026-09-14T10:47:52.727702 [PHY0   ] [I] [    0] PUCCH: cc=0; rnti=0x46, f=1, n_pucch=0, dmrs_corr=-nan, snr=-inf dB, corr=0.000, sr=no, ta=0.0 us
2026-09-14T10:47:52.729003 [PHY1   ] [I] [    1] PUCCH: cc=0; rnti=0x46, f=2, n_pucch=0, dmrs_corr=1.000, snr=111.7 dB, corr=1.000, cqi=15 (cc=0), ta=0.0 us
2026-09-14T10:47:52.750548 [PHY0   ] [I] [   20] PUCCH: cc=0; rnti=0x46, f=1, n_pucch=0, dmrs_corr=-nan, snr=-inf dB, corr=0.000, sr=no, ta=0.0 us
2026-09-14T10:47:52.773322 [PHY0   ] [I] [   40] PUCCH: cc=0; rnti=0x46, f=1, n_pucch=0, dmrs_corr=-nan, snr=-inf dB, corr=0.000, sr=no, ta=0.0 us
2026-09-14T10:47:52.774611 [PHY1   ] [I] [   41] PUCCH: cc=0; rnti=0x46, f=2, n_pucch=0, dmrs_corr=1.000, snr=111.7 dB, corr=1.000, cqi=15 (cc=0), ta=0.0 us
2026-09-14T10:47:52.796224 [PHY0   ] [I] [   60] PUCCH: cc=0; rnti=0x46, f=1, n_pucch=0, dmrs_corr=-nan, snr=-inf dB, corr=0.000, sr=no, ta=0.0 us
2026-09-14T10:47:52.818946 [PHY0   ] [I] [   80] PUCCH: cc=0; rnti=0x46, f=1, n_pucch=0, dmrs_corr=-nan, snr=-inf dB, corr=0.000, sr=no, ta=0.0 us
2026-09-14T10:47:52.820226 [PHY1   ] [I] [   81] PUCCH: cc=0; rnti=0x46, f=2, n_pucch=0, dmrs_corr=1.000, snr=111.7 dB, corr=1.000, cqi=15 (cc=0), ta=0.0 us
2026-09-14T10:47:52.841980 [PHY0   ] [I] [  100] PUCCH: cc=0; rnti=0x46, f=1, n_pucch=0, dmrs_corr=-nan, snr=-inf dB, corr=0.000, sr=no, ta=0.0 us
2026-09-14T10:47:52.864784 [PHY0   ] [I] [  120] PUCCH: cc=0; rnti=0x46, f=1, n_pucch=0, dmrs_corr=-nan, snr=-inf dB, corr=0.000, sr=no, ta=0.0 us
2026-09-14T10:47:52.866072 [PHY1   ] [I] [  121] PUCCH: cc=0; rnti=0x46, f=2, n_pucch=0, dmrs_corr=1.000, snr=111.7 dB, corr=1.000, cqi=15 (cc=0), ta=0.0 us
2026-09-14T10:47:52.887420 [PHY0   ] [I] [  140] PUCCH: cc=0; rnti=0x46, f=1, n_pucch=0, dmrs_corr=-nan, snr=-inf dB, corr=0.000, sr=no, ta=0.0 us
2026-09-14T10:47:52.910059 [PHY0   ] [I] [  160] PUCCH: cc=0; rnti=0x46, f=1, n_pucch=0, dmrs_corr=-nan, snr=-inf dB, corr=0.000, sr=no, ta=0.0 us
2026-09-14T10:47:52.911321 [PHY1   ] [I] [  161] PUCCH: cc=0; rnti=0x46, f=2, n_pucch=0, dmrs_corr=1.000, snr=111.7 dB, corr=1.000, cqi=15 (cc=0), ta=0.0 us
2026-09-14T10:47:52.932619 [PHY0   ] [I] [  180] PUCCH: cc=0; rnti=0x46, f=1, n_pucch=0, dmrs_corr=-nan, snr=-inf dB, corr=0.000, sr=no, ta=0.0 us
2026-09-14T10:47:52.955536 [PHY0   ] [I] [  200] PUCCH: cc=0; rnti=0x46, f=1, n_pucch=0, dmrs_corr=-nan, snr=-inf dB, corr=0.000, sr=no, ta=0.0 us
2026-09-14T10:47:52.956787 [PHY1   ] [I] [  201] PUCCH: cc=0; rnti=0x46, f=2, n_pucch=0, dmrs_corr=1.000, snr=111.7 dB, corr=1.000, cqi=15 (cc=0), ta=0.0 us
2026-09-14T10:47:52.978267 [PHY0   ] [I] [  220] PUCCH: cc=0; rnti=0x46, f=1, n_pucch=0, dmrs_corr=-nan, snr=-inf dB, corr=0.000, sr=no, ta=0.0 us
2026-09-14T10:47:53.001134 [PHY0   ] [I] [  240] PUCCH: cc=0; rnti=0x46, f=1, n_pucch=0, dmrs_corr=-nan, snr=-inf dB, corr=0.000, sr=no, ta=0.0 us
2026-09-14T10:47:53.002402 [PHY1   ] [I] [  241] PUCCH: cc=0; rnti=0x46, f=2, n_pucch=0, dmrs_corr=1.000, snr=111.7 dB, corr=1.000, cqi=15 (cc=0), ta=0.0 us
2026-09-14T10:47:53.023681 [PHY0   ] [I] [  260] PUCCH: cc=0; rnti=0x46, f=1, n_pucch=0, dmrs_corr=-nan, snr=-inf dB, corr=0.000, sr=no, ta=0.0 us
2026-09-14T10:47:53.046195 [PHY0   ] [I] [  280] PUCCH: cc=0; rnti=0x46, f=1, n_pucch=0, dmrs_corr=-nan, snr=-inf dB, corr=0.000, sr=no, ta=0.0 us
2026-09-14T10:47:53.047393 [PHY1   ] [I] [  281] PUCCH: cc=0; rnti=0x46, f=2, n_pucch=0, dmrs_corr=1.000, snr=111.7 dB, corr=1.000, cqi=15 (cc=0), ta=0.0 us
2026-09-14T10:47:53.069124 [PHY0   ] [I] [  300] PUCCH: cc=0; rnti=0x46, f=1, n_pucch=0, dmrs_corr=-nan, snr=-inf dB, corr=0.000, sr=no, ta=0.0 us
2026-09-14T10:47:53.091999 [PHY0   ] [I] [  320] PUCCH: cc=0; rnti=0x46, f=1, n_pucch=0, dmrs_corr=-nan, snr=-inf dB, corr=0.000, sr=no, ta=0.0 us
2026-09-14T10:47:53.093268 [PHY1   ] [I] [  321] PUCCH: cc=0; rnti=0x46, f=2, n_pucch=0, dmrs_corr=1.000, snr=111.7 dB, corr=1.000, cqi=15 (cc=0), ta=0.0 us
2026-09-14T10:47:53.114782 [PHY0   ] [I] [  340] PUCCH: cc=0; rnti=0x46, f=1, n_pucch=0, dmrs_corr=-nan, snr=-inf dB, corr=0.000, sr=no, ta=0.0 us
2026-09-14T10:47:53.137568 [PHY0   ] [I] [  360] PUCCH: cc=0; rnti=0x46, f=1, n_pucch=0, dmrs_corr=-nan, snr=-inf dB, corr=0.000, sr=no, ta=0.0 us
2026-09-14T10:47:53.138872 [PHY1   ] [I] [  361] PUCCH: cc=0; rnti=0x46, f=2, n_pucch=0, dmrs_corr=1.000, snr=111.7 dB, corr=1.000, cqi=15 (cc=0), ta=0.0 us
2026-09-14T10:47:53.160162 [PHY0   ] [I] [  380] PUCCH: cc=0; rnti=0x46, f=1, n_pucch=0, dmrs_corr=-nan, snr=-inf dB, corr=0.000, sr=no, ta=0.0 us
2026-09-14T10:47:53.182707 [PHY0   ] [I] [  400] PUCCH: cc=0; rnti=0x46, f=1, n_pucch=0, dmrs_corr=-nan, snr=-inf dB, corr=0.000, sr=no, ta=0.0 us
2026-09-14T10:47:53.183904 [PHY1   ] [I] [  401] PUCCH: cc=0; rnti=0x46, f=2, n_pucch=0, dmrs_corr=1.000, snr=111.7 dB, corr=1.000, cqi=15 (cc=0), ta=0.0 us
2026-09-14T10:47:53.205285 [PHY0   ] [I] [  420] PUCCH: cc=0; rnti=0x46, f=1, n_pucch=0, dmrs_corr=-nan, snr=-inf dB, corr=0.000, sr=no, ta=0.0 us
2026-09-14T10:47:53.227931 [PHY0   ] [I] [  440] PUCCH: cc=0; rnti=0x46, f=1, n_pucch=0, dmrs_corr=-nan, snr=-inf dB, corr=0.000, sr=no, ta=0.0 us
2026-09-14T10:47:53.229177 [PHY1   ] [I] [  441] PUCCH: cc=0; rnti=0x46, f=2, n_pucch=0, dmrs_corr=1.000, snr=111.7 dB, corr=1.000, cqi=15 (cc=0), ta=0.0 us
2026-09-14T10:47:53.250410 [PHY0   ] [I] [  460] PUCCH: cc=0; rnti=0x46, f=1, n_pucch=0, dmrs_corr=-nan, snr=-inf dB, corr=0.000, sr=no, ta=0.0 us
2026-09-14T10:47:53.273257 [PHY0   ] [I] [  480] PUCCH: cc=0; rnti=0x46, f=1, n_pucch=0, dmrs_corr=-nan, snr=-inf dB, corr=0.000, sr=no, ta=0.0 us
2026-09-14T10:47:53.274521 [PHY1   ] [I] [  481] PUCCH: cc=0; rnti=0x46, f=2, n_pucch=0, dmrs_corr=1.000, snr=111.7 dB, corr=1.000, cqi=15 (cc=0), ta=0.0 us
2026-09-14T10:47:53.296298 [PHY0   ] [I] [  500] PUCCH: cc=0; rnti=0x46, f=1, n_pucch=0, dmrs_corr=-nan, snr=-inf dB, corr=0.000, sr=no, ta=0.0 us
2026-09-14T10:47:53.318850 [PHY0   ] [I] [  520] PUCCH: cc=0; rnti=0x46, f=1, n_pucch=0, dmrs_corr=-nan, snr=-inf dB, corr=0.000, sr=no, ta=0.0 us
2026-09-14T10:47:53.320166 [PHY1   ] [I] [  521] PUCCH: cc=0; rnti=0x46, f=2, n_pucch=0, dmrs_corr=1.000, snr=111.7 dB, corr=1.000, cqi=15 (cc=0), ta=0.0 us
2026-09-14T10:47:53.341616 [PHY0   ] [I] [  540] PUCCH: cc=0; rnti=0x46, f=1, n_pucch=0, dmrs_corr=-nan, snr=-inf dB, corr=0.000, sr=no, ta=0.0 us
2026-09-14T10:47:53.364529 [PHY0   ] [I] [  560] PUCCH: cc=0; rnti=0x46, f=1, n_pucch=0, dmrs_corr=-nan, snr=-inf dB, corr=0.000, sr=no, ta=0.0 us
2026-09-14T10:47:53.365752 [PHY1   ] [I] [  561] PUCCH: cc=0; rnti=0x46, f=2, n_pucch=0, dmrs_corr=1.000, snr=111.7 dB, corr=1.000, cqi=15 (cc=0), ta=0.0 us
2026-09-14T10:47:53.387193 [PHY0   ] [I] [  580] PUCCH: cc=0; rnti=0x46, f=1, n_pucch=0, dmrs_corr=-nan, snr=-inf dB, corr=0.000, sr=no, ta=0.0 us
2026-09-14T10:47:53.410014 [PHY0   ] [I] [  600] PUCCH: cc=0; rnti=0x46, f=1, n_pucch=0, dmrs_corr=-nan, snr=-inf dB, corr=0.000, sr=no, ta=0.0 us
2026-09-14T10:47:53.411301 [PHY1   ] [I] [  601] PUCCH: cc=0; rnti=0x46, f=2, n_pucch=0, dmrs_corr=1.000, snr=111.7 dB, corr=1.000, cqi=15 (cc=0), ta=0.0 us
2026-09-14T10:47:53.432749 [PHY0   ] [I] [  620] PUCCH: cc=0; rnti=0x46, f=1, n_pucch=0, dmrs_corr=-nan, snr=-inf dB, corr=0.000, sr=no, ta=0.0 us
2026-09-14T10:47:53.455458 [PHY0   ] [I] [  640] PUCCH: cc=0; rnti=0x46, f=1, n_pucch=0, dmrs_corr=-nan, snr=-inf dB, corr=0.000, sr=no, ta=0.0 us
2026-09-14T10:47:53.456676 [PHY1   ] [I] [  641] PUCCH: cc=0; rnti=0x46, f=2, n_pucch=0, dmrs_corr=1.000, snr=111.7 dB, corr=1.000, cqi=15 (cc=0), ta=0.0 us
2026-09-14T10:47:53.478006 [PHY0   ] [I] [  660] PUCCH: cc=0; rnti=0x46, f=1, n_pucch=0, dmrs_corr=-nan, snr=-inf dB, corr=0.000, sr=no, ta=0.0 us
2026-09-14T10:47:53.500793 [PHY0   ] [I] [  680] PUCCH: cc=0; rnti=0x46, f=1, n_pucch=0, dmrs_corr=-nan, snr=-inf dB, corr=0.000, sr=no, ta=0.0 us
2026-09-14T10:47:53.502063 [PHY1   ] [I] [  681] PUCCH: cc=0; rnti=0x46, f=2, n_pucch=0, dmrs_corr=1.000, snr=111.7 dB, corr=1.000, cqi=15 (cc=0), ta=0.0 us
2026-09-14T10:47:53.523612 [PHY0   ] [I] [  700] PUCCH: cc=0; rnti=0x46, f=1, n_pucch=0, dmrs_corr=-nan, snr=-inf dB, corr=0.000, sr=no, ta=0.0 us
2026-09-14T10:47:53.546371 [PHY0   ] [I] [  720] PUCCH: cc=0; rnti=0x46, f=1, n_pucch=0, dmrs_corr=-nan, snr=-inf dB, corr=0.000, sr=no, ta=0.0 us
2026-09-14T10:47:53.547591 [PHY1   ] [I] [  721] PUCCH: cc=0; rnti=0x46, f=2, n_pucch=0, dmrs_corr=1.000, snr=111.7 dB, corr=1.000, cqi=15 (cc=0), ta=0.0 us
2026-09-14T10:47:53.568910 [PHY0   ] [I] [  740] PUCCH: cc=0; rnti=0x46, f=1, n_pucch=0, dmrs_corr=-nan, snr=-inf dB, corr=0.000, sr=no, ta=0.0 us
2026-09-14T10:47:53.591825 [PHY0   ] [I] [  760] PUCCH: cc=0; rnti=0x46, f=1, n_pucch=0, dmrs_corr=-nan, snr=-inf dB, corr=0.000, sr=no, ta=0.0 us
2026-09-14T10:47:53.593041 [PHY1   ] [I] [  761] PUCCH: cc=0; rnti=0x46, f=2, n_pucch=0, dmrs_corr=1.000, snr=111.7 dB, corr=1.000, cqi=15 (cc=0), ta=0.0 us
2026-09-14T10:47:53.614476 [PHY0   ] [I] [  780] PUCCH: cc=0; rnti=0x46, f=1, n_pucch=0, dmrs_corr=-nan, snr=-inf dB, corr=0.000, sr=no, ta=0.0 us
2026-09-14T10:47:53.637163 [PHY0   ] [I] [  800] PUCCH: cc=0; rnti=0x46, f=1, n_pucch=0, dmrs_corr=-nan, snr=-inf dB, corr=0.000, sr=no, ta=0.0 us
2026-09-14T10:47:53.638423 [PHY1   ] [I] [  801] PUCCH: cc=0; rnti=0x46, f=2, n_pucch=0, dmrs_corr=1.000, snr=111.7 dB, corr=1.000, cqi=15 (cc=0), ta=0.0 us
2026-09-14T10:47:53.659897 [PHY0   ] [I] [  820] PUCCH: cc=0; rnti=0x46, f=1, n_pucch=0, dmrs_corr=-nan, snr=-inf dB, corr=0.000, sr=no, ta=0.0 us
2026-09-14T10:47:53.682609 [PHY0   ] [I] [  840] PUCCH: cc=0; rnti=0x46, f=1, n_pucch=0, dmrs_corr=-nan, snr=-inf dB, corr=0.000, sr=no, ta=0.0 us
2026-09-14T10:47:53.683934 [PHY1   ] [I] [  841] PUCCH: cc=0; rnti=0x46, f=2, n_pucch=0, dmrs_corr=1.000, snr=111.7 dB, corr=1.000, cqi=15 (cc=0), ta=0.0 us
2026-09-14T10:47:53.705656 [PHY0   ] [I] [  860] PUCCH: cc=0; rnti=0x46, f=1, n_pucch=0, dmrs_corr=-nan, snr=-inf dB, corr=0.000, sr=no, ta=0.0 us
2026-09-14T10:47:53.728381 [PHY0   ] [I] [  880] PUCCH: cc=0; rnti=0x46, f=1, n_pucch=0, dmrs_corr=-nan, snr=-inf dB, corr=0.000, sr=no, ta=0.0 us
2026-09-14T10:47:53.729631 [PHY1   ] [I] [  881] PUCCH: cc=0; rnti=0x46, f=2, n_pucch=0, dmrs_corr=1.000, snr=111.7 dB, corr=1.000, cqi=15 (cc=0), ta=0.0 us
2026-09-14T10:47:53.751010 [PHY0   ] [I] [  900] PUCCH: cc=0; rnti=0x46, f=1, n_pucch=0, dmrs_corr=-nan, snr=-inf dB, corr=0.000, sr=no, ta=0.0 us
2026-09-14T10:47:53.773989 [PHY0   ] [I] [  920] PUCCH: cc=0; rnti=0x46, f=1, n_pucch=0, dmrs_corr=-nan, snr=-inf dB, corr=0.000, sr=no, ta=0.0 us
2026-09-14T10:47:53.775310 [PHY1   ] [I] [  921] PUCCH: cc=0; rnti=0x46, f=2, n_pucch=0, dmrs_corr=1.000, snr=111.7 dB, corr=1.000, cqi=15 (cc=0), ta=0.0 us
2026-09-14T10:47:53.796607 [PHY0   ] [I] [  940] PUCCH: cc=0; rnti=0x46, f=1, n_pucch=0, dmrs_corr=-nan, snr=-inf dB, corr=0.000, sr=no, ta=0.0 us
2026-09-14T10:47:53.819225 [PHY0   ] [I] [  960] PUCCH: cc=0; rnti=0x46, f=1, n_pucch=0, dmrs_corr=-nan, snr=-inf dB, corr=0.000, sr=no, ta=0.0 us
2026-09-14T10:47:53.820549 [PHY1   ] [I] [  961] PUCCH: cc=0; rnti=0x46, f=2, n_pucch=0, dmrs_corr=1.000, snr=111.7 dB, corr=1.000, cqi=15 (cc=0), ta=0.0 us
2026-09-14T10:47:53.842070 [PHY0   ] [I] [  980] PUCCH: cc=0; rnti=0x46, f=1, n_pucch=0, dmrs_corr=-nan, snr=-inf dB, corr=0.000, sr=no, ta=0.0 us
2026-09-14T10:47:53.864858 [PHY0   ] [I] [ 1000] PUCCH: cc=0; rnti=0x46, f=1, n_pucch=0, dmrs_corr=-nan, snr=-inf dB, corr=0.000, sr=no, ta=0.0 us
2026-09-14T10:47:53.866288 [PHY1   ] [I] [ 1001] PUCCH: cc=0; rnti=0x46, f=2, n_pucch=0, dmrs_corr=1.000, snr=111.7 dB, corr=1.000, cqi=15 (cc=0), ta=0.0 us
2026-09-14T10:47:53.887991 [PHY0   ] [I] [ 1020] PUCCH: cc=0; rnti=0x46, f=1, n_pucch=0, dmrs_corr=-nan, snr=-inf dB, corr=0.000, sr=no, ta=0.0 us
2026-09-14T10:47:53.910779 [PHY0   ] [I] [ 1040] PUCCH: cc=0; rnti=0x46, f=1, n_pucch=0, dmrs_corr=-nan, snr=-inf dB, corr=0.000, sr=no, ta=0.0 us
2026-09-14T10:47:53.912077 [PHY1   ] [I] [ 1041] PUCCH: cc=0; rnti=0x46, f=2, n_pucch=0, dmrs_corr=1.000, snr=111.7 dB, corr=1.000, cqi=15 (cc=0), ta=0.0 us
2026-09-14T10:47:53.933660 [PHY0   ] [I] [ 1060] PUCCH: cc=0; rnti=0x46, f=1, n_pucch=0, dmrs_corr=-nan, snr=-inf dB, corr=0.000, sr=no, ta=0.0 us
2026-09-14T10:47:53.956426 [PHY0   ] [I] [ 1080] PUCCH: cc=0; rnti=0x46, f=1, n_pucch=0, dmrs_corr=-nan, snr=-inf dB, corr=0.000, sr=no, ta=0.0 us
2026-09-14T10:47:53.957759 [PHY1   ] [I] [ 1081] PUCCH: cc=0; rnti=0x46, f=2, n_pucch=0, dmrs_corr=1.000, snr=111.7 dB, corr=1.000, cqi=15 (cc=0), ta=0.0 us
2026-09-14T10:47:53.979125 [PHY0   ] [I] [ 1100] PUCCH: cc=0; rnti=0x46, f=1, n_pucch=0, dmrs_corr=-nan, snr=-inf dB, corr=0.000, sr=no, ta=0.0 us
2026-09-14T10:47:54.001966 [PHY0   ] [I] [ 1120] PUCCH: cc=0; rnti=0x46, f=1, n_pucch=0, dmrs_corr=-nan, snr=-inf dB, corr=0.000, sr=no, ta=0.0 us
2026-09-14T10:47:54.003303 [PHY1   ] [I] [ 1121] PUCCH: cc=0; rnti=0x46, f=2, n_pucch=0, dmrs_corr=1.000, snr=111.7 dB, corr=1.000, cqi=15 (cc=0), ta=0.0 us
2026-09-14T10:47:54.024534 [PHY0   ] [I] [ 1140] PUCCH: cc=0; rnti=0x46, f=1, n_pucch=0, dmrs_corr=-nan, snr=-inf dB, corr=0.000, sr=no, ta=0.0 us
2026-09-14T10:47:54.047379 [PHY0   ] [I] [ 1160] PUCCH: cc=0; rnti=0x46, f=1, n_pucch=0, dmrs_corr=-nan, snr=-inf dB, corr=0.000, sr=no, ta=0.0 us
2026-09-14T10:47:54.048641 [PHY1   ] [I] [ 1161] PUCCH: cc=0; rnti=0x46, f=2, n_pucch=0, dmrs_corr=1.000, snr=111.7 dB, corr=1.000, cqi=15 (cc=0), ta=0.0 us
2026-09-14T10:47:54.070246 [PHY0   ] [I] [ 1180] PUCCH: cc=0; rnti=0x46, f=1, n_pucch=0, dmrs_corr=-nan, snr=-inf dB, corr=0.000, sr=no, ta=0.0 us
2026-09-14T10:47:54.092814 [PHY0   ] [I] [ 1200] PUCCH: cc=0; rnti=0x46, f=1, n_pucch=0, dmrs_corr=-nan, snr=-inf dB, corr=0.000, sr=no, ta=0.0 us
2026-09-14T10:47:54.094140 [PHY1   ] [I] [ 1201] PUCCH: cc=0; rnti=0x46, f=2, n_pucch=0, dmrs_corr=1.000, snr=111.7 dB, corr=1.000, cqi=15 (cc=0), ta=0.0 us
2026-09-14T10:47:54.115421 [PHY0   ] [I] [ 1220] PUCCH: cc=0; rnti=0x46, f=1, n_pucch=0, dmrs_corr=-nan, snr=-inf dB, corr=0.000, sr=no, ta=0.0 us
2026-09-14T10:47:54.138224 [PHY0   ] [I] [ 1240] PUCCH: cc=0; rnti=0x46, f=1, n_pucch=0, dmrs_corr=-nan, snr=-inf dB, corr=0.000, sr=no, ta=0.0 us
2026-09-14T10:47:54.139575 [PHY1   ] [I] [ 1241] PUCCH: cc=0; rnti=0x46, f=2, n_pucch=0, dmrs_corr=1.000, snr=111.7 dB, corr=1.000, cqi=15 (cc=0), ta=0.0 us
2026-09-14T10:47:54.160973 [PHY0   ] [I] [ 1260] PUCCH: cc=0; rnti=0x46, f=1, n_pucch=0, dmrs_corr=-nan, snr=-inf dB, corr=0.000, sr=no, ta=0.0 us
2026-09-14T10:47:54.183883 [PHY0   ] [I] [ 1280] PUCCH: cc=0; rnti=0x46, f=1, n_pucch=0, dmrs_corr=-nan, snr=-inf dB, corr=0.000, sr=no, ta=0.0 us
2026-09-14T10:47:54.185167 [PHY1   ] [I] [ 1281] PUCCH: cc=0; rnti=0x46, f=2, n_pucch=0, dmrs_corr=1.000, snr=111.7 dB, corr=1.000, cqi=15 (cc=0), ta=0.0 us
2026-09-14T10:47:54.206909 [PHY0   ] [I] [ 1300] PUCCH: cc=0; rnti=0x46, f=1, n_pucch=0, dmrs_corr=-nan, snr=-inf dB, corr=0.000, sr=no, ta=0.0 us
2026-09-14T10:47:54.229274 [PHY0   ] [I] [ 1320] PUCCH: cc=0; rnti=0x46, f=1, n_pucch=0, dmrs_corr=-nan, snr=-inf dB, corr=0.000, sr=no, ta=0.0 us
2026-09-14T10:47:54.230550 [PHY1   ] [I] [ 1321] PUCCH: cc=0; rnti=0x46, f=2, n_pucch=0, dmrs_corr=1.000, snr=111.7 dB, corr=1.000, cqi=15 (cc=0), ta=0.0 us
2026-09-14T10:47:54.251603 [PHY0   ] [I] [ 1340] PUCCH: cc=0; rnti=0x46, f=1, n_pucch=0, dmrs_corr=-nan, snr=-inf dB, corr=0.000, sr=no, ta=0.0 us
2026-09-14T10:47:54.273881 [PHY0   ] [I] [ 1360] PUCCH: cc=0; rnti=0x46, f=1, n_pucch=0, dmrs_corr=-nan, snr=-inf dB, corr=0.000, sr=no, ta=0.0 us
2026-09-14T10:47:54.275229 [PHY1   ] [I] [ 1361] PUCCH: cc=0; rnti=0x46, f=2, n_pucch=0, dmrs_corr=1.000, snr=111.7 dB, corr=1.000, cqi=15 (cc=0), ta=0.0 us
2026-09-14T10:47:54.296682 [PHY0   ] [I] [ 1380] PUCCH: cc=0; rnti=0x46, f=1, n_pucch=0, dmrs_corr=-nan, snr=-inf dB, corr=0.000, sr=no, ta=0.0 us
2026-09-14T10:47:54.319477 [PHY0   ] [I] [ 1400] PUCCH: cc=0; rnti=0x46, f=1, n_pucch=0, dmrs_corr=-nan, snr=-inf dB, corr=0.000, sr=no, ta=0.0 us
2026-09-14T10:47:54.320765 [PHY1   ] [I] [ 1401] PUCCH: cc=0; rnti=0x46, f=2, n_pucch=0, dmrs_corr=1.000, snr=111.7 dB, corr=1.000, cqi=15 (cc=0), ta=0.0 us
2026-09-14T10:47:54.342305 [PHY0   ] [I] [ 1420] PUCCH: cc=0; rnti=0x46, f=1, n_pucch=0, dmrs_corr=-nan, snr=-inf dB, corr=0.000, sr=no, ta=0.0 us
2026-09-14T10:47:54.365006 [PHY0   ] [I] [ 1440] PUCCH: cc=0; rnti=0x46, f=1, n_pucch=0, dmrs_corr=-nan, snr=-inf dB, corr=0.000, sr=no, ta=0.0 us
2026-09-14T10:47:54.366233 [PHY1   ] [I] [ 1441] PUCCH: cc=0; rnti=0x46, f=2, n_pucch=0, dmrs_corr=1.000, snr=111.7 dB, corr=1.000, cqi=15 (cc=0), ta=0.0 us
2026-09-14T10:47:54.387722 [PHY0   ] [I] [ 1460] PUCCH: cc=0; rnti=0x46, f=1, n_pucch=0, dmrs_corr=-nan, snr=-inf dB, corr=0.000, sr=no, ta=0.0 us
2026-09-14T10:47:54.410375 [PHY0   ] [I] [ 1480] PUCCH: cc=0; rnti=0x46, f=1, n_pucch=0, dmrs_corr=-nan, snr=-inf dB, corr=0.000, sr=no, ta=0.0 us
2026-09-14T10:47:54.411695 [PHY1   ] [I] [ 1481] PUCCH: cc=0; rnti=0x46, f=2, n_pucch=0, dmrs_corr=1.000, snr=111.7 dB, corr=1.000, cqi=15 (cc=0), ta=0.0 us
2026-09-14T10:47:54.433264 [PHY0   ] [I] [ 1500] PUCCH: cc=0; rnti=0x46, f=1, n_pucch=0, dmrs_corr=-nan, snr=-inf dB, corr=0.000, sr=no, ta=0.0 us
2026-09-14T10:47:54.456046 [PHY0   ] [I] [ 1520] PUCCH: cc=0; rnti=0x46, f=1, n_pucch=0, dmrs_corr=-nan, snr=-inf dB, corr=0.000, sr=no, ta=0.0 us
2026-09-14T10:47:54.457325 [PHY1   ] [I] [ 1521] PUCCH: cc=0; rnti=0x46, f=2, n_pucch=0, dmrs_corr=1.000, snr=111.7 dB, corr=1.000, cqi=15 (cc=0), ta=0.0 us
2026-09-14T10:47:54.478565 [PHY0   ] [I] [ 1540] PUCCH: cc=0; rnti=0x46, f=1, n_pucch=0, dmrs_corr=-nan, snr=-inf dB, corr=0.000, sr=no, ta=0.0 us
2026-09-14T10:47:54.501293 [PHY0   ] [I] [ 1560] PUCCH: cc=0; rnti=0x46, f=1, n_pucch=0, dmrs_corr=-nan, snr=-inf dB, corr=0.000, sr=no, ta=0.0 us
2026-09-14T10:47:54.502598 [PHY1   ] [I] [ 1561] PUCCH: cc=0; rnti=0x46, f=2, n_pucch=0, dmrs_corr=1.000, snr=111.7 dB, corr=1.000, cqi=15 (cc=0), ta=0.0 us
2026-09-14T10:47:54.523856 [PHY0   ] [I] [ 1580] PUCCH: cc=0; rnti=0x46, f=1, n_pucch=0, dmrs_corr=-nan, snr=-inf dB, corr=0.000, sr=no, ta=0.0 us
2026-09-14T10:47:54.546200 [PHY0   ] [I] [ 1600] PUCCH: cc=0; rnti=0x46, f=1, n_pucch=0, dmrs_corr=-nan, snr=-inf dB, corr=0.000, sr=no, ta=0.0 us
2026-09-14T10:47:54.547468 [PHY1   ] [I] [ 1601] PUCCH: cc=0; rnti=0x46, f=2, n_pucch=0, dmrs_corr=1.000, snr=111.7 dB, corr=1.000, cqi=15 (cc=0), ta=0.0 us
2026-09-14T10:47:54.568845 [PHY0   ] [I] [ 1620] PUCCH: cc=0; rnti=0x46, f=1, n_pucch=0, dmrs_corr=-nan, snr=-inf dB, corr=0.000, sr=no, ta=0.0 us
2026-09-14T10:47:54.591060 [PHY0   ] [I] [ 1640] PUCCH: cc=0; rnti=0x46, f=1, n_pucch=0, dmrs_corr=-nan, snr=-inf dB, corr=0.000, sr=no, ta=0.0 us
2026-09-14T10:47:54.592305 [PHY1   ] [I] [ 1641] PUCCH: cc=0; rnti=0x46, f=2, n_pucch=0, dmrs_corr=1.000, snr=111.7 dB, corr=1.000, cqi=15 (cc=0), ta=0.0 us
2026-09-14T10:47:54.613551 [PHY0   ] [I] [ 1660] PUCCH: cc=0; rnti=0x46, f=1, n_pucch=0, dmrs_corr=-nan, snr=-inf dB, corr=0.000, sr=no, ta=0.0 us
2026-09-14T10:47:54.636105 [PHY0   ] [I] [ 1680] PUCCH: cc=0; rnti=0x46, f=1, n_pucch=0, dmrs_corr=-nan, snr=-inf dB, corr=0.000, sr=no, ta=0.0 us
2026-09-14T10:47:54.637280 [PHY1   ] [I] [ 1681] PUCCH: cc=0; rnti=0x46, f=2, n_pucch=0, dmrs_corr=1.000, snr=111.7 dB, corr=1.000, cqi=15 (cc=0), ta=0.0 us
2026-09-14T10:47:54.659096 [PHY0   ] [I] [ 1700] PUCCH: cc=0; rnti=0x46, f=1, n_pucch=0, dmrs_corr=-nan, snr=-inf dB, corr=0.000, sr=no, ta=0.0 us
2026-09-14T10:47:54.682053 [PHY0   ] [I] [ 1720] PUCCH: cc=0; rnti=0x46, f=1, n_pucch=0, dmrs_corr=-nan, snr=-inf dB, corr=0.000, sr=no, ta=0.0 us
2026-09-14T10:47:54.683291 [PHY1   ] [I] [ 1721] PUCCH: cc=0; rnti=0x46, f=2, n_pucch=0, dmrs_corr=1.000, snr=111.7 dB, corr=1.000, cqi=15 (cc=0), ta=0.0 us
2026-09-14T10:47:54.704578 [PHY0   ] [I] [ 1740] PUCCH: cc=0; rnti=0x46, f=1, n_pucch=0, dmrs_corr=-nan, snr=-inf dB, corr=0.000, sr=no, ta=0.0 us
2026-09-14T10:47:54.727094 [PHY0   ] [I] [ 1760] PUCCH: cc=0; rnti=0x46, f=1, n_pucch=0, dmrs_corr=-nan, snr=-inf dB, corr=0.000, sr=no, ta=0.0 us
2026-09-14T10:47:54.728343 [PHY1   ] [I] [ 1761] PUCCH: cc=0; rnti=0x46, f=2, n_pucch=0, dmrs_corr=1.000, snr=111.7 dB, corr=1.000, cqi=15 (cc=0), ta=0.0 us
2026-09-14T10:47:54.749756 [PHY0   ] [I] [ 1780] PUCCH: cc=0; rnti=0x46, f=1, n_pucch=0, dmrs_corr=-nan, snr=-inf dB, corr=0.000, sr=no, ta=0.0 us
2026-09-14T10:47:54.772227 [PHY0   ] [I] [ 1800] PUCCH: cc=0; rnti=0x46, f=1, n_pucch=0, dmrs_corr=-nan, snr=-inf dB, corr=0.000, sr=no, ta=0.0 us
2026-09-14T10:47:54.773541 [PHY1   ] [I] [ 1801] PUCCH: cc=0; rnti=0x46, f=2, n_pucch=0, dmrs_corr=1.000, snr=111.7 dB, corr=1.000, cqi=15 (cc=0), ta=0.0 us
2026-09-14T10:47:54.794684 [PHY0   ] [I] [ 1820] PUCCH: cc=0; rnti=0x46, f=1, n_pucch=0, dmrs_corr=-nan, snr=-inf dB, corr=0.000, sr=no, ta=0.0 us
2026-09-14T10:47:54.817100 [PHY0   ] [I] [ 1840] PUCCH: cc=0; rnti=0x46, f=1, n_pucch=0, dmrs_corr=-nan, snr=-inf dB, corr=0.000, sr=no, ta=0.0 us
2026-09-14T10:47:54.818360 [PHY1   ] [I] [ 1841] PUCCH: cc=0; rnti=0x46, f=2, n_pucch=0, dmrs_corr=1.000, snr=111.7 dB, corr=1.000, cqi=15 (cc=0), ta=0.0 us
2026-09-14T10:47:54.839527 [PHY0   ] [I] [ 1860] PUCCH: cc=0; rnti=0x46, f=1, n_pucch=0, dmrs_corr=-nan, snr=-inf dB, corr=0.000, sr=no, ta=0.0 us
2026-09-14T10:47:54.862085 [PHY0   ] [I] [ 1880] PUCCH: cc=0; rnti=0x46, f=1, n_pucch=0, dmrs_corr=-nan, snr=-inf dB, corr=0.000, sr=no, ta=0.0 us
2026-09-14T10:47:54.863369 [PHY1   ] [I] [ 1881] PUCCH: cc=0; rnti=0x46, f=2, n_pucch=0, dmrs_corr=1.000, snr=111.7 dB, corr=1.000, cqi=15 (cc=0), ta=0.0 us
2026-09-14T10:47:54.884738 [PHY0   ] [I] [ 1900] PUCCH: cc=0; rnti=0x46, f=1, n_pucch=0, dmrs_corr=-nan, snr=-inf dB, corr=0.000, sr=no, ta=0.0 us
2026-09-14T10:47:54.907265 [PHY0   ] [I] [ 1920] PUCCH: cc=0; rnti=0x46, f=1, n_pucch=0, dmrs_corr=-nan, snr=-inf dB, corr=0.000, sr=no, ta=0.0 us
2026-09-14T10:47:54.908550 [PHY1   ] [I] [ 1921] PUCCH: cc=0; rnti=0x46, f=2, n_pucch=0, dmrs_corr=1.000, snr=111.7 dB, corr=1.000, cqi=15 (cc=0), ta=0.0 us
2026-09-14T10:47:54.930001 [PHY0   ] [I] [ 1940] PUCCH: cc=0; rnti=0x46, f=1, n_pucch=0, dmrs_corr=-nan, snr=-inf dB, corr=0.000, sr=no, ta=0.0 us
2026-09-14T10:47:54.952455 [PHY0   ] [I] [ 1960] PUCCH: cc=0; rnti=0x46, f=1, n_pucch=0, dmrs_corr=-nan, snr=-inf dB, corr=0.000, sr=no, ta=0.0 us
2026-09-14T10:47:54.953752 [PHY1   ] [I] [ 1961] PUCCH: cc=0; rnti=0x46, f=2, n_pucch=0, dmrs_corr=1.000, snr=111.7 dB, corr=1.000, cqi=15 (cc=0), ta=0.0 us
2026-09-14T10:47:54.975287 [PHY0   ] [I] [ 1980] PUCCH: cc=0; rnti=0x46, f=1, n_pucch=0, dmrs_corr=-nan, snr=-inf dB, corr=0.000, sr=no, ta=0.0 us
2026-09-14T10:47:54.997780 [PHY0   ] [I] [ 2000] PUCCH: cc=0; rnti=0x46, f=1, n_pucch=0, dmrs_corr=-nan, snr=-inf dB, corr=0.000, sr=no, ta=0.0 us
2026-09-14T10:47:54.999167 [PHY1   ] [I] [ 2001] PUCCH: cc=0; rnti=0x46, f=2, n_pucch=0, dmrs_corr=1.000, snr=111.7 dB, corr=1.000, cqi=15 (cc=0), ta=0.0 us
2026-09-14T10:47:55.020394 [PHY0   ] [I] [ 2020] PUCCH: cc=0; rnti=0x46, f=1, n_pucch=0, dmrs_corr=-nan, snr=-inf dB, corr=0.000, sr=no, ta=0.0 us
2026-09-14T10:47:55.042602 [PHY0   ] [I] [ 2040] PUCCH: cc=0; rnti=0x46, f=1, n_pucch=0, dmrs_corr=-nan, snr=-inf dB, corr=0.000, sr=no, ta=0.0 us
2026-09-14T10:47:55.043776 [PHY1   ] [I] [ 2041] PUCCH: cc=0; rnti=0x46, f=2, n_pucch=0, dmrs_corr=1.000, snr=111.7 dB, corr=1.000, cqi=15 (cc=0), ta=0.0 us
2026-09-14T10:47:55.064975 [PHY0   ] [I] [ 2060] PUCCH: cc=0; rnti=0x46, f=1, n_pucch=0, dmrs_corr=-nan, snr=-inf dB, corr=0.000, sr=no, ta=0.0 us
2026-09-14T10:47:55.087409 [PHY0   ] [I] [ 2080] PUCCH: cc=0; rnti=0x46, f=1, n_pucch=0, dmrs_corr=-nan, snr=-inf dB, corr=0.000, sr=no, ta=0.0 us
2026-09-14T10:47:55.088648 [PHY1   ] [I] [ 2081] PUCCH: cc=0; rnti=0x46, f=2, n_pucch=0, dmrs_corr=1.000, snr=111.7 dB, corr=1.000, cqi=15 (cc=0), ta=0.0 us
2026-09-14T10:47:55.109963 [PHY0   ] [I] [ 2100] PUCCH: cc=0; rnti=0x46, f=1, n_pucch=0, dmrs_corr=-nan, snr=-inf dB, corr=0.000, sr=no, ta=0.0 us
2026-09-14T10:47:55.132664 [PHY0   ] [I] [ 2120] PUCCH: cc=0; rnti=0x46, f=1, n_pucch=0, dmrs_corr=-nan, snr=-inf dB, corr=0.000, sr=no, ta=0.0 us
2026-09-14T10:47:55.133928 [PHY1   ] [I] [ 2121] PUCCH: cc=0; rnti=0x46, f=2, n_pucch=0, dmrs_corr=1.000, snr=111.7 dB, corr=1.000, cqi=15 (cc=0), ta=0.0 us
2026-09-14T10:47:55.155297 [PHY0   ] [I] [ 2140] PUCCH: cc=0; rnti=0x46, f=1, n_pucch=0, dmrs_corr=-nan, snr=-inf dB, corr=0.000, sr=no, ta=0.0 us
2026-09-14T10:47:55.177823 [PHY0   ] [I] [ 2160] PUCCH: cc=0; rnti=0x46, f=1, n_pucch=0, dmrs_corr=-nan, snr=-inf dB, corr=0.000, sr=no, ta=0.0 us
2026-09-14T10:47:55.179025 [PHY1   ] [I] [ 2161] PUCCH: cc=0; rnti=0x46, f=2, n_pucch=0, dmrs_corr=1.000, snr=111.7 dB, corr=1.000, cqi=15 (cc=0), ta=0.0 us
2026-09-14T10:47:55.200394 [PHY0   ] [I] [ 2180] PUCCH: cc=0; rnti=0x46, f=1, n_pucch=0, dmrs_corr=-nan, snr=-inf dB, corr=0.000, sr=no, ta=0.0 us
2026-09-14T10:47:55.223021 [PHY0   ] [I] [ 2200] PUCCH: cc=0; rnti=0x46, f=1, n_pucch=0, dmrs_corr=-nan, snr=-inf dB, corr=0.000, sr=no, ta=0.0 us
2026-09-14T10:47:55.224279 [PHY1   ] [I] [ 2201] PUCCH: cc=0; rnti=0x46, f=2, n_pucch=0, dmrs_corr=1.000, snr=111.7 dB, corr=1.000, cqi=15 (cc=0), ta=0.0 us
2026-09-14T10:47:55.245396 [PHY0   ] [I] [ 2220] PUCCH: cc=0; rnti=0x46, f=1, n_pucch=0, dmrs_corr=-nan, snr=-inf dB, corr=0.000, sr=no, ta=0.0 us
2026-09-14T10:47:55.268052 [PHY0   ] [I] [ 2240] PUCCH: cc=0; rnti=0x46, f=1, n_pucch=0, dmrs_corr=-nan, snr=-inf dB, corr=0.000, sr=no, ta=0.0 us
2026-09-14T10:47:55.269353 [PHY1   ] [I] [ 2241] PUCCH: cc=0; rnti=0x46, f=2, n_pucch=0, dmrs_corr=1.000, snr=111.7 dB, corr=1.000, cqi=15 (cc=0), ta=0.0 us
2026-09-14T10:47:55.290981 [PHY0   ] [I] [ 2260] PUCCH: cc=0; rnti=0x46, f=1, n_pucch=0, dmrs_corr=-nan, snr=-inf dB, corr=0.000, sr=no, ta=0.0 us
2026-09-14T10:47:55.313305 [PHY0   ] [I] [ 2280] PUCCH: cc=0; rnti=0x46, f=1, n_pucch=0, dmrs_corr=-nan, snr=-inf dB, corr=0.000, sr=no, ta=0.0 us
2026-09-14T10:47:55.314583 [PHY1   ] [I] [ 2281] PUCCH: cc=0; rnti=0x46, f=2, n_pucch=0, dmrs_corr=1.000, snr=111.7 dB, corr=1.000, cqi=15 (cc=0), ta=0.0 us
2026-09-14T10:47:55.335631 [PHY0   ] [I] [ 2300] PUCCH: cc=0; rnti=0x46, f=1, n_pucch=0, dmrs_corr=-nan, snr=-inf dB, corr=0.000, sr=no, ta=0.0 us
2026-09-14T10:47:55.357981 [PHY0   ] [I] [ 2320] PUCCH: cc=0; rnti=0x46, f=1, n_pucch=0, dmrs_corr=-nan, snr=-inf dB, corr=0.000, sr=no, ta=0.0 us
2026-09-14T10:47:55.359210 [PHY1   ] [I] [ 2321] PUCCH: cc=0; rnti=0x46, f=2, n_pucch=0, dmrs_corr=1.000, snr=111.7 dB, corr=1.000, cqi=15 (cc=0), ta=0.0 us
2026-09-14T10:47:55.380654 [PHY0   ] [I] [ 2340] PUCCH: cc=0; rnti=0x46, f=1, n_pucch=0, dmrs_corr=-nan, snr=-inf dB, corr=0.000, sr=no, ta=0.0 us
2026-09-14T10:47:55.403576 [PHY0   ] [I] [ 2360] PUCCH: cc=0; rnti=0x46, f=1, n_pucch=0, dmrs_corr=-nan, snr=-inf dB, corr=0.000, sr=no, ta=0.0 us
2026-09-14T10:47:55.404778 [PHY1   ] [I] [ 2361] PUCCH: cc=0; rnti=0x46, f=2, n_pucch=0, dmrs_corr=1.000, snr=111.7 dB, corr=1.000, cqi=15 (cc=0), ta=0.0 us
2026-09-14T10:47:55.425825 [PHY0   ] [I] [ 2380] PUCCH: cc=0; rnti=0x46, f=1, n_pucch=0, dmrs_corr=-nan, snr=-inf dB, corr=0.000, sr=no, ta=0.0 us
2026-09-14T10:47:55.448499 [PHY0   ] [I] [ 2400] PUCCH: cc=0; rnti=0x46, f=1, n_pucch=0, dmrs_corr=-nan, snr=-inf dB, corr=0.000, sr=no, ta=0.0 us
2026-09-14T10:47:55.449743 [PHY1   ] [I] [ 2401] PUCCH: cc=0; rnti=0x46, f=2, n_pucch=0, dmrs_corr=1.000, snr=111.7 dB, corr=1.000, cqi=15 (cc=0), ta=0.0 us
2026-09-14T10:47:55.471104 [PHY0   ] [I] [ 2420] PUCCH: cc=0; rnti=0x46, f=1, n_pucch=0, dmrs_corr=-nan, snr=-inf dB, corr=0.000, sr=no, ta=0.0 us
2026-09-14T10:47:55.493818 [PHY0   ] [I] [ 2440] PUCCH: cc=0; rnti=0x46, f=1, n_pucch=0, dmrs_corr=-nan, snr=-inf dB, corr=0.000, sr=no, ta=0.0 us
2026-09-14T10:47:55.495171 [PHY1   ] [I] [ 2441] PUCCH: cc=0; rnti=0x46, f=2, n_pucch=0, dmrs_corr=1.000, snr=111.7 dB, corr=1.000, cqi=15 (cc=0), ta=0.0 us
2026-09-14T10:47:55.516833 [PHY0   ] [I] [ 2460] PUCCH: cc=0; rnti=0x46, f=1, n_pucch=0, dmrs_corr=-nan, snr=-inf dB, corr=0.000, sr=no, ta=0.0 us
2026-09-14T10:47:55.539322 [PHY0   ] [I] [ 2480] PUCCH: cc=0; rnti=0x46, f=1, n_pucch=0, dmrs_corr=-nan, snr=-inf dB, corr=0.000, sr=no, ta=0.0 us
2026-09-14T10:47:55.540594 [PHY1   ] [I] [ 2481] PUCCH: cc=0; rnti=0x46, f=2, n_pucch=0, dmrs_corr=1.000, snr=111.7 dB, corr=1.000, cqi=15 (cc=0), ta=0.0 us
2026-09-14T10:47:55.562070 [PHY0   ] [I] [ 2500] PUCCH: cc=0; rnti=0x46, f=1, n_pucch=0, dmrs_corr=-nan, snr=-inf dB, corr=0.000, sr=no, ta=0.0 us
2026-09-14T10:47:55.584656 [PHY0   ] [I] [ 2520] PUCCH: cc=0; rnti=0x46, f=1, n_pucch=0, dmrs_corr=-nan, snr=-inf dB, corr=0.000, sr=no, ta=0.0 us
2026-09-14T10:47:55.585959 [PHY1   ] [I] [ 2521] PUCCH: cc=0; rnti=0x46, f=2, n_pucch=0, dmrs_corr=1.000, snr=111.7 dB, corr=1.000, cqi=15 (cc=0), ta=0.0 us
2026-09-14T10:47:55.607571 [PHY0   ] [I] [ 2540] PUCCH: cc=0; rnti=0x46, f=1, n_pucch=0, dmrs_corr=-nan, snr=-inf dB, corr=0.000, sr=no, ta=0.0 us
2026-09-14T10:47:55.630600 [PHY0   ] [I] [ 2560] PUCCH: cc=0; rnti=0x46, f=1, n_pucch=0, dmrs_corr=-nan, snr=-inf dB, corr=0.000, sr=no, ta=0.0 us
2026-09-14T10:47:55.631863 [PHY1   ] [I] [ 2561] PUCCH: cc=0; rnti=0x46, f=2, n_pucch=0, dmrs_corr=1.000, snr=111.7 dB, corr=1.000, cqi=15 (cc=0), ta=0.0 us
2026-09-14T10:47:55.653264 [PHY0   ] [I] [ 2580] PUCCH: cc=0; rnti=0x46, f=1, n_pucch=0, dmrs_corr=-nan, snr=-inf dB, corr=0.000, sr=no, ta=0.0 us
2026-09-14T10:47:55.676170 [PHY0   ] [I] [ 2600] PUCCH: cc=0; rnti=0x46, f=1, n_pucch=0, dmrs_corr=-nan, snr=-inf dB, corr=0.000, sr=no, ta=0.0 us
2026-09-14T10:47:55.677471 [PHY1   ] [I] [ 2601] PUCCH: cc=0; rnti=0x46, f=2, n_pucch=0, dmrs_corr=1.000, snr=111.7 dB, corr=1.000, cqi=15 (cc=0), ta=0.0 us
2026-09-14T10:47:55.698973 [PHY0   ] [I] [ 2620] PUCCH: cc=0; rnti=0x46, f=1, n_pucch=0, dmrs_corr=-nan, snr=-inf dB, corr=0.000, sr=no, ta=0.0 us
2026-09-14T10:47:55.726214 [PHY0   ] [I] [ 2640] PUCCH: cc=0; rnti=0x46, f=1, n_pucch=0, dmrs_corr=-nan, snr=-inf dB, corr=0.000, sr=no, ta=0.0 us
2026-09-14T10:47:55.727327 [PHY1   ] [I] [ 2641] PUCCH: cc=0; rnti=0x46, f=2, n_pucch=0, dmrs_corr=1.000, snr=111.7 dB, corr=1.000, cqi=15 (cc=0), ta=0.0 us
2026-09-14T10:47:55.748505 [PHY0   ] [I] [ 2660] PUCCH: cc=0; rnti=0x46, f=1, n_pucch=0, dmrs_corr=-nan, snr=-inf dB, corr=0.000, sr=no, ta=0.0 us
2026-09-14T10:47:55.770889 [PHY0   ] [I] [ 2680] PUCCH: cc=0; rnti=0x46, f=1, n_pucch=0, dmrs_corr=-nan, snr=-inf dB, corr=0.000, sr=no, ta=0.0 us
2026-09-14T10:47:55.772080 [PHY1   ] [I] [ 2681] PUCCH: cc=0; rnti=0x46, f=2, n_pucch=0, dmrs_corr=1.000, snr=111.7 dB, corr=1.000, cqi=15 (cc=0), ta=0.0 us
2026-09-14T10:47:55.793533 [PHY0   ] [I] [ 2700] PUCCH: cc=0; rnti=0x46, f=1, n_pucch=0, dmrs_corr=-nan, snr=-inf dB, corr=0.000, sr=no, ta=0.0 us
2026-09-14T10:47:55.816663 [PHY0   ] [I] [ 2720] PUCCH: cc=0; rnti=0x46, f=1, n_pucch=0, dmrs_corr=-nan, snr=-inf dB, corr=0.000, sr=no, ta=0.0 us
2026-09-14T10:47:55.817901 [PHY1   ] [I] [ 2721] PUCCH: cc=0; rnti=0x46, f=2, n_pucch=0, dmrs_corr=1.000, snr=111.7 dB, corr=1.000, cqi=15 (cc=0), ta=0.0 us
2026-09-14T10:47:55.839371 [PHY0   ] [I] [ 2740] PUCCH: cc=0; rnti=0x46, f=1, n_pucch=0, dmrs_corr=-nan, snr=-inf dB, corr=0.000, sr=no, ta=0.0 us
2026-09-14T10:47:55.861997 [PHY0   ] [I] [ 2760] PUCCH: cc=0; rnti=0x46, f=1, n_pucch=0, dmrs_corr=-nan, snr=-inf dB, corr=0.000, sr=no, ta=0.0 us
2026-09-14T10:47:55.863255 [PHY1   ] [I] [ 2761] PUCCH: cc=0; rnti=0x46, f=2, n_pucch=0, dmrs_corr=1.000, snr=111.7 dB, corr=1.000, cqi=15 (cc=0), ta=0.0 us
2026-09-14T10:47:55.884751 [PHY0   ] [I] [ 2780] PUCCH: cc=0; rnti=0x46, f=1, n_pucch=0, dmrs_corr=-nan, snr=-inf dB, corr=0.000, sr=no, ta=0.0 us
2026-09-14T10:47:55.907423 [PHY0   ] [I] [ 2800] PUCCH: cc=0; rnti=0x46, f=1, n_pucch=0, dmrs_corr=-nan, snr=-inf dB, corr=0.000, sr=no, ta=0.0 us
2026-09-14T10:47:55.908697 [PHY1   ] [I] [ 2801] PUCCH: cc=0; rnti=0x46, f=2, n_pucch=0, dmrs_corr=1.000, snr=111.7 dB, corr=1.000, cqi=15 (cc=0), ta=0.0 us
2026-09-14T10:47:55.930267 [PHY0   ] [I] [ 2820] PUCCH: cc=0; rnti=0x46, f=1, n_pucch=0, dmrs_corr=-nan, snr=-inf dB, corr=0.000, sr=no, ta=0.0 us
2026-09-14T10:47:55.952922 [PHY0   ] [I] [ 2840] PUCCH: cc=0; rnti=0x46, f=1, n_pucch=0, dmrs_corr=-nan, snr=-inf dB, corr=0.000, sr=no, ta=0.0 us
2026-09-14T10:47:55.954284 [PHY1   ] [I] [ 2841] PUCCH: cc=0; rnti=0x46, f=2, n_pucch=0, dmrs_corr=1.000, snr=111.7 dB, corr=1.000, cqi=15 (cc=0), ta=0.0 us
2026-09-14T10:47:55.975770 [PHY0   ] [I] [ 2860] PUCCH: cc=0; rnti=0x46, f=1, n_pucch=0, dmrs_corr=-nan, snr=-inf dB, corr=0.000, sr=no, ta=0.0 us
2026-09-14T10:47:55.998295 [PHY0   ] [I] [ 2880] PUCCH: cc=0; rnti=0x46, f=1, n_pucch=0, dmrs_corr=-nan, snr=-inf dB, corr=0.000, sr=no, ta=0.0 us
2026-09-14T10:47:55.999599 [PHY1   ] [I] [ 2881] PUCCH: cc=0; rnti=0x46, f=2, n_pucch=0, dmrs_corr=1.000, snr=111.7 dB, corr=1.000, cqi=15 (cc=0), ta=0.0 us
2026-09-14T10:47:56.020791 [PHY0   ] [I] [ 2900] PUCCH: cc=0; rnti=0x46, f=1, n_pucch=0, dmrs_corr=-nan, snr=-inf dB, corr=0.000, sr=no, ta=0.0 us
2026-09-14T10:47:56.043180 [PHY0   ] [I] [ 2920] PUCCH: cc=0; rnti=0x46, f=1, n_pucch=0, dmrs_corr=-nan, snr=-inf dB, corr=0.000, sr=no, ta=0.0 us
2026-09-14T10:47:56.044434 [PHY1   ] [I] [ 2921] PUCCH: cc=0; rnti=0x46, f=2, n_pucch=0, dmrs_corr=1.000, snr=111.7 dB, corr=1.000, cqi=15 (cc=0), ta=0.0 us
2026-09-14T10:47:56.066039 [PHY0   ] [I] [ 2940] PUCCH: cc=0; rnti=0x46, f=1, n_pucch=0, dmrs_corr=-nan, snr=-inf dB, corr=0.000, sr=no, ta=0.0 us
2026-09-14T10:47:56.088597 [PHY0   ] [I] [ 2960] PUCCH: cc=0; rnti=0x46, f=1, n_pucch=0, dmrs_corr=-nan, snr=-inf dB, corr=0.000, sr=no, ta=0.0 us
2026-09-14T10:47:56.089909 [PHY1   ] [I] [ 2961] PUCCH: cc=0; rnti=0x46, f=2, n_pucch=0, dmrs_corr=1.000, snr=111.7 dB, corr=1.000, cqi=15 (cc=0), ta=0.0 us
2026-09-14T10:47:56.111580 [PHY0   ] [I] [ 2980] PUCCH: cc=0; rnti=0x46, f=1, n_pucch=0, dmrs_corr=-nan, snr=-inf dB, corr=0.000, sr=no, ta=0.0 us
2026-09-14T10:47:56.134276 [PHY0   ] [I] [ 3000] PUCCH: cc=0; rnti=0x46, f=1, n_pucch=0, dmrs_corr=-nan, snr=-inf dB, corr=0.000, sr=no, ta=0.0 us
2026-09-14T10:47:56.135546 [PHY1   ] [I] [ 3001] PUCCH: cc=0; rnti=0x46, f=2, n_pucch=0, dmrs_corr=1.000, snr=111.7 dB, corr=1.000, cqi=15 (cc=0), ta=0.0 us
2026-09-14T10:47:56.157079 [PHY0   ] [I] [ 3020] PUCCH: cc=0; rnti=0x46, f=1, n_pucch=0, dmrs_corr=-nan, snr=-inf dB, corr=0.000, sr=no, ta=0.0 us
2026-09-14T10:47:56.180035 [PHY0   ] [I] [ 3040] PUCCH: cc=0; rnti=0x46, f=1, n_pucch=0, dmrs_corr=-nan, snr=-inf dB, corr=0.000, sr=no, ta=0.0 us
2026-09-14T10:47:56.181251 [PHY1   ] [I] [ 3041] PUCCH: cc=0; rnti=0x46, f=2, n_pucch=0, dmrs_corr=1.000, snr=111.7 dB, corr=1.000, cqi=15 (cc=0), ta=0.0 us
2026-09-14T10:47:56.202959 [PHY0   ] [I] [ 3060] PUCCH: cc=0; rnti=0x46, f=1, n_pucch=0, dmrs_corr=-nan, snr=-inf dB, corr=0.000, sr=no, ta=0.0 us
2026-09-14T10:47:56.225821 [PHY0   ] [I] [ 3080] PUCCH: cc=0; rnti=0x46, f=1, n_pucch=0, dmrs_corr=-nan, snr=-inf dB, corr=0.000, sr=no, ta=0.0 us
2026-09-14T10:47:56.226964 [PHY1   ] [I] [ 3081] PUCCH: cc=0; rnti=0x46, f=2, n_pucch=0, dmrs_corr=1.000, snr=111.7 dB, corr=1.000, cqi=15 (cc=0), ta=0.0 us
2026-09-14T10:47:56.248641 [PHY0   ] [I] [ 3100] PUCCH: cc=0; rnti=0x46, f=1, n_pucch=0, dmrs_corr=-nan, snr=-inf dB, corr=0.000, sr=no, ta=0.0 us
2026-09-14T10:47:56.272266 [PHY0   ] [I] [ 3120] PUCCH: cc=0; rnti=0x46, f=1, n_pucch=0, dmrs_corr=-nan, snr=-inf dB, corr=0.000, sr=no, ta=0.0 us
2026-09-14T10:47:56.273547 [PHY1   ] [I] [ 3121] PUCCH: cc=0; rnti=0x46, f=2, n_pucch=0, dmrs_corr=1.000, snr=111.7 dB, corr=1.000, cqi=15 (cc=0), ta=0.0 us
2026-09-14T10:47:56.294974 [PHY0   ] [I] [ 3140] PUCCH: cc=0; rnti=0x46, f=1, n_pucch=0, dmrs_corr=-nan, snr=-inf dB, corr=0.000, sr=no, ta=0.0 us
2026-09-14T10:47:56.317293 [PHY0   ] [I] [ 3160] PUCCH: cc=0; rnti=0x46, f=1, n_pucch=0, dmrs_corr=-nan, snr=-inf dB, corr=0.000, sr=no, ta=0.0 us
2026-09-14T10:47:56.318522 [PHY1   ] [I] [ 3161] PUCCH: cc=0; rnti=0x46, f=2, n_pucch=0, dmrs_corr=1.000, snr=111.7 dB, corr=1.000, cqi=15 (cc=0), ta=0.0 us
2026-09-14T10:47:56.340118 [PHY0   ] [I] [ 3180] PUCCH: cc=0; rnti=0x46, f=1, n_pucch=0, dmrs_corr=-nan, snr=-inf dB, corr=0.000, sr=no, ta=0.0 us
2026-09-14T10:47:56.363004 [PHY0   ] [I] [ 3200] PUCCH: cc=0; rnti=0x46, f=1, n_pucch=0, dmrs_corr=-nan, snr=-inf dB, corr=0.000, sr=no, ta=0.0 us
2026-09-14T10:47:56.364255 [PHY1   ] [I] [ 3201] PUCCH: cc=0; rnti=0x46, f=2, n_pucch=0, dmrs_corr=1.000, snr=111.7 dB, corr=1.000, cqi=15 (cc=0), ta=0.0 us
2026-09-14T10:47:56.385575 [PHY0   ] [I] [ 3220] PUCCH: cc=0; rnti=0x46, f=1, n_pucch=0, dmrs_corr=-nan, snr=-inf dB, corr=0.000, sr=no, ta=0.0 us
2026-09-14T10:47:56.408262 [PHY0   ] [I] [ 3240] PUCCH: cc=0; rnti=0x46, f=1, n_pucch=0, dmrs_corr=-nan, snr=-inf dB, corr=0.000, sr=no, ta=0.0 us
2026-09-14T10:47:56.409513 [PHY1   ] [I] [ 3241] PUCCH: cc=0; rnti=0x46, f=2, n_pucch=0, dmrs_corr=1.000, snr=111.7 dB, corr=1.000, cqi=15 (cc=0), ta=0.0 us
2026-09-14T10:47:56.430755 [PHY0   ] [I] [ 3260] PUCCH: cc=0; rnti=0x46, f=1, n_pucch=0, dmrs_corr=-nan, snr=-inf dB, corr=0.000, sr=no, ta=0.0 us
2026-09-14T10:47:56.453480 [PHY0   ] [I] [ 3280] PUCCH: cc=0; rnti=0x46, f=1, n_pucch=0, dmrs_corr=-nan, snr=-inf dB, corr=0.000, sr=no, ta=0.0 us
2026-09-14T10:47:56.454694 [PHY1   ] [I] [ 3281] PUCCH: cc=0; rnti=0x46, f=2, n_pucch=0, dmrs_corr=1.000, snr=111.7 dB, corr=1.000, cqi=15 (cc=0), ta=0.0 us
2026-09-14T10:47:56.476096 [PHY0   ] [I] [ 3300] PUCCH: cc=0; rnti=0x46, f=1, n_pucch=0, dmrs_corr=-nan, snr=-inf dB, corr=0.000, sr=no, ta=0.0 us
2026-09-14T10:47:56.498601 [PHY0   ] [I] [ 3320] PUCCH: cc=0; rnti=0x46, f=1, n_pucch=0, dmrs_corr=-nan, snr=-inf dB, corr=0.000, sr=no, ta=0.0 us
2026-09-14T10:47:56.499903 [PHY1   ] [I] [ 3321] PUCCH: cc=0; rnti=0x46, f=2, n_pucch=0, dmrs_corr=1.000, snr=111.7 dB, corr=1.000, cqi=15 (cc=0), ta=0.0 us
2026-09-14T10:47:56.521423 [PHY0   ] [I] [ 3340] PUCCH: cc=0; rnti=0x46, f=1, n_pucch=0, dmrs_corr=-nan, snr=-inf dB, corr=0.000, sr=no, ta=0.0 us
2026-09-14T10:47:56.544078 [PHY0   ] [I] [ 3360] PUCCH: cc=0; rnti=0x46, f=1, n_pucch=0, dmrs_corr=-nan, snr=-inf dB, corr=0.000, sr=no, ta=0.0 us
2026-09-14T10:47:56.545305 [PHY1   ] [I] [ 3361] PUCCH: cc=0; rnti=0x46, f=2, n_pucch=0, dmrs_corr=1.000, snr=111.7 dB, corr=1.000, cqi=15 (cc=0), ta=0.0 us
2026-09-14T10:47:56.566546 [PHY0   ] [I] [ 3380] PUCCH: cc=0; rnti=0x46, f=1, n_pucch=0, dmrs_corr=-nan, snr=-inf dB, corr=0.000, sr=no, ta=0.0 us
2026-09-14T10:47:56.589370 [PHY0   ] [I] [ 3400] PUCCH: cc=0; rnti=0x46, f=1, n_pucch=0, dmrs_corr=-nan, snr=-inf dB, corr=0.000, sr=no, ta=0.0 us
2026-09-14T10:47:56.590685 [PHY1   ] [I] [ 3401] PUCCH: cc=0; rnti=0x46, f=2, n_pucch=0, dmrs_corr=1.000, snr=111.7 dB, corr=1.000, cqi=15 (cc=0), ta=0.0 us
2026-09-14T10:47:56.612034 [PHY0   ] [I] [ 3420] PUCCH: cc=0; rnti=0x46, f=1, n_pucch=0, dmrs_corr=-nan, snr=-inf dB, corr=0.000, sr=no, ta=0.0 us
2026-09-14T10:47:56.634900 [PHY0   ] [I] [ 3440] PUCCH: cc=0; rnti=0x46, f=1, n_pucch=0, dmrs_corr=-nan, snr=-inf dB, corr=0.000, sr=no, ta=0.0 us
2026-09-14T10:47:56.636289 [PHY1   ] [I] [ 3441] PUCCH: cc=0; rnti=0x46, f=2, n_pucch=0, dmrs_corr=1.000, snr=111.7 dB, corr=1.000, cqi=15 (cc=0), ta=0.0 us
2026-09-14T10:47:56.657510 [PHY0   ] [I] [ 3460] PUCCH: cc=0; rnti=0x46, f=1, n_pucch=0, dmrs_corr=-nan, snr=-inf dB, corr=0.000, sr=no, ta=0.0 us
2026-09-14T10:47:56.680362 [PHY0   ] [I] [ 3480] PUCCH: cc=0; rnti=0x46, f=1, n_pucch=0, dmrs_corr=-nan, snr=-inf dB, corr=0.000, sr=no, ta=0.0 us
2026-09-14T10:47:56.681614 [PHY1   ] [I] [ 3481] PUCCH: cc=0; rnti=0x46, f=2, n_pucch=0, dmrs_corr=1.000, snr=111.7 dB, corr=1.000, cqi=15 (cc=0), ta=0.0 us
2026-09-14T10:47:56.703163 [PHY0   ] [I] [ 3500] PUCCH: cc=0; rnti=0x46, f=1, n_pucch=0, dmrs_corr=-nan, snr=-inf dB, corr=0.000, sr=no, ta=0.0 us
2026-09-14T10:47:56.725889 [PHY0   ] [I] [ 3520] PUCCH: cc=0; rnti=0x46, f=1, n_pucch=0, dmrs_corr=-nan, snr=-inf dB, corr=0.000, sr=no, ta=0.0 us
2026-09-14T10:47:56.727259 [PHY1   ] [I] [ 3521] PUCCH: cc=0; rnti=0x46, f=2, n_pucch=0, dmrs_corr=1.000, snr=111.7 dB, corr=1.000, cqi=15 (cc=0), ta=0.0 us
2026-09-14T10:47:56.748806 [PHY0   ] [I] [ 3540] PUCCH: cc=0; rnti=0x46, f=1, n_pucch=0, dmrs_corr=-nan, snr=-inf dB, corr=0.000, sr=no, ta=0.0 us
2026-09-14T10:47:56.771342 [PHY0   ] [I] [ 3560] PUCCH: cc=0; rnti=0x46, f=1, n_pucch=0, dmrs_corr=-nan, snr=-inf dB, corr=0.000, sr=no, ta=0.0 us
2026-09-14T10:47:56.772629 [PHY1   ] [I] [ 3561] PUCCH: cc=0; rnti=0x46, f=2, n_pucch=0, dmrs_corr=1.000, snr=111.7 dB, corr=1.000, cqi=15 (cc=0), ta=0.0 us
2026-09-14T10:47:56.793988 [PHY0   ] [I] [ 3580] PUCCH: cc=0; rnti=0x46, f=1, n_pucch=0, dmrs_corr=-nan, snr=-inf dB, corr=0.000, sr=no, ta=0.0 us
2026-09-14T10:47:56.816526 [PHY0   ] [I] [ 3600] PUCCH: cc=0; rnti=0x46, f=1, n_pucch=0, dmrs_corr=-nan, snr=-inf dB, corr=0.000, sr=no, ta=0.0 us
2026-09-14T10:47:56.817694 [PHY1   ] [I] [ 3601] PUCCH: cc=0; rnti=0x46, f=2, n_pucch=0, dmrs_corr=1.000, snr=111.7 dB, corr=1.000, cqi=15 (cc=0), ta=0.0 us
2026-09-14T10:47:56.838853 [PHY0   ] [I] [ 3620] PUCCH: cc=0; rnti=0x46, f=1, n_pucch=0, dmrs_corr=-nan, snr=-inf dB, corr=0.000, sr=no, ta=0.0 us
2026-09-14T10:47:56.861479 [PHY0   ] [I] [ 3640] PUCCH: cc=0; rnti=0x46, f=1, n_pucch=0, dmrs_corr=-nan, snr=-inf dB, corr=0.000, sr=no, ta=0.0 us
2026-09-14T10:47:56.862773 [PHY1   ] [I] [ 3641] PUCCH: cc=0; rnti=0x46, f=2, n_pucch=0, dmrs_corr=1.000, snr=111.7 dB, corr=1.000, cqi=15 (cc=0), ta=0.0 us
2026-09-14T10:47:56.884329 [PHY0   ] [I] [ 3660] PUCCH: cc=0; rnti=0x46, f=1, n_pucch=0, dmrs_corr=-nan, snr=-inf dB, corr=0.000, sr=no, ta=0.0 us
2026-09-14T10:47:56.906921 [PHY0   ] [I] [ 3680] PUCCH: cc=0; rnti=0x46, f=1, n_pucch=0, dmrs_corr=-nan, snr=-inf dB, corr=0.000, sr=no, ta=0.0 us
2026-09-14T10:47:56.908197 [PHY1   ] [I] [ 3681] PUCCH: cc=0; rnti=0x46, f=2, n_pucch=0, dmrs_corr=1.000, snr=111.7 dB, corr=1.000, cqi=15 (cc=0), ta=0.0 us
2026-09-14T10:47:56.929543 [PHY0   ] [I] [ 3700] PUCCH: cc=0; rnti=0x46, f=1, n_pucch=0, dmrs_corr=-nan, snr=-inf dB, corr=0.000, sr=no, ta=0.0 us
2026-09-14T10:47:56.952263 [PHY0   ] [I] [ 3720] PUCCH: cc=0; rnti=0x46, f=1, n_pucch=0, dmrs_corr=-nan, snr=-inf dB, corr=0.000, sr=no, ta=0.0 us
2026-09-14T10:47:56.953524 [PHY1   ] [I] [ 3721] PUCCH: cc=0; rnti=0x46, f=2, n_pucch=0, dmrs_corr=1.000, snr=111.7 dB, corr=1.000, cqi=15 (cc=0), ta=0.0 us
2026-09-14T10:47:56.975075 [PHY0   ] [I] [ 3740] PUCCH: cc=0; rnti=0x46, f=1, n_pucch=0, dmrs_corr=-nan, snr=-inf dB, corr=0.000, sr=no, ta=0.0 us
2026-09-14T10:47:56.997448 [PHY0   ] [I] [ 3760] PUCCH: cc=0; rnti=0x46, f=1, n_pucch=0, dmrs_corr=-nan, snr=-inf dB, corr=0.000, sr=no, ta=0.0 us
2026-09-14T10:47:56.998677 [PHY1   ] [I] [ 3761] PUCCH: cc=0; rnti=0x46, f=2, n_pucch=0, dmrs_corr=1.000, snr=111.7 dB, corr=1.000, cqi=15 (cc=0), ta=0.0 us
2026-09-14T10:47:57.019733 [PHY0   ] [I] [ 3780] PUCCH: cc=0; rnti=0x46, f=1, n_pucch=0, dmrs_corr=-nan, snr=-inf dB, corr=0.000, sr=no, ta=0.0 us
2026-09-14T10:47:57.042240 [PHY0   ] [I] [ 3800] PUCCH: cc=0; rnti=0x46, f=1, n_pucch=0, dmrs_corr=-nan, snr=-inf dB, corr=0.000, sr=no, ta=0.0 us
2026-09-14T10:47:57.043426 [PHY1   ] [I] [ 3801] PUCCH: cc=0; rnti=0x46, f=2, n_pucch=0, dmrs_corr=1.000, snr=111.7 dB, corr=1.000, cqi=15 (cc=0), ta=0.0 us
2026-09-14T10:47:57.065169 [PHY0   ] [I] [ 3820] PUCCH: cc=0; rnti=0x46, f=1, n_pucch=0, dmrs_corr=-nan, snr=-inf dB, corr=0.000, sr=no, ta=0.0 us
2026-09-14T10:47:57.087802 [PHY0   ] [I] [ 3840] PUCCH: cc=0; rnti=0x46, f=1, n_pucch=0, dmrs_corr=-nan, snr=-inf dB, corr=0.000, sr=no, ta=0.0 us
2026-09-14T10:47:57.089086 [PHY1   ] [I] [ 3841] PUCCH: cc=0; rnti=0x46, f=2, n_pucch=0, dmrs_corr=1.000, snr=111.7 dB, corr=1.000, cqi=15 (cc=0), ta=0.0 us
2026-09-14T10:47:57.110808 [PHY0   ] [I] [ 3860] PUCCH: cc=0; rnti=0x46, f=1, n_pucch=0, dmrs_corr=-nan, snr=-inf dB, corr=0.000, sr=no, ta=0.0 us
2026-09-14T10:47:57.133433 [PHY0   ] [I] [ 3880] PUCCH: cc=0; rnti=0x46, f=1, n_pucch=0, dmrs_corr=-nan, snr=-inf dB, corr=0.000, sr=no, ta=0.0 us
2026-09-14T10:47:57.134804 [PHY1   ] [I] [ 3881] PUCCH: cc=0; rnti=0x46, f=2, n_pucch=0, dmrs_corr=1.000, snr=111.7 dB, corr=1.000, cqi=15 (cc=0), ta=0.0 us
2026-09-14T10:47:57.156406 [PHY0   ] [I] [ 3900] PUCCH: cc=0; rnti=0x46, f=1, n_pucch=0, dmrs_corr=-nan, snr=-inf dB, corr=0.000, sr=no, ta=0.0 us
2026-09-14T10:47:57.179346 [PHY1   ] [I] [ 3920] PUCCH: cc=0; rnti=0x46, f=1, n_pucch=0, dmrs_corr=-nan, snr=-inf dB, corr=0.000, sr=no, ta=0.0 us
2026-09-14T10:47:57.180645 [PHY0   ] [I] [ 3921] PUCCH: cc=0; rnti=0x46, f=2, n_pucch=0, dmrs_corr=1.000, snr=111.7 dB, corr=1.000, cqi=15 (cc=0), ta=0.0 us
2026-09-14T10:47:57.201919 [PHY1   ] [I] [ 3940] PUCCH: cc=0; rnti=0x46, f=1, n_pucch=0, dmrs_corr=-nan, snr=-inf dB, corr=0.000, sr=no, ta=0.0 us
2026-09-14T10:47:57.224791 [PHY1   ] [I] [ 3960] PUCCH: cc=0; rnti=0x46, f=1, n_pucch=0, dmrs_corr=-nan, snr=-inf dB, corr=0.000, sr=no, ta=0.0 us
2026-09-14T10:47:57.225952 [PHY0   ] [I] [ 3961] PUCCH: cc=0; rnti=0x46, f=2, n_pucch=0, dmrs_corr=1.000, snr=111.7 dB, corr=1.000, cqi=15 (cc=0), ta=0.0 us
2026-09-14T10:47:57.247388 [PHY1   ] [I] [ 3980] PUCCH: cc=0; rnti=0x46, f=1, n_pucch=0, dmrs_corr=-nan, snr=-inf dB, corr=0.000, sr=no, ta=0.0 us
2026-09-14T10:47:57.270179 [PHY1   ] [I] [ 4000] PUCCH: cc=0; rnti=0x46, f=1, n_pucch=0, dmrs_corr=-nan, snr=-inf dB, corr=0.000, sr=no, ta=0.0 us
2026-09-14T10:47:57.271463 [PHY0   ] [I] [ 4001] PUCCH: cc=0; rnti=0x46, f=2, n_pucch=0, dmrs_corr=1.000, snr=111.7 dB, corr=1.000, cqi=15 (cc=0), ta=0.0 us
2026-09-14T10:47:57.292892 [PHY1   ] [I] [ 4020] PUCCH: cc=0; rnti=0x46, f=1, n_pucch=0, dmrs_corr=-nan, snr=-inf dB, corr=0.000, sr=no, ta=0.0 us
2026-09-14T10:47:57.315997 [PHY1   ] [I] [ 4040] PUCCH: cc=0; rnti=0x46, f=1, n_pucch=0, dmrs_corr=-nan, snr=-inf dB, corr=0.000, sr=no, ta=0.0 us
2026-09-14T10:47:57.317283 [PHY0   ] [I] [ 4041] PUCCH: cc=0; rnti=0x46, f=2, n_pucch=0, dmrs_corr=1.000, snr=111.7 dB, corr=1.000, cqi=15 (cc=0), ta=0.0 us
2026-09-14T10:47:57.338655 [PHY1   ] [I] [ 4060] PUCCH: cc=0; rnti=0x46, f=1, n_pucch=0, dmrs_corr=-nan, snr=-inf dB, corr=0.000, sr=no, ta=0.0 us
2026-09-14T10:47:57.361438 [PHY1   ] [I] [ 4080] PUCCH: cc=0; rnti=0x46, f=1, n_pucch=0, dmrs_corr=-nan, snr=-inf dB, corr=0.000, sr=no, ta=0.0 us
2026-09-14T10:47:57.362672 [PHY0   ] [I] [ 4081] PUCCH: cc=0; rnti=0x46, f=2, n_pucch=0, dmrs_corr=1.000, snr=111.7 dB, corr=1.000, cqi=15 (cc=0), ta=0.0 us
2026-09-14T10:47:57.384096 [PHY1   ] [I] [ 4100] PUCCH: cc=0; rnti=0x46, f=1, n_pucch=0, dmrs_corr=-nan, snr=-inf dB, corr=0.000, sr=no, ta=0.0 us
2026-09-14T10:47:57.406772 [PHY1   ] [I] [ 4120] PUCCH: cc=0; rnti=0x46, f=1, n_pucch=0, dmrs_corr=-nan, snr=-inf dB, corr=0.000, sr=no, ta=0.0 us
2026-09-14T10:47:57.408012 [PHY0   ] [I] [ 4121] PUCCH: cc=0; rnti=0x46, f=2, n_pucch=0, dmrs_corr=1.000, snr=111.7 dB, corr=1.000, cqi=15 (cc=0), ta=0.0 us
2026-09-14T10:47:57.429661 [PHY1   ] [I] [ 4140] PUCCH: cc=0; rnti=0x46, f=1, n_pucch=0, dmrs_corr=-nan, snr=-inf dB, corr=0.000, sr=no, ta=0.0 us
2026-09-14T10:47:57.452432 [PHY1   ] [I] [ 4160] PUCCH: cc=0; rnti=0x46, f=1, n_pucch=0, dmrs_corr=-nan, snr=-inf dB, corr=0.000, sr=no, ta=0.0 us
2026-09-14T10:47:57.453702 [PHY0   ] [I] [ 4161] PUCCH: cc=0; rnti=0x46, f=2, n_pucch=0, dmrs_corr=1.000, snr=111.7 dB, corr=1.000, cqi=15 (cc=0), ta=0.0 us
2026-09-14T10:47:57.475369 [PHY1   ] [I] [ 4180] PUCCH: cc=0; rnti=0x46, f=1, n_pucch=0, dmrs_corr=-nan, snr=-inf dB, corr=0.000, sr=no, ta=0.0 us
2026-09-14T10:47:57.498082 [PHY1   ] [I] [ 4200] PUCCH: cc=0; rnti=0x46, f=1, n_pucch=0, dmrs_corr=-nan, snr=-inf dB, corr=0.000, sr=no, ta=0.0 us
2026-09-14T10:47:57.499395 [PHY0   ] [I] [ 4201] PUCCH: cc=0; rnti=0x46, f=2, n_pucch=0, dmrs_corr=1.000, snr=111.7 dB, corr=1.000, cqi=15 (cc=0), ta=0.0 us
2026-09-14T10:47:57.520834 [PHY1   ] [I] [ 4220] PUCCH: cc=0; rnti=0x46, f=1, n_pucch=0, dmrs_corr=-nan, snr=-inf dB, corr=0.000, sr=no, ta=0.0 us
2026-09-14T10:47:57.543683 [PHY1   ] [I] [ 4240] PUCCH: cc=0; rnti=0x46, f=1, n_pucch=0, dmrs_corr=-nan, snr=-inf dB, corr=0.000, sr=no, ta=0.0 us
2026-09-14T10:47:57.545025 [PHY0   ] [I] [ 4241] PUCCH: cc=0; rnti=0x46, f=2, n_pucch=0, dmrs_corr=1.000, snr=111.7 dB, corr=1.000, cqi=15 (cc=0), ta=0.0 us
2026-09-14T10:47:57.566298 [PHY1   ] [I] [ 4260] PUCCH: cc=0; rnti=0x46, f=1, n_pucch=0, dmrs_corr=-nan, snr=-inf dB, corr=0.000, sr=no, ta=0.0 us
2026-09-14T10:47:57.588970 [PHY1   ] [I] [ 4280] PUCCH: cc=0; rnti=0x46, f=1, n_pucch=0, dmrs_corr=-nan, snr=-inf dB, corr=0.000, sr=no, ta=0.0 us
2026-09-14T10:47:57.590249 [PHY0   ] [I] [ 4281] PUCCH: cc=0; rnti=0x46, f=2, n_pucch=0, dmrs_corr=1.000, snr=111.7 dB, corr=1.000, cqi=15 (cc=0), ta=0.0 us
2026-09-14T10:47:57.611462 [PHY1   ] [I] [ 4300] PUCCH: cc=0; rnti=0x46, f=1, n_pucch=0, dmrs_corr=-nan, snr=-inf dB, corr=0.000, sr=no, ta=0.0 us
2026-09-14T10:47:57.634064 [PHY1   ] [I] [ 4320] PUCCH: cc=0; rnti=0x46, f=1, n_pucch=0, dmrs_corr=-nan, snr=-inf dB, corr=0.000, sr=no, ta=0.0 us
2026-09-14T10:47:57.635409 [PHY0   ] [I] [ 4321] PUCCH: cc=0; rnti=0x46, f=2, n_pucch=0, dmrs_corr=1.000, snr=111.7 dB, corr=1.000, cqi=15 (cc=0), ta=0.0 us
2026-09-14T10:47:57.656506 [PHY1   ] [I] [ 4340] PUCCH: cc=0; rnti=0x46, f=1, n_pucch=0, dmrs_corr=-nan, snr=-inf dB, corr=0.000, sr=no, ta=0.0 us
2026-09-14T10:47:57.679217 [PHY1   ] [I] [ 4360] PUCCH: cc=0; rnti=0x46, f=1, n_pucch=0, dmrs_corr=-nan, snr=-inf dB, corr=0.000, sr=no, ta=0.0 us
2026-09-14T10:47:57.680475 [PHY0   ] [I] [ 4361] PUCCH: cc=0; rnti=0x46, f=2, n_pucch=0, dmrs_corr=1.000, snr=111.7 dB, corr=1.000, cqi=15 (cc=0), ta=0.0 us
2026-09-14T10:47:57.701878 [PHY1   ] [I] [ 4380] PUCCH: cc=0; rnti=0x46, f=1, n_pucch=0, dmrs_corr=-nan, snr=-inf dB, corr=0.000, sr=no, ta=0.0 us
2026-09-14T10:47:57.724620 [PHY1   ] [I] [ 4400] PUCCH: cc=0; rnti=0x46, f=1, n_pucch=0, dmrs_corr=-nan, snr=-inf dB, corr=0.000, sr=no, ta=0.0 us
2026-09-14T10:47:57.725895 [PHY0   ] [I] [ 4401] PUCCH: cc=0; rnti=0x46, f=2, n_pucch=0, dmrs_corr=1.000, snr=111.7 dB, corr=1.000, cqi=15 (cc=0), ta=0.0 us
2026-09-14T10:47:57.747396 [PHY1   ] [I] [ 4420] PUCCH: cc=0; rnti=0x46, f=1, n_pucch=0, dmrs_corr=-nan, snr=-inf dB, corr=0.000, sr=no, ta=0.0 us
2026-09-14T10:47:57.770113 [PHY1   ] [I] [ 4440] PUCCH: cc=0; rnti=0x46, f=1, n_pucch=0, dmrs_corr=-nan, snr=-inf dB, corr=0.000, sr=no, ta=0.0 us
2026-09-14T10:47:57.771382 [PHY0   ] [I] [ 4441] PUCCH: cc=0; rnti=0x46, f=2, n_pucch=0, dmrs_corr=1.000, snr=111.7 dB, corr=1.000, cqi=15 (cc=0), ta=0.0 us
2026-09-14T10:47:57.792726 [PHY1   ] [I] [ 4460] PUCCH: cc=0; rnti=0x46, f=1, n_pucch=0, dmrs_corr=-nan, snr=-inf dB, corr=0.000, sr=no, ta=0.0 us
2026-09-14T10:47:57.815736 [PHY1   ] [I] [ 4480] PUCCH: cc=0; rnti=0x46, f=1, n_pucch=0, dmrs_corr=-nan, snr=-inf dB, corr=0.000, sr=no, ta=0.0 us
2026-09-14T10:47:57.817004 [PHY0   ] [I] [ 4481] PUCCH: cc=0; rnti=0x46, f=2, n_pucch=0, dmrs_corr=1.000, snr=111.7 dB, corr=1.000, cqi=15 (cc=0), ta=0.0 us
2026-09-14T10:47:57.838477 [PHY1   ] [I] [ 4500] PUCCH: cc=0; rnti=0x46, f=1, n_pucch=0, dmrs_corr=-nan, snr=-inf dB, corr=0.000, sr=no, ta=0.0 us
2026-09-14T10:47:57.861392 [PHY1   ] [I] [ 4520] PUCCH: cc=0; rnti=0x46, f=1, n_pucch=0, dmrs_corr=-nan, snr=-inf dB, corr=0.000, sr=no, ta=0.0 us
2026-09-14T10:47:57.862701 [PHY0   ] [I] [ 4521] PUCCH: cc=0; rnti=0x46, f=2, n_pucch=0, dmrs_corr=1.000, snr=111.7 dB, corr=1.000, cqi=15 (cc=0), ta=0.0 us
2026-09-14T10:47:57.884171 [PHY1   ] [I] [ 4540] PUCCH: cc=0; rnti=0x46, f=1, n_pucch=0, dmrs_corr=-nan, snr=-inf dB, corr=0.000, sr=no, ta=0.0 us
2026-09-14T10:47:57.906938 [PHY1   ] [I] [ 4560] PUCCH: cc=0; rnti=0x46, f=1, n_pucch=0, dmrs_corr=-nan, snr=-inf dB, corr=0.000, sr=no, ta=0.0 us
2026-09-14T10:47:57.908180 [PHY0   ] [I] [ 4561] PUCCH: cc=0; rnti=0x46, f=2, n_pucch=0, dmrs_corr=1.000, snr=111.7 dB, corr=1.000, cqi=15 (cc=0), ta=0.0 us
2026-09-14T10:47:57.929663 [PHY1   ] [I] [ 4580] PUCCH: cc=0; rnti=0x46, f=1, n_pucch=0, dmrs_corr=-nan, snr=-inf dB, corr=0.000, sr=no, ta=0.0 us
2026-09-14T10:47:57.952482 [PHY1   ] [I] [ 4600] PUCCH: cc=0; rnti=0x46, f=1, n_pucch=0, dmrs_corr=-nan, snr=-inf dB, corr=0.000, sr=no, ta=0.0 us
2026-09-14T10:47:57.953780 [PHY0   ] [I] [ 4601] PUCCH: cc=0; rnti=0x46, f=2, n_pucch=0, dmrs_corr=1.000, snr=111.7 dB, corr=1.000, cqi=15 (cc=0), ta=0.0 us
2026-09-14T10:47:57.975216 [PHY1   ] [I] [ 4620] PUCCH: cc=0; rnti=0x46, f=1, n_pucch=0, dmrs_corr=-nan, snr=-inf dB, corr=0.000, sr=no, ta=0.0 us
2026-09-14T10:47:57.997464 [PHY1   ] [I] [ 4640] PUCCH: cc=0; rnti=0x46, f=1, n_pucch=0, dmrs_corr=-nan, snr=-inf dB, corr=0.000, sr=no, ta=0.0 us
2026-09-14T10:47:57.998827 [PHY0   ] [I] [ 4641] PUCCH: cc=0; rnti=0x46, f=2, n_pucch=0, dmrs_corr=1.000, snr=111.7 dB, corr=1.000, cqi=15 (cc=0), ta=0.0 us
2026-09-14T10:47:58.020409 [PHY1   ] [I] [ 4660] PUCCH: cc=0; rnti=0x46, f=1, n_pucch=0, dmrs_corr=-nan, snr=-inf dB, corr=0.000, sr=no, ta=0.0 us
2026-09-14T10:47:58.043133 [PHY1   ] [I] [ 4680] PUCCH: cc=0; rnti=0x46, f=1, n_pucch=0, dmrs_corr=-nan, snr=-inf dB, corr=0.000, sr=no, ta=0.0 us
2026-09-14T10:47:58.044324 [PHY0   ] [I] [ 4681] PUCCH: cc=0; rnti=0x46, f=2, n_pucch=0, dmrs_corr=1.000, snr=111.7 dB, corr=1.000, cqi=15 (cc=0), ta=0.0 us
2026-09-14T10:47:58.065561 [PHY1   ] [I] [ 4700] PUCCH: cc=0; rnti=0x46, f=1, n_pucch=0, dmrs_corr=-nan, snr=-inf dB, corr=0.000, sr=no, ta=0.0 us
2026-09-14T10:47:58.087942 [PHY1   ] [I] [ 4720] PUCCH: cc=0; rnti=0x46, f=1, n_pucch=0, dmrs_corr=-nan, snr=-inf dB, corr=0.000, sr=no, ta=0.0 us
2026-09-14T10:47:58.089171 [PHY0   ] [I] [ 4721] PUCCH: cc=0; rnti=0x46, f=2, n_pucch=0, dmrs_corr=1.000, snr=111.7 dB, corr=1.000, cqi=15 (cc=0), ta=0.0 us
2026-09-14T10:47:58.110679 [PHY1   ] [I] [ 4740] PUCCH: cc=0; rnti=0x46, f=1, n_pucch=0, dmrs_corr=-nan, snr=-inf dB, corr=0.000, sr=no, ta=0.0 us
2026-09-14T10:47:58.133705 [PHY1   ] [I] [ 4760] PUCCH: cc=0; rnti=0x46, f=1, n_pucch=0, dmrs_corr=-nan, snr=-inf dB, corr=0.000, sr=no, ta=0.0 us
2026-09-14T10:47:58.134902 [PHY0   ] [I] [ 4761] PUCCH: cc=0; rnti=0x46, f=2, n_pucch=0, dmrs_corr=1.000, snr=111.7 dB, corr=1.000, cqi=15 (cc=0), ta=0.0 us
2026-09-14T10:47:58.156315 [PHY1   ] [I] [ 4780] PUCCH: cc=0; rnti=0x46, f=1, n_pucch=0, dmrs_corr=-nan, snr=-inf dB, corr=0.000, sr=no, ta=0.0 us
2026-09-14T10:47:58.179225 [PHY1   ] [I] [ 4800] PUCCH: cc=0; rnti=0x46, f=1, n_pucch=0, dmrs_corr=-nan, snr=-inf dB, corr=0.000, sr=no, ta=0.0 us
2026-09-14T10:47:58.180453 [PHY0   ] [I] [ 4801] PUCCH: cc=0; rnti=0x46, f=2, n_pucch=0, dmrs_corr=1.000, snr=111.7 dB, corr=1.000, cqi=15 (cc=0), ta=0.0 us
2026-09-14T10:47:58.201910 [PHY1   ] [I] [ 4820] PUCCH: cc=0; rnti=0x46, f=1, n_pucch=0, dmrs_corr=-nan, snr=-inf dB, corr=0.000, sr=no, ta=0.0 us
2026-09-14T10:47:58.224612 [PHY1   ] [I] [ 4840] PUCCH: cc=0; rnti=0x46, f=1, n_pucch=0, dmrs_corr=-nan, snr=-inf dB, corr=0.000, sr=no, ta=0.0 us
2026-09-14T10:47:58.225791 [PHY0   ] [I] [ 4841] PUCCH: cc=0; rnti=0x46, f=2, n_pucch=0, dmrs_corr=1.000, snr=111.7 dB, corr=1.000, cqi=15 (cc=0), ta=0.0 us
2026-09-14T10:47:58.247191 [PHY1   ] [I] [ 4860] PUCCH: cc=0; rnti=0x46, f=1, n_pucch=0, dmrs_corr=-nan, snr=-inf dB, corr=0.000, sr=no, ta=0.0 us
2026-09-14T10:47:58.269721 [PHY1   ] [I] [ 4880] PUCCH: cc=0; rnti=0x46, f=1, n_pucch=0, dmrs_corr=-nan, snr=-inf dB, corr=0.000, sr=no, ta=0.0 us
2026-09-14T10:47:58.271059 [PHY0   ] [I] [ 4881] PUCCH: cc=0; rnti=0x46, f=2, n_pucch=0, dmrs_corr=1.000, snr=111.7 dB, corr=1.000, cqi=15 (cc=0), ta=0.0 us
2026-09-14T10:47:58.292724 [PHY1   ] [I] [ 4900] PUCCH: cc=0; rnti=0x46, f=1, n_pucch=0, dmrs_corr=-nan, snr=-inf dB, corr=0.000, sr=no, ta=0.0 us
2026-09-14T10:47:58.315442 [PHY1   ] [I] [ 4920] PUCCH: cc=0; rnti=0x46, f=1, n_pucch=0, dmrs_corr=-nan, snr=-inf dB, corr=0.000, sr=no, ta=0.0 us
2026-09-14T10:47:58.316741 [PHY0   ] [I] [ 4921] PUCCH: cc=0; rnti=0x46, f=2, n_pucch=0, dmrs_corr=1.000, snr=111.7 dB, corr=1.000, cqi=15 (cc=0), ta=0.0 us
2026-09-14T10:47:58.338133 [PHY1   ] [I] [ 4940] PUCCH: cc=0; rnti=0x46, f=1, n_pucch=0, dmrs_corr=-nan, snr=-inf dB, corr=0.000, sr=no, ta=0.0 us
2026-09-14T10:47:58.360884 [PHY1   ] [I] [ 4960] PUCCH: cc=0; rnti=0x46, f=1, n_pucch=0, dmrs_corr=-nan, snr=-inf dB, corr=0.000, sr=no, ta=0.0 us
2026-09-14T10:47:58.362237 [PHY0   ] [I] [ 4961] PUCCH: cc=0; rnti=0x46, f=2, n_pucch=0, dmrs_corr=1.000, snr=111.7 dB, corr=1.000, cqi=15 (cc=0), ta=0.0 us
2026-09-14T10:47:58.383929 [PHY1   ] [I] [ 4980] PUCCH: cc=0; rnti=0x46, f=1, n_pucch=0, dmrs_corr=-nan, snr=-inf dB, corr=0.000, sr=no, ta=0.0 us
2026-09-14T10:47:58.406365 [PHY1   ] [I] [ 5000] PUCCH: cc=0; rnti=0x46, f=1, n_pucch=0, dmrs_corr=-nan, snr=-inf dB, corr=0.000, sr=no, ta=0.0 us
2026-09-14T10:47:58.407598 [PHY0   ] [I] [ 5001] PUCCH: cc=0; rnti=0x46, f=2, n_pucch=0, dmrs_corr=1.000, snr=111.7 dB, corr=1.000, cqi=15 (cc=0), ta=0.0 us
2026-09-14T10:47:58.428831 [PHY1   ] [I] [ 5020] PUCCH: cc=0; rnti=0x46, f=1, n_pucch=0, dmrs_corr=-nan, snr=-inf dB, corr=0.000, sr=no, ta=0.0 us
2026-09-14T10:47:58.451569 [PHY1   ] [I] [ 5040] PUCCH: cc=0; rnti=0x46, f=1, n_pucch=0, dmrs_corr=-nan, snr=-inf dB, corr=0.000, sr=no, ta=0.0 us
2026-09-14T10:47:58.452842 [PHY0   ] [I] [ 5041] PUCCH: cc=0; rnti=0x46, f=2, n_pucch=0, dmrs_corr=1.000, snr=111.7 dB, corr=1.000, cqi=15 (cc=0), ta=0.0 us
2026-09-14T10:47:58.474307 [PHY1   ] [I] [ 5060] PUCCH: cc=0; rnti=0x46, f=1, n_pucch=0, dmrs_corr=-nan, snr=-inf dB, corr=0.000, sr=no, ta=0.0 us
2026-09-14T10:47:58.496799 [PHY1   ] [I] [ 5080] PUCCH: cc=0; rnti=0x46, f=1, n_pucch=0, dmrs_corr=-nan, snr=-inf dB, corr=0.000, sr=no, ta=0.0 us
2026-09-14T10:47:58.498025 [PHY0   ] [I] [ 5081] PUCCH: cc=0; rnti=0x46, f=2, n_pucch=0, dmrs_corr=1.000, snr=111.7 dB, corr=1.000, cqi=15 (cc=0), ta=0.0 us
2026-09-14T10:47:58.519296 [PHY1   ] [I] [ 5100] PUCCH: cc=0; rnti=0x46, f=1, n_pucch=0, dmrs_corr=-nan, snr=-inf dB, corr=0.000, sr=no, ta=0.0 us
2026-09-14T10:47:58.542022 [PHY1   ] [I] [ 5120] PUCCH: cc=0; rnti=0x46, f=1, n_pucch=0, dmrs_corr=-nan, snr=-inf dB, corr=0.000, sr=no, ta=0.0 us
2026-09-14T10:47:58.543315 [PHY0   ] [I] [ 5121] PUCCH: cc=0; rnti=0x46, f=2, n_pucch=0, dmrs_corr=1.000, snr=111.7 dB, corr=1.000, cqi=15 (cc=0), ta=0.0 us
2026-09-14T10:47:58.564652 [PHY1   ] [I] [ 5140] PUCCH: cc=0; rnti=0x46, f=1, n_pucch=0, dmrs_corr=-nan, snr=-inf dB, corr=0.000, sr=no, ta=0.0 us
2026-09-14T10:47:58.587945 [PHY1   ] [I] [ 5160] PUCCH: cc=0; rnti=0x46, f=1, n_pucch=0, dmrs_corr=-nan, snr=-inf dB, corr=0.000, sr=no, ta=0.0 us
2026-09-14T10:47:58.589080 [PHY0   ] [I] [ 5161] PUCCH: cc=0; rnti=0x46, f=2, n_pucch=0, dmrs_corr=1.000, snr=111.7 dB, corr=1.000, cqi=15 (cc=0), ta=0.0 us
2026-09-14T10:47:58.610075 [PHY1   ] [I] [ 5180] PUCCH: cc=0; rnti=0x46, f=1, n_pucch=0, dmrs_corr=-nan, snr=-inf dB, corr=0.000, sr=no, ta=0.0 us
2026-09-14T10:47:58.632850 [PHY1   ] [I] [ 5200] PUCCH: cc=0; rnti=0x46, f=1, n_pucch=0, dmrs_corr=-nan, snr=-inf dB, corr=0.000, sr=no, ta=0.0 us
2026-09-14T10:47:58.634172 [PHY0   ] [I] [ 5201] PUCCH: cc=0; rnti=0x46, f=2, n_pucch=0, dmrs_corr=1.000, snr=111.7 dB, corr=1.000, cqi=15 (cc=0), ta=0.0 us
2026-09-14T10:47:58.655557 [PHY1   ] [I] [ 5220] PUCCH: cc=0; rnti=0x46, f=1, n_pucch=0, dmrs_corr=-nan, snr=-inf dB, corr=0.000, sr=no, ta=0.0 us
2026-09-14T10:47:58.678300 [PHY1   ] [I] [ 5240] PUCCH: cc=0; rnti=0x46, f=1, n_pucch=0, dmrs_corr=-nan, snr=-inf dB, corr=0.000, sr=no, ta=0.0 us
2026-09-14T10:47:58.679526 [PHY0   ] [I] [ 5241] PUCCH: cc=0; rnti=0x46, f=2, n_pucch=0, dmrs_corr=1.000, snr=111.7 dB, corr=1.000, cqi=15 (cc=0), ta=0.0 us
2026-09-14T10:47:58.701097 [PHY1   ] [I] [ 5260] PUCCH: cc=0; rnti=0x46, f=1, n_pucch=0, dmrs_corr=-nan, snr=-inf dB, corr=0.000, sr=no, ta=0.0 us
2026-09-14T10:47:58.723781 [PHY1   ] [I] [ 5280] PUCCH: cc=0; rnti=0x46, f=1, n_pucch=0, dmrs_corr=-nan, snr=-inf dB, corr=0.000, sr=no, ta=0.0 us
2026-09-14T10:47:58.724920 [PHY0   ] [I] [ 5281] PUCCH: cc=0; rnti=0x46, f=2, n_pucch=0, dmrs_corr=1.000, snr=111.7 dB, corr=1.000, cqi=15 (cc=0), ta=0.0 us
2026-09-14T10:47:58.746433 [PHY1   ] [I] [ 5300] PUCCH: cc=0; rnti=0x46, f=1, n_pucch=0, dmrs_corr=-nan, snr=-inf dB, corr=0.000, sr=no, ta=0.0 us
2026-09-14T10:47:58.768524 [PHY1   ] [I] [ 5320] PUCCH: cc=0; rnti=0x46, f=1, n_pucch=0, dmrs_corr=-nan, snr=-inf dB, corr=0.000, sr=no, ta=0.0 us
2026-09-14T10:47:58.769822 [PHY0   ] [I] [ 5321] PUCCH: cc=0; rnti=0x46, f=2, n_pucch=0, dmrs_corr=1.000, snr=111.7 dB, corr=1.000, cqi=15 (cc=0), ta=0.0 us
2026-09-14T10:47:58.791401 [PHY1   ] [I] [ 5340] PUCCH: cc=0; rnti=0x46, f=1, n_pucch=0, dmrs_corr=-nan, snr=-inf dB, corr=0.000, sr=no, ta=0.0 us
2026-09-14T10:47:58.814177 [PHY1   ] [I] [ 5360] PUCCH: cc=0; rnti=0x46, f=1, n_pucch=0, dmrs_corr=-nan, snr=-inf dB, corr=0.000, sr=no, ta=0.0 us
2026-09-14T10:47:58.815446 [PHY0   ] [I] [ 5361] PUCCH: cc=0; rnti=0x46, f=2, n_pucch=0, dmrs_corr=1.000, snr=111.7 dB, corr=1.000, cqi=15 (cc=0), ta=0.0 us
2026-09-14T10:47:58.836839 [PHY1   ] [I] [ 5380] PUCCH: cc=0; rnti=0x46, f=1, n_pucch=0, dmrs_corr=-nan, snr=-inf dB, corr=0.000, sr=no, ta=0.0 us
2026-09-14T10:47:58.859778 [PHY1   ] [I] [ 5400] PUCCH: cc=0; rnti=0x46, f=1, n_pucch=0, dmrs_corr=-nan, snr=-inf dB, corr=0.000, sr=no, ta=0.0 us
2026-09-14T10:47:58.860971 [PHY0   ] [I] [ 5401] PUCCH: cc=0; rnti=0x46, f=2, n_pucch=0, dmrs_corr=1.000, snr=111.7 dB, corr=1.000, cqi=15 (cc=0), ta=0.0 us
2026-09-14T10:47:58.882400 [PHY1   ] [I] [ 5420] PUCCH: cc=0; rnti=0x46, f=1, n_pucch=0, dmrs_corr=-nan, snr=-inf dB, corr=0.000, sr=no, ta=0.0 us
2026-09-14T10:47:58.905305 [PHY1   ] [I] [ 5440] PUCCH: cc=0; rnti=0x46, f=1, n_pucch=0, dmrs_corr=-nan, snr=-inf dB, corr=0.000, sr=no, ta=0.0 us
2026-09-14T10:47:58.906498 [PHY0   ] [I] [ 5441] PUCCH: cc=0; rnti=0x46, f=2, n_pucch=0, dmrs_corr=1.000, snr=111.7 dB, corr=1.000, cqi=15 (cc=0), ta=0.0 us
2026-09-14T10:47:58.928112 [PHY1   ] [I] [ 5460] PUCCH: cc=0; rnti=0x46, f=1, n_pucch=0, dmrs_corr=-nan, snr=-inf dB, corr=0.000, sr=no, ta=0.0 us
2026-09-14T10:47:58.950668 [PHY1   ] [I] [ 5480] PUCCH: cc=0; rnti=0x46, f=1, n_pucch=0, dmrs_corr=-nan, snr=-inf dB, corr=0.000, sr=no, ta=0.0 us
2026-09-14T10:47:58.951925 [PHY0   ] [I] [ 5481] PUCCH: cc=0; rnti=0x46, f=2, n_pucch=0, dmrs_corr=1.000, snr=111.7 dB, corr=1.000, cqi=15 (cc=0), ta=0.0 us
2026-09-14T10:47:58.973452 [PHY1   ] [I] [ 5500] PUCCH: cc=0; rnti=0x46, f=1, n_pucch=0, dmrs_corr=-nan, snr=-inf dB, corr=0.000, sr=no, ta=0.0 us
2026-09-14T10:47:58.996320 [PHY1   ] [I] [ 5520] PUCCH: cc=0; rnti=0x46, f=1, n_pucch=0, dmrs_corr=-nan, snr=-inf dB, corr=0.000, sr=no, ta=0.0 us
2026-09-14T10:47:58.997586 [PHY0   ] [I] [ 5521] PUCCH: cc=0; rnti=0x46, f=2, n_pucch=0, dmrs_corr=1.000, snr=111.7 dB, corr=1.000, cqi=15 (cc=0), ta=0.0 us
2026-09-14T10:47:59.019429 [PHY1   ] [I] [ 5540] PUCCH: cc=0; rnti=0x46, f=1, n_pucch=0, dmrs_corr=-nan, snr=-inf dB, corr=0.000, sr=no, ta=0.0 us
2026-09-14T10:47:59.042170 [PHY1   ] [I] [ 5560] PUCCH: cc=0; rnti=0x46, f=1, n_pucch=0, dmrs_corr=-nan, snr=-inf dB, corr=0.000, sr=no, ta=0.0 us
2026-09-14T10:47:59.043396 [PHY0   ] [I] [ 5561] PUCCH: cc=0; rnti=0x46, f=2, n_pucch=0, dmrs_corr=1.000, snr=111.7 dB, corr=1.000, cqi=15 (cc=0), ta=0.0 us
2026-09-14T10:47:59.064841 [PHY1   ] [I] [ 5580] PUCCH: cc=0; rnti=0x46, f=1, n_pucch=0, dmrs_corr=-nan, snr=-inf dB, corr=0.000, sr=no, ta=0.0 us
2026-09-14T10:47:59.087515 [PHY1   ] [I] [ 5600] PUCCH: cc=0; rnti=0x46, f=1, n_pucch=0, dmrs_corr=-nan, snr=-inf dB, corr=0.000, sr=no, ta=0.0 us
2026-09-14T10:47:59.088780 [PHY0   ] [I] [ 5601] PUCCH: cc=0; rnti=0x46, f=2, n_pucch=0, dmrs_corr=1.000, snr=111.7 dB, corr=1.000, cqi=15 (cc=0), ta=0.0 us
2026-09-14T10:47:59.110316 [PHY1   ] [I] [ 5620] PUCCH: cc=0; rnti=0x46, f=1, n_pucch=0, dmrs_corr=-nan, snr=-inf dB, corr=0.000, sr=no, ta=0.0 us
2026-09-14T10:47:59.132773 [PHY1   ] [I] [ 5640] PUCCH: cc=0; rnti=0x46, f=1, n_pucch=0, dmrs_corr=-nan, snr=-inf dB, corr=0.000, sr=no, ta=0.0 us
2026-09-14T10:47:59.134091 [PHY0   ] [I] [ 5641] PUCCH: cc=0; rnti=0x46, f=2, n_pucch=0, dmrs_corr=1.000, snr=111.7 dB, corr=1.000, cqi=15 (cc=0), ta=0.0 us
2026-09-14T10:47:59.155613 [PHY1   ] [I] [ 5660] PUCCH: cc=0; rnti=0x46, f=1, n_pucch=0, dmrs_corr=-nan, snr=-inf dB, corr=0.000, sr=no, ta=0.0 us
2026-09-14T10:47:59.178426 [PHY1   ] [I] [ 5680] PUCCH: cc=0; rnti=0x46, f=1, n_pucch=0, dmrs_corr=-nan, snr=-inf dB, corr=0.000, sr=no, ta=0.0 us
2026-09-14T10:47:59.179719 [PHY0   ] [I] [ 5681] PUCCH: cc=0; rnti=0x46, f=2, n_pucch=0, dmrs_corr=1.000, snr=111.7 dB, corr=1.000, cqi=15 (cc=0), ta=0.0 us
2026-09-14T10:47:59.201217 [PHY1   ] [I] [ 5700] PUCCH: cc=0; rnti=0x46, f=1, n_pucch=0, dmrs_corr=-nan, snr=-inf dB, corr=0.000, sr=no, ta=0.0 us
2026-09-14T10:47:59.223979 [PHY1   ] [I] [ 5720] PUCCH: cc=0; rnti=0x46, f=1, n_pucch=0, dmrs_corr=-nan, snr=-inf dB, corr=0.000, sr=no, ta=0.0 us
2026-09-14T10:47:59.225210 [PHY0   ] [I] [ 5721] PUCCH: cc=0; rnti=0x46, f=2, n_pucch=0, dmrs_corr=1.000, snr=111.7 dB, corr=1.000, cqi=15 (cc=0), ta=0.0 us
2026-09-14T10:47:59.246607 [PHY1   ] [I] [ 5740] PUCCH: cc=0; rnti=0x46, f=1, n_pucch=0, dmrs_corr=-nan, snr=-inf dB, corr=0.000, sr=no, ta=0.0 us
2026-09-14T10:47:59.269383 [PHY1   ] [I] [ 5760] PUCCH: cc=0; rnti=0x46, f=1, n_pucch=0, dmrs_corr=-nan, snr=-inf dB, corr=0.000, sr=no, ta=0.0 us
2026-09-14T10:47:59.270673 [PHY0   ] [I] [ 5761] PUCCH: cc=0; rnti=0x46, f=2, n_pucch=0, dmrs_corr=1.000, snr=111.7 dB, corr=1.000, cqi=15 (cc=0), ta=0.0 us
2026-09-14T10:47:59.292136 [PHY1   ] [I] [ 5780] PUCCH: cc=0; rnti=0x46, f=1, n_pucch=0, dmrs_corr=-nan, snr=-inf dB, corr=0.000, sr=no, ta=0.0 us
2026-09-14T10:47:59.314959 [PHY1   ] [I] [ 5800] PUCCH: cc=0; rnti=0x46, f=1, n_pucch=0, dmrs_corr=-nan, snr=-inf dB, corr=0.000, sr=no, ta=0.0 us
2026-09-14T10:47:59.316266 [PHY0   ] [I] [ 5801] PUCCH: cc=0; rnti=0x46, f=2, n_pucch=0, dmrs_corr=1.000, snr=111.7 dB, corr=1.000, cqi=15 (cc=0), ta=0.0 us
2026-09-14T10:47:59.337609 [PHY1   ] [I] [ 5820] PUCCH: cc=0; rnti=0x46, f=1, n_pucch=0, dmrs_corr=-nan, snr=-inf dB, corr=0.000, sr=no, ta=0.0 us
2026-09-14T10:47:59.360174 [PHY1   ] [I] [ 5840] PUCCH: cc=0; rnti=0x46, f=1, n_pucch=0, dmrs_corr=-nan, snr=-inf dB, corr=0.000, sr=no, ta=0.0 us
2026-09-14T10:47:59.361576 [PHY0   ] [I] [ 5841] PUCCH: cc=0; rnti=0x46, f=2, n_pucch=0, dmrs_corr=1.000, snr=111.7 dB, corr=1.000, cqi=15 (cc=0), ta=0.0 us
2026-09-14T10:47:59.382713 [PHY1   ] [I] [ 5860] PUCCH: cc=0; rnti=0x46, f=1, n_pucch=0, dmrs_corr=-nan, snr=-inf dB, corr=0.000, sr=no, ta=0.0 us
2026-09-14T10:47:59.405298 [PHY1   ] [I] [ 5880] PUCCH: cc=0; rnti=0x46, f=1, n_pucch=0, dmrs_corr=-nan, snr=-inf dB, corr=0.000, sr=no, ta=0.0 us
2026-09-14T10:47:59.406434 [PHY0   ] [I] [ 5881] PUCCH: cc=0; rnti=0x46, f=2, n_pucch=0, dmrs_corr=1.000, snr=111.7 dB, corr=1.000, cqi=15 (cc=0), ta=0.0 us
2026-09-14T10:47:59.427932 [PHY1   ] [I] [ 5900] PUCCH: cc=0; rnti=0x46, f=1, n_pucch=0, dmrs_corr=-nan, snr=-inf dB, corr=0.000, sr=no, ta=0.0 us
2026-09-14T10:47:59.450306 [PHY1   ] [I] [ 5920] PUCCH: cc=0; rnti=0x46, f=1, n_pucch=0, dmrs_corr=-nan, snr=-inf dB, corr=0.000, sr=no, ta=0.0 us
2026-09-14T10:47:59.451525 [PHY0   ] [I] [ 5921] PUCCH: cc=0; rnti=0x46, f=2, n_pucch=0, dmrs_corr=1.000, snr=111.7 dB, corr=1.000, cqi=15 (cc=0), ta=0.0 us
2026-09-14T10:47:59.472955 [PHY1   ] [I] [ 5940] PUCCH: cc=0; rnti=0x46, f=1, n_pucch=0, dmrs_corr=-nan, snr=-inf dB, corr=0.000, sr=no, ta=0.0 us
2026-09-14T10:47:59.495551 [PHY1   ] [I] [ 5960] PUCCH: cc=0; rnti=0x46, f=1, n_pucch=0, dmrs_corr=-nan, snr=-inf dB, corr=0.000, sr=no, ta=0.0 us
2026-09-14T10:47:59.496808 [PHY0   ] [I] [ 5961] PUCCH: cc=0; rnti=0x46, f=2, n_pucch=0, dmrs_corr=1.000, snr=111.7 dB, corr=1.000, cqi=15 (cc=0), ta=0.0 us
2026-09-14T10:47:59.518430 [PHY1   ] [I] [ 5980] PUCCH: cc=0; rnti=0x46, f=1, n_pucch=0, dmrs_corr=-nan, snr=-inf dB, corr=0.000, sr=no, ta=0.0 us
2026-09-14T10:47:59.540658 [PHY1   ] [I] [ 6000] PUCCH: cc=0; rnti=0x46, f=1, n_pucch=0, dmrs_corr=-nan, snr=-inf dB, corr=0.000, sr=no, ta=0.0 us
2026-09-14T10:47:59.542026 [PHY0   ] [I] [ 6001] PUCCH: cc=0; rnti=0x46, f=2, n_pucch=0, dmrs_corr=1.000, snr=111.7 dB, corr=1.000, cqi=15 (cc=0), ta=0.0 us
2026-09-14T10:47:59.563401 [PHY1   ] [I] [ 6020] PUCCH: cc=0; rnti=0x46, f=1, n_pucch=0, dmrs_corr=-nan, snr=-inf dB, corr=0.000, sr=no, ta=0.0 us
2026-09-14T10:47:59.585815 [PHY1   ] [I] [ 6040] PUCCH: cc=0; rnti=0x46, f=1, n_pucch=0, dmrs_corr=-nan, snr=-inf dB, corr=0.000, sr=no, ta=0.0 us
2026-09-14T10:47:59.586951 [PHY0   ] [I] [ 6041] PUCCH: cc=0; rnti=0x46, f=2, n_pucch=0, dmrs_corr=1.000, snr=111.7 dB, corr=1.000, cqi=15 (cc=0), ta=0.0 us
2026-09-14T10:47:59.608288 [PHY1   ] [I] [ 6060] PUCCH: cc=0; rnti=0x46, f=1, n_pucch=0, dmrs_corr=-nan, snr=-inf dB, corr=0.000, sr=no, ta=0.0 us
2026-09-14T10:47:59.630807 [PHY1   ] [I] [ 6080] PUCCH: cc=0; rnti=0x46, f=1, n_pucch=0, dmrs_corr=-nan, snr=-inf dB, corr=0.000, sr=no, ta=0.0 us
2026-09-14T10:47:59.632104 [PHY0   ] [I] [ 6081] PUCCH: cc=0; rnti=0x46, f=2, n_pucch=0, dmrs_corr=1.000, snr=111.7 dB, corr=1.000, cqi=15 (cc=0), ta=0.0 us
2026-09-14T10:47:59.653826 [PHY1   ] [I] [ 6100] PUCCH: cc=0; rnti=0x46, f=1, n_pucch=0, dmrs_corr=-nan, snr=-inf dB, corr=0.000, sr=no, ta=0.0 us
2026-09-14T10:47:59.676467 [PHY1   ] [I] [ 6120] PUCCH: cc=0; rnti=0x46, f=1, n_pucch=0, dmrs_corr=-nan, snr=-inf dB, corr=0.000, sr=no, ta=0.0 us
2026-09-14T10:47:59.677756 [PHY0   ] [I] [ 6121] PUCCH: cc=0; rnti=0x46, f=2, n_pucch=0, dmrs_corr=1.000, snr=111.7 dB, corr=1.000, cqi=15 (cc=0), ta=0.0 us
2026-09-14T10:47:59.699214 [PHY1   ] [I] [ 6140] PUCCH: cc=0; rnti=0x46, f=1, n_pucch=0, dmrs_corr=-nan, snr=-inf dB, corr=0.000, sr=no, ta=0.0 us
2026-09-14T10:47:59.721919 [PHY1   ] [I] [ 6160] PUCCH: cc=0; rnti=0x46, f=1, n_pucch=0, dmrs_corr=-nan, snr=-inf dB, corr=0.000, sr=no, ta=0.0 us
2026-09-14T10:47:59.723253 [PHY0   ] [I] [ 6161] PUCCH: cc=0; rnti=0x46, f=2, n_pucch=0, dmrs_corr=1.000, snr=111.7 dB, corr=1.000, cqi=15 (cc=0), ta=0.0 us
2026-09-14T10:47:59.744636 [PHY1   ] [I] [ 6180] PUCCH: cc=0; rnti=0x46, f=1, n_pucch=0, dmrs_corr=-nan, snr=-inf dB, corr=0.000, sr=no, ta=0.0 us
2026-09-14T10:47:59.767179 [PHY1   ] [I] [ 6200] PUCCH: cc=0; rnti=0x46, f=1, n_pucch=0, dmrs_corr=-nan, snr=-inf dB, corr=0.000, sr=no, ta=0.0 us
2026-09-14T10:47:59.768377 [PHY0   ] [I] [ 6201] PUCCH: cc=0; rnti=0x46, f=2, n_pucch=0, dmrs_corr=1.000, snr=111.7 dB, corr=1.000, cqi=15 (cc=0), ta=0.0 us
2026-09-14T10:47:59.789549 [PHY1   ] [I] [ 6220] PUCCH: cc=0; rnti=0x46, f=1, n_pucch=0, dmrs_corr=-nan, snr=-inf dB, corr=0.000, sr=no, ta=0.0 us
2026-09-14T10:47:59.812225 [PHY1   ] [I] [ 6240] PUCCH: cc=0; rnti=0x46, f=1, n_pucch=0, dmrs_corr=-nan, snr=-inf dB, corr=0.000, sr=no, ta=0.0 us
2026-09-14T10:47:59.813445 [PHY0   ] [I] [ 6241] PUCCH: cc=0; rnti=0x46, f=2, n_pucch=0, dmrs_corr=1.000, snr=111.7 dB, corr=1.000, cqi=15 (cc=0), ta=0.0 us
2026-09-14T10:47:59.834886 [PHY1   ] [I] [ 6260] PUCCH: cc=0; rnti=0x46, f=1, n_pucch=0, dmrs_corr=-nan, snr=-inf dB, corr=0.000, sr=no, ta=0.0 us
2026-09-14T10:47:59.857300 [PHY1   ] [I] [ 6280] PUCCH: cc=0; rnti=0x46, f=1, n_pucch=0, dmrs_corr=-nan, snr=-inf dB, corr=0.000, sr=no, ta=0.0 us
2026-09-14T10:47:59.858501 [PHY0   ] [I] [ 6281] PUCCH: cc=0; rnti=0x46, f=2, n_pucch=0, dmrs_corr=1.000, snr=111.7 dB, corr=1.000, cqi=15 (cc=0), ta=0.0 us
2026-09-14T10:47:59.879600 [PHY1   ] [I] [ 6300] PUCCH: cc=0; rnti=0x46, f=1, n_pucch=0, dmrs_corr=-nan, snr=-inf dB, corr=0.000, sr=no, ta=0.0 us
2026-09-14T10:47:59.902546 [PHY1   ] [I] [ 6320] PUCCH: cc=0; rnti=0x46, f=1, n_pucch=0, dmrs_corr=-nan, snr=-inf dB, corr=0.000, sr=no, ta=0.0 us
2026-09-14T10:47:59.903763 [PHY0   ] [I] [ 6321] PUCCH: cc=0; rnti=0x46, f=2, n_pucch=0, dmrs_corr=1.000, snr=111.7 dB, corr=1.000, cqi=15 (cc=0), ta=0.0 us
2026-09-14T10:47:59.925318 [PHY1   ] [I] [ 6340] PUCCH: cc=0; rnti=0x46, f=1, n_pucch=0, dmrs_corr=-nan, snr=-inf dB, corr=0.000, sr=no, ta=0.0 us
2026-09-14T10:47:59.947777 [PHY1   ] [I] [ 6360] PUCCH: cc=0; rnti=0x46, f=1, n_pucch=0, dmrs_corr=-nan, snr=-inf dB, corr=0.000, sr=no, ta=0.0 us
2026-09-14T10:47:59.948998 [PHY0   ] [I] [ 6361] PUCCH: cc=0; rnti=0x46, f=2, n_pucch=0, dmrs_corr=1.000, snr=111.7 dB, corr=1.000, cqi=15 (cc=0), ta=0.0 us
2026-09-14T10:47:59.970471 [PHY1   ] [I] [ 6380] PUCCH: cc=0; rnti=0x46, f=1, n_pucch=0, dmrs_corr=-nan, snr=-inf dB, corr=0.000, sr=no, ta=0.0 us
2026-09-14T10:47:59.993257 [PHY1   ] [I] [ 6400] PUCCH: cc=0; rnti=0x46, f=1, n_pucch=0, dmrs_corr=-nan, snr=-inf dB, corr=0.000, sr=no, ta=0.0 us
2026-09-14T10:47:59.994558 [PHY0   ] [I] [ 6401] PUCCH: cc=0; rnti=0x46, f=2, n_pucch=0, dmrs_corr=1.000, snr=111.7 dB, corr=1.000, cqi=15 (cc=0), ta=0.0 us
2026-09-14T10:48:00.015970 [PHY1   ] [I] [ 6420] PUCCH: cc=0; rnti=0x46, f=1, n_pucch=0, dmrs_corr=-nan, snr=-inf dB, corr=0.000, sr=no, ta=0.0 us
2026-09-14T10:48:00.038581 [PHY1   ] [I] [ 6440] PUCCH: cc=0; rnti=0x46, f=1, n_pucch=0, dmrs_corr=-nan, snr=-inf dB, corr=0.000, sr=no, ta=0.0 us
2026-09-14T10:48:00.039859 [PHY0   ] [I] [ 6441] PUCCH: cc=0; rnti=0x46, f=2, n_pucch=0, dmrs_corr=1.000, snr=111.7 dB, corr=1.000, cqi=15 (cc=0), ta=0.0 us
2026-09-14T10:48:00.061382 [PHY1   ] [I] [ 6460] PUCCH: cc=0; rnti=0x46, f=1, n_pucch=0, dmrs_corr=-nan, snr=-inf dB, corr=0.000, sr=no, ta=0.0 us
2026-09-14T10:48:00.084209 [PHY1   ] [I] [ 6480] PUCCH: cc=0; rnti=0x46, f=1, n_pucch=0, dmrs_corr=-nan, snr=-inf dB, corr=0.000, sr=no, ta=0.0 us
2026-09-14T10:48:00.085346 [PHY0   ] [I] [ 6481] PUCCH: cc=0; rnti=0x46, f=2, n_pucch=0, dmrs_corr=1.000, snr=111.7 dB, corr=1.000, cqi=15 (cc=0), ta=0.0 us
2026-09-14T10:48:00.106627 [PHY1   ] [I] [ 6500] PUCCH: cc=0; rnti=0x46, f=1, n_pucch=0, dmrs_corr=-nan, snr=-inf dB, corr=0.000, sr=no, ta=0.0 us
2026-09-14T10:48:00.129613 [PHY1   ] [I] [ 6520] PUCCH: cc=0; rnti=0x46, f=1, n_pucch=0, dmrs_corr=-nan, snr=-inf dB, corr=0.000, sr=no, ta=0.0 us
2026-09-14T10:48:00.130851 [PHY0   ] [I] [ 6521] PUCCH: cc=0; rnti=0x46, f=2, n_pucch=0, dmrs_corr=1.000, snr=111.7 dB, corr=1.000, cqi=15 (cc=0), ta=0.0 us
2026-09-14T10:48:00.152005 [PHY1   ] [I] [ 6540] PUCCH: cc=0; rnti=0x46, f=1, n_pucch=0, dmrs_corr=-nan, snr=-inf dB, corr=0.000, sr=no, ta=0.0 us
2026-09-14T10:48:00.174750 [PHY1   ] [I] [ 6560] PUCCH: cc=0; rnti=0x46, f=1, n_pucch=0, dmrs_corr=-nan, snr=-inf dB, corr=0.000, sr=no, ta=0.0 us
2026-09-14T10:48:00.176015 [PHY0   ] [I] [ 6561] PUCCH: cc=0; rnti=0x46, f=2, n_pucch=0, dmrs_corr=1.000, snr=111.7 dB, corr=1.000, cqi=15 (cc=0), ta=0.0 us
2026-09-14T10:48:00.197599 [PHY1   ] [I] [ 6580] PUCCH: cc=0; rnti=0x46, f=1, n_pucch=0, dmrs_corr=-nan, snr=-inf dB, corr=0.000, sr=no, ta=0.0 us
2026-09-14T10:48:00.220427 [PHY1   ] [I] [ 6600] PUCCH: cc=0; rnti=0x46, f=1, n_pucch=0, dmrs_corr=-nan, snr=-inf dB, corr=0.000, sr=no, ta=0.0 us
2026-09-14T10:48:00.221710 [PHY0   ] [I] [ 6601] PUCCH: cc=0; rnti=0x46, f=2, n_pucch=0, dmrs_corr=1.000, snr=111.7 dB, corr=1.000, cqi=15 (cc=0), ta=0.0 us
2026-09-14T10:48:00.243313 [PHY1   ] [I] [ 6620] PUCCH: cc=0; rnti=0x46, f=1, n_pucch=0, dmrs_corr=-nan, snr=-inf dB, corr=0.000, sr=no, ta=0.0 us
2026-09-14T10:48:00.266029 [PHY1   ] [I] [ 6640] PUCCH: cc=0; rnti=0x46, f=1, n_pucch=0, dmrs_corr=-nan, snr=-inf dB, corr=0.000, sr=no, ta=0.0 us
2026-09-14T10:48:00.267172 [PHY0   ] [I] [ 6641] PUCCH: cc=0; rnti=0x46, f=2, n_pucch=0, dmrs_corr=1.000, snr=111.7 dB, corr=1.000, cqi=15 (cc=0), ta=0.0 us
2026-09-14T10:48:00.288796 [PHY1   ] [I] [ 6660] PUCCH: cc=0; rnti=0x46, f=1, n_pucch=0, dmrs_corr=-nan, snr=-inf dB, corr=0.000, sr=no, ta=0.0 us
2026-09-14T10:48:00.311416 [PHY1   ] [I] [ 6680] PUCCH: cc=0; rnti=0x46, f=1, n_pucch=0, dmrs_corr=-nan, snr=-inf dB, corr=0.000, sr=no, ta=0.0 us
2026-09-14T10:48:00.312700 [PHY0   ] [I] [ 6681] PUCCH: cc=0; rnti=0x46, f=2, n_pucch=0, dmrs_corr=1.000, snr=111.7 dB, corr=1.000, cqi=15 (cc=0), ta=0.0 us
2026-09-14T10:48:00.334207 [PHY1   ] [I] [ 6700] PUCCH: cc=0; rnti=0x46, f=1, n_pucch=0, dmrs_corr=-nan, snr=-inf dB, corr=0.000, sr=no, ta=0.0 us
2026-09-14T10:48:00.356978 [PHY1   ] [I] [ 6720] PUCCH: cc=0; rnti=0x46, f=1, n_pucch=0, dmrs_corr=-nan, snr=-inf dB, corr=0.000, sr=no, ta=0.0 us
2026-09-14T10:48:00.358239 [PHY0   ] [I] [ 6721] PUCCH: cc=0; rnti=0x46, f=2, n_pucch=0, dmrs_corr=1.000, snr=111.7 dB, corr=1.000, cqi=15 (cc=0), ta=0.0 us
2026-09-14T10:48:00.379868 [PHY1   ] [I] [ 6740] PUCCH: cc=0; rnti=0x46, f=1, n_pucch=0, dmrs_corr=-nan, snr=-inf dB, corr=0.000, sr=no, ta=0.0 us
2026-09-14T10:48:00.402578 [PHY1   ] [I] [ 6760] PUCCH: cc=0; rnti=0x46, f=1, n_pucch=0, dmrs_corr=-nan, snr=-inf dB, corr=0.000, sr=no, ta=0.0 us
2026-09-14T10:48:00.403824 [PHY0   ] [I] [ 6761] PUCCH: cc=0; rnti=0x46, f=2, n_pucch=0, dmrs_corr=1.000, snr=111.7 dB, corr=1.000, cqi=15 (cc=0), ta=0.0 us
2026-09-14T10:48:00.425327 [PHY1   ] [I] [ 6780] PUCCH: cc=0; rnti=0x46, f=1, n_pucch=0, dmrs_corr=-nan, snr=-inf dB, corr=0.000, sr=no, ta=0.0 us
2026-09-14T10:48:00.447825 [PHY1   ] [I] [ 6800] PUCCH: cc=0; rnti=0x46, f=1, n_pucch=0, dmrs_corr=-nan, snr=-inf dB, corr=0.000, sr=no, ta=0.0 us
2026-09-14T10:48:00.449049 [PHY0   ] [I] [ 6801] PUCCH: cc=0; rnti=0x46, f=2, n_pucch=0, dmrs_corr=1.000, snr=111.7 dB, corr=1.000, cqi=15 (cc=0), ta=0.0 us
2026-09-14T10:48:00.470387 [PHY1   ] [I] [ 6820] PUCCH: cc=0; rnti=0x46, f=1, n_pucch=0, dmrs_corr=-nan, snr=-inf dB, corr=0.000, sr=no, ta=0.0 us
2026-09-14T10:48:00.493290 [PHY1   ] [I] [ 6840] PUCCH: cc=0; rnti=0x46, f=1, n_pucch=0, dmrs_corr=-nan, snr=-inf dB, corr=0.000, sr=no, ta=0.0 us
2026-09-14T10:48:00.494623 [PHY0   ] [I] [ 6841] PUCCH: cc=0; rnti=0x46, f=2, n_pucch=0, dmrs_corr=1.000, snr=111.7 dB, corr=1.000, cqi=15 (cc=0), ta=0.0 us
2026-09-14T10:48:00.516453 [PHY1   ] [I] [ 6860] PUCCH: cc=0; rnti=0x46, f=1, n_pucch=0, dmrs_corr=-nan, snr=-inf dB, corr=0.000, sr=no, ta=0.0 us
2026-09-14T10:48:00.539282 [PHY1   ] [I] [ 6880] PUCCH: cc=0; rnti=0x46, f=1, n_pucch=0, dmrs_corr=-nan, snr=-inf dB, corr=0.000, sr=no, ta=0.0 us
2026-09-14T10:48:00.540499 [PHY0   ] [I] [ 6881] PUCCH: cc=0; rnti=0x46, f=2, n_pucch=0, dmrs_corr=1.000, snr=111.7 dB, corr=1.000, cqi=15 (cc=0), ta=0.0 us
2026-09-14T10:48:00.562065 [PHY1   ] [I] [ 6900] PUCCH: cc=0; rnti=0x46, f=1, n_pucch=0, dmrs_corr=-nan, snr=-inf dB, corr=0.000, sr=no, ta=0.0 us
2026-09-14T10:48:00.584871 [PHY1   ] [I] [ 6920] PUCCH: cc=0; rnti=0x46, f=1, n_pucch=0, dmrs_corr=-nan, snr=-inf dB, corr=0.000, sr=no, ta=0.0 us
2026-09-14T10:48:00.586013 [PHY0   ] [I] [ 6921] PUCCH: cc=0; rnti=0x46, f=2, n_pucch=0, dmrs_corr=1.000, snr=111.7 dB, corr=1.000, cqi=15 (cc=0), ta=0.0 us
2026-09-14T10:48:00.607443 [PHY1   ] [I] [ 6940] PUCCH: cc=0; rnti=0x46, f=1, n_pucch=0, dmrs_corr=-nan, snr=-inf dB, corr=0.000, sr=no, ta=0.0 us
2026-09-14T10:48:00.630349 [PHY1   ] [I] [ 6960] PUCCH: cc=0; rnti=0x46, f=1, n_pucch=0, dmrs_corr=-nan, snr=-inf dB, corr=0.000, sr=no, ta=0.0 us
2026-09-14T10:48:00.631593 [PHY0   ] [I] [ 6961] PUCCH: cc=0; rnti=0x46, f=2, n_pucch=0, dmrs_corr=1.000, snr=111.7 dB, corr=1.000, cqi=15 (cc=0), ta=0.0 us
2026-09-14T10:48:00.653117 [PHY1   ] [I] [ 6980] PUCCH: cc=0; rnti=0x46, f=1, n_pucch=0, dmrs_corr=-nan, snr=-inf dB, corr=0.000, sr=no, ta=0.0 us
2026-09-14T10:48:00.675793 [PHY1   ] [I] [ 7000] PUCCH: cc=0; rnti=0x46, f=1, n_pucch=0, dmrs_corr=-nan, snr=-inf dB, corr=0.000, sr=no, ta=0.0 us
2026-09-14T10:48:00.677098 [PHY0   ] [I] [ 7001] PUCCH: cc=0; rnti=0x46, f=2, n_pucch=0, dmrs_corr=1.000, snr=111.7 dB, corr=1.000, cqi=15 (cc=0), ta=0.0 us
2026-09-14T10:48:00.698685 [PHY1   ] [I] [ 7020] PUCCH: cc=0; rnti=0x46, f=1, n_pucch=0, dmrs_corr=-nan, snr=-inf dB, corr=0.000, sr=no, ta=0.0 us
2026-09-14T10:48:00.721587 [PHY1   ] [I] [ 7040] PUCCH: cc=0; rnti=0x46, f=1, n_pucch=0, dmrs_corr=-nan, snr=-inf dB, corr=0.000, sr=no, ta=0.0 us
2026-09-14T10:48:00.723044 [PHY0   ] [I] [ 7041] PUCCH: cc=0; rnti=0x46, f=2, n_pucch=0, dmrs_corr=1.000, snr=111.7 dB, corr=1.000, cqi=15 (cc=0), ta=0.0 us
2026-09-14T10:48:00.744377 [PHY1   ] [I] [ 7060] PUCCH: cc=0; rnti=0x46, f=1, n_pucch=0, dmrs_corr=-nan, snr=-inf dB, corr=0.000, sr=no, ta=0.0 us
2026-09-14T10:48:00.766537 [PHY1   ] [I] [ 7080] PUCCH: cc=0; rnti=0x46, f=1, n_pucch=0, dmrs_corr=-nan, snr=-inf dB, corr=0.000, sr=no, ta=0.0 us
2026-09-14T10:48:00.767718 [PHY0   ] [I] [ 7081] PUCCH: cc=0; rnti=0x46, f=2, n_pucch=0, dmrs_corr=1.000, snr=111.7 dB, corr=1.000, cqi=15 (cc=0), ta=0.0 us
2026-09-14T10:48:00.788850 [PHY1   ] [I] [ 7100] PUCCH: cc=0; rnti=0x46, f=1, n_pucch=0, dmrs_corr=-nan, snr=-inf dB, corr=0.000, sr=no, ta=0.0 us
2026-09-14T10:48:00.811625 [PHY1   ] [I] [ 7120] PUCCH: cc=0; rnti=0x46, f=1, n_pucch=0, dmrs_corr=-nan, snr=-inf dB, corr=0.000, sr=no, ta=0.0 us
2026-09-14T10:48:00.812972 [PHY0   ] [I] [ 7121] PUCCH: cc=0; rnti=0x46, f=2, n_pucch=0, dmrs_corr=1.000, snr=111.7 dB, corr=1.000, cqi=15 (cc=0), ta=0.0 us
2026-09-14T10:48:00.834133 [PHY1   ] [I] [ 7140] PUCCH: cc=0; rnti=0x46, f=1, n_pucch=0, dmrs_corr=-nan, snr=-inf dB, corr=0.000, sr=no, ta=0.0 us
2026-09-14T10:48:00.856667 [PHY1   ] [I] [ 7160] PUCCH: cc=0; rnti=0x46, f=1, n_pucch=0, dmrs_corr=-nan, snr=-inf dB, corr=0.000, sr=no, ta=0.0 us
2026-09-14T10:48:00.857821 [PHY0   ] [I] [ 7161] PUCCH: cc=0; rnti=0x46, f=2, n_pucch=0, dmrs_corr=1.000, snr=111.7 dB, corr=1.000, cqi=15 (cc=0), ta=0.0 us
2026-09-14T10:48:00.879095 [PHY1   ] [I] [ 7180] PUCCH: cc=0; rnti=0x46, f=1, n_pucch=0, dmrs_corr=-nan, snr=-inf dB, corr=0.000, sr=no, ta=0.0 us
2026-09-14T10:48:00.901917 [PHY1   ] [I] [ 7200] PUCCH: cc=0; rnti=0x46, f=1, n_pucch=0, dmrs_corr=-nan, snr=-inf dB, corr=0.000, sr=no, ta=0.0 us
2026-09-14T10:48:00.903242 [PHY0   ] [I] [ 7201] PUCCH: cc=0; rnti=0x46, f=2, n_pucch=0, dmrs_corr=1.000, snr=111.7 dB, corr=1.000, cqi=15 (cc=0), ta=0.0 us
2026-09-14T10:48:00.924692 [PHY1   ] [I] [ 7220] PUCCH: cc=0; rnti=0x46, f=1, n_pucch=0, dmrs_corr=-nan, snr=-inf dB, corr=0.000, sr=no, ta=0.0 us
2026-09-14T10:48:00.947100 [PHY1   ] [I] [ 7240] PUCCH: cc=0; rnti=0x46, f=1, n_pucch=0, dmrs_corr=-nan, snr=-inf dB, corr=0.000, sr=no, ta=0.0 us
2026-09-14T10:48:00.948313 [PHY0   ] [I] [ 7241] PUCCH: cc=0; rnti=0x46, f=2, n_pucch=0, dmrs_corr=1.000, snr=111.7 dB, corr=1.000, cqi=15 (cc=0), ta=0.0 us
2026-09-14T10:48:00.969816 [PHY1   ] [I] [ 7260] PUCCH: cc=0; rnti=0x46, f=1, n_pucch=0, dmrs_corr=-nan, snr=-inf dB, corr=0.000, sr=no, ta=0.0 us
2026-09-14T10:48:00.992740 [PHY1   ] [I] [ 7280] PUCCH: cc=0; rnti=0x46, f=1, n_pucch=0, dmrs_corr=-nan, snr=-inf dB, corr=0.000, sr=no, ta=0.0 us
2026-09-14T10:48:00.994021 [PHY0   ] [I] [ 7281] PUCCH: cc=0; rnti=0x46, f=2, n_pucch=0, dmrs_corr=1.000, snr=111.7 dB, corr=1.000, cqi=15 (cc=0), ta=0.0 us
2026-09-14T10:48:01.015309 [PHY1   ] [I] [ 7300] PUCCH: cc=0; rnti=0x46, f=1, n_pucch=0, dmrs_corr=-nan, snr=-inf dB, corr=0.000, sr=no, ta=0.0 us
2026-09-14T10:48:01.037947 [PHY1   ] [I] [ 7320] PUCCH: cc=0; rnti=0x46, f=1, n_pucch=0, dmrs_corr=-nan, snr=-inf dB, corr=0.000, sr=no, ta=0.0 us
2026-09-14T10:48:01.039195 [PHY0   ] [I] [ 7321] PUCCH: cc=0; rnti=0x46, f=2, n_pucch=0, dmrs_corr=1.000, snr=111.7 dB, corr=1.000, cqi=15 (cc=0), ta=0.0 us
2026-09-14T10:48:01.060744 [PHY1   ] [I] [ 7340] PUCCH: cc=0; rnti=0x46, f=1, n_pucch=0, dmrs_corr=-nan, snr=-inf dB, corr=0.000, sr=no, ta=0.0 us
2026-09-14T10:48:01.083300 [PHY1   ] [I] [ 7360] PUCCH: cc=0; rnti=0x46, f=1, n_pucch=0, dmrs_corr=-nan, snr=-inf dB, corr=0.000, sr=no, ta=0.0 us
2026-09-14T10:48:01.084626 [PHY0   ] [I] [ 7361] PUCCH: cc=0; rnti=0x46, f=2, n_pucch=0, dmrs_corr=1.000, snr=111.7 dB, corr=1.000, cqi=15 (cc=0), ta=0.0 us
2026-09-14T10:48:01.106109 [PHY1   ] [I] [ 7380] PUCCH: cc=0; rnti=0x46, f=1, n_pucch=0, dmrs_corr=-nan, snr=-inf dB, corr=0.000, sr=no, ta=0.0 us
2026-09-14T10:48:01.128934 [PHY1   ] [I] [ 7400] PUCCH: cc=0; rnti=0x46, f=1, n_pucch=0, dmrs_corr=-nan, snr=-inf dB, corr=0.000, sr=no, ta=0.0 us
2026-09-14T10:48:01.130226 [PHY0   ] [I] [ 7401] PUCCH: cc=0; rnti=0x46, f=2, n_pucch=0, dmrs_corr=1.000, snr=111.7 dB, corr=1.000, cqi=15 (cc=0), ta=0.0 us
2026-09-14T10:48:01.151639 [PHY1   ] [I] [ 7420] PUCCH: cc=0; rnti=0x46, f=1, n_pucch=0, dmrs_corr=-nan, snr=-inf dB, corr=0.000, sr=no, ta=0.0 us
2026-09-14T10:48:01.174378 [PHY1   ] [I] [ 7440] PUCCH: cc=0; rnti=0x46, f=1, n_pucch=0, dmrs_corr=-nan, snr=-inf dB, corr=0.000, sr=no, ta=0.0 us
2026-09-14T10:48:01.175758 [PHY0   ] [I] [ 7441] PUCCH: cc=0; rnti=0x46, f=2, n_pucch=0, dmrs_corr=1.000, snr=111.7 dB, corr=1.000, cqi=15 (cc=0), ta=0.0 us
2026-09-14T10:48:01.197304 [PHY1   ] [I] [ 7460] PUCCH: cc=0; rnti=0x46, f=1, n_pucch=0, dmrs_corr=-nan, snr=-inf dB, corr=0.000, sr=no, ta=0.0 us
2026-09-14T10:48:01.220007 [PHY1   ] [I] [ 7480] PUCCH: cc=0; rnti=0x46, f=1, n_pucch=0, dmrs_corr=-nan, snr=-inf dB, corr=0.000, sr=no, ta=0.0 us
2026-09-14T10:48:01.221416 [PHY0   ] [I] [ 7481] PUCCH: cc=0; rnti=0x46, f=2, n_pucch=0, dmrs_corr=1.000, snr=111.7 dB, corr=1.000, cqi=15 (cc=0), ta=0.0 us
2026-09-14T10:48:01.242638 [PHY1   ] [I] [ 7500] PUCCH: cc=0; rnti=0x46, f=1, n_pucch=0, dmrs_corr=-nan, snr=-inf dB, corr=0.000, sr=no, ta=0.0 us
2026-09-14T10:48:01.265221 [PHY1   ] [I] [ 7520] PUCCH: cc=0; rnti=0x46, f=1, n_pucch=0, dmrs_corr=-nan, snr=-inf dB, corr=0.000, sr=no, ta=0.0 us
2026-09-14T10:48:01.266368 [PHY0   ] [I] [ 7521] PUCCH: cc=0; rnti=0x46, f=2, n_pucch=0, dmrs_corr=1.000, snr=111.7 dB, corr=1.000, cqi=15 (cc=0), ta=0.0 us
2026-09-14T10:48:01.287677 [PHY1   ] [I] [ 7540] PUCCH: cc=0; rnti=0x46, f=1, n_pucch=0, dmrs_corr=-nan, snr=-inf dB, corr=0.000, sr=no, ta=0.0 us
2026-09-14T10:48:01.310097 [PHY1   ] [I] [ 7560] PUCCH: cc=0; rnti=0x46, f=1, n_pucch=0, dmrs_corr=-nan, snr=-inf dB, corr=0.000, sr=no, ta=0.0 us
2026-09-14T10:48:01.311412 [PHY0   ] [I] [ 7561] PUCCH: cc=0; rnti=0x46, f=2, n_pucch=0, dmrs_corr=1.000, snr=111.7 dB, corr=1.000, cqi=15 (cc=0), ta=0.0 us
2026-09-14T10:48:01.332918 [PHY1   ] [I] [ 7580] PUCCH: cc=0; rnti=0x46, f=1, n_pucch=0, dmrs_corr=-nan, snr=-inf dB, corr=0.000, sr=no, ta=0.0 us
2026-09-14T10:48:01.355545 [PHY1   ] [I] [ 7600] PUCCH: cc=0; rnti=0x46, f=1, n_pucch=0, dmrs_corr=-nan, snr=-inf dB, corr=0.000, sr=no, ta=0.0 us
2026-09-14T10:48:01.356749 [PHY0   ] [I] [ 7601] PUCCH: cc=0; rnti=0x46, f=2, n_pucch=0, dmrs_corr=1.000, snr=111.7 dB, corr=1.000, cqi=15 (cc=0), ta=0.0 us
2026-09-14T10:48:01.378274 [PHY1   ] [I] [ 7620] PUCCH: cc=0; rnti=0x46, f=1, n_pucch=0, dmrs_corr=-nan, snr=-inf dB, corr=0.000, sr=no, ta=0.0 us
2026-09-14T10:48:01.400923 [PHY1   ] [I] [ 7640] PUCCH: cc=0; rnti=0x46, f=1, n_pucch=0, dmrs_corr=-nan, snr=-inf dB, corr=0.000, sr=no, ta=0.0 us
2026-09-14T10:48:01.402382 [PHY0   ] [I] [ 7641] PUCCH: cc=0; rnti=0x46, f=2, n_pucch=0, dmrs_corr=1.000, snr=111.7 dB, corr=1.000, cqi=15 (cc=0), ta=0.0 us
2026-09-14T10:48:01.423520 [PHY1   ] [I] [ 7660] PUCCH: cc=0; rnti=0x46, f=1, n_pucch=0, dmrs_corr=-nan, snr=-inf dB, corr=0.000, sr=no, ta=0.0 us
2026-09-14T10:48:01.446330 [PHY1   ] [I] [ 7680] PUCCH: cc=0; rnti=0x46, f=1, n_pucch=0, dmrs_corr=-nan, snr=-inf dB, corr=0.000, sr=no, ta=0.0 us
2026-09-14T10:48:01.447509 [PHY0   ] [I] [ 7681] PUCCH: cc=0; rnti=0x46, f=2, n_pucch=0, dmrs_corr=1.000, snr=111.7 dB, corr=1.000, cqi=15 (cc=0), ta=0.0 us
2026-09-14T10:48:01.468817 [PHY1   ] [I] [ 7700] PUCCH: cc=0; rnti=0x46, f=1, n_pucch=0, dmrs_corr=-nan, snr=-inf dB, corr=0.000, sr=no, ta=0.0 us
2026-09-14T10:48:01.491611 [PHY1   ] [I] [ 7720] PUCCH: cc=0; rnti=0x46, f=1, n_pucch=0, dmrs_corr=-nan, snr=-inf dB, corr=0.000, sr=no, ta=0.0 us
2026-09-14T10:48:01.493072 [PHY0   ] [I] [ 7721] PUCCH: cc=0; rnti=0x46, f=2, n_pucch=0, dmrs_corr=1.000, snr=111.7 dB, corr=1.000, cqi=15 (cc=0), ta=0.0 us
2026-09-14T10:48:01.514382 [PHY1   ] [I] [ 7740] PUCCH: cc=0; rnti=0x46, f=1, n_pucch=0, dmrs_corr=-nan, snr=-inf dB, corr=0.000, sr=no, ta=0.0 us
2026-09-14T10:48:01.537197 [PHY1   ] [I] [ 7760] PUCCH: cc=0; rnti=0x46, f=1, n_pucch=0, dmrs_corr=-nan, snr=-inf dB, corr=0.000, sr=no, ta=0.0 us
2026-09-14T10:48:01.538498 [PHY0   ] [I] [ 7761] PUCCH: cc=0; rnti=0x46, f=2, n_pucch=0, dmrs_corr=1.000, snr=111.7 dB, corr=1.000, cqi=15 (cc=0), ta=0.0 us
2026-09-14T10:48:01.559883 [PHY1   ] [I] [ 7780] PUCCH: cc=0; rnti=0x46, f=1, n_pucch=0, dmrs_corr=-nan, snr=-inf dB, corr=0.000, sr=no, ta=0.0 us
2026-09-14T10:48:01.582615 [PHY1   ] [I] [ 7800] PUCCH: cc=0; rnti=0x46, f=1, n_pucch=0, dmrs_corr=-nan, snr=-inf dB, corr=0.000, sr=no, ta=0.0 us
2026-09-14T10:48:01.583906 [PHY0   ] [I] [ 7801] PUCCH: cc=0; rnti=0x46, f=2, n_pucch=0, dmrs_corr=1.000, snr=111.7 dB, corr=1.000, cqi=15 (cc=0), ta=0.0 us
2026-09-14T10:48:01.605480 [PHY1   ] [I] [ 7820] PUCCH: cc=0; rnti=0x46, f=1, n_pucch=0, dmrs_corr=-nan, snr=-inf dB, corr=0.000, sr=no, ta=0.0 us
2026-09-14T10:48:01.628368 [PHY1   ] [I] [ 7840] PUCCH: cc=0; rnti=0x46, f=1, n_pucch=0, dmrs_corr=-nan, snr=-inf dB, corr=0.000, sr=no, ta=0.0 us
2026-09-14T10:48:01.629511 [PHY0   ] [I] [ 7841] PUCCH: cc=0; rnti=0x46, f=2, n_pucch=0, dmrs_corr=1.000, snr=111.7 dB, corr=1.000, cqi=15 (cc=0), ta=0.0 us
2026-09-14T10:48:01.650638 [PHY1   ] [I] [ 7860] PUCCH: cc=0; rnti=0x46, f=1, n_pucch=0, dmrs_corr=-nan, snr=-inf dB, corr=0.000, sr=no, ta=0.0 us
2026-09-14T10:48:01.672810 [PHY1   ] [I] [ 7880] PUCCH: cc=0; rnti=0x46, f=1, n_pucch=0, dmrs_corr=-nan, snr=-inf dB, corr=0.000, sr=no, ta=0.0 us
2026-09-14T10:48:01.674039 [PHY0   ] [I] [ 7881] PUCCH: cc=0; rnti=0x46, f=2, n_pucch=0, dmrs_corr=1.000, snr=111.7 dB, corr=1.000, cqi=15 (cc=0), ta=0.0 us
2026-09-14T10:48:01.695669 [PHY1   ] [I] [ 7900] PUCCH: cc=0; rnti=0x46, f=1, n_pucch=0, dmrs_corr=-nan, snr=-inf dB, corr=0.000, sr=no, ta=0.0 us
2026-09-14T10:48:01.719565 [PHY1   ] [I] [ 7920] PUCCH: cc=0; rnti=0x46, f=1, n_pucch=0, dmrs_corr=-nan, snr=-inf dB, corr=0.000, sr=no, ta=0.0 us
2026-09-14T10:48:01.720718 [PHY0   ] [I] [ 7921] PUCCH: cc=0; rnti=0x46, f=2, n_pucch=0, dmrs_corr=1.000, snr=111.7 dB, corr=1.000, cqi=15 (cc=0), ta=0.0 us
2026-09-14T10:48:01.741590 [PHY1   ] [I] [ 7940] PUCCH: cc=0; rnti=0x46, f=1, n_pucch=0, dmrs_corr=-nan, snr=-inf dB, corr=0.000, sr=no, ta=0.0 us
2026-09-14T10:48:01.764045 [PHY1   ] [I] [ 7960] PUCCH: cc=0; rnti=0x46, f=1, n_pucch=0, dmrs_corr=-nan, snr=-inf dB, corr=0.000, sr=no, ta=0.0 us
2026-09-14T10:48:01.765326 [PHY0   ] [I] [ 7961] PUCCH: cc=0; rnti=0x46, f=2, n_pucch=0, dmrs_corr=1.000, snr=111.7 dB, corr=1.000, cqi=15 (cc=0), ta=0.0 us
2026-09-14T10:48:01.786324 [PHY1   ] [I] [ 7980] PUCCH: cc=0; rnti=0x46, f=1, n_pucch=0, dmrs_corr=-nan, snr=-inf dB, corr=0.000, sr=no, ta=0.0 us
2026-09-14T10:48:01.809058 [PHY1   ] [I] [ 8000] PUCCH: cc=0; rnti=0x46, f=1, n_pucch=0, dmrs_corr=-nan, snr=-inf dB, corr=0.000, sr=no, ta=0.0 us
2026-09-14T10:48:01.810351 [PHY0   ] [I] [ 8001] PUCCH: cc=0; rnti=0x46, f=2, n_pucch=0, dmrs_corr=1.000, snr=111.7 dB, corr=1.000, cqi=15 (cc=0), ta=0.0 us
2026-09-14T10:48:01.832288 [PHY1   ] [I] [ 8020] PUCCH: cc=0; rnti=0x46, f=1, n_pucch=0, dmrs_corr=-nan, snr=-inf dB, corr=0.000, sr=no, ta=0.0 us
2026-09-14T10:48:01.855102 [PHY1   ] [I] [ 8040] PUCCH: cc=0; rnti=0x46, f=1, n_pucch=0, dmrs_corr=-nan, snr=-inf dB, corr=0.000, sr=no, ta=0.0 us
2026-09-14T10:48:01.856388 [PHY0   ] [I] [ 8041] PUCCH: cc=0; rnti=0x46, f=2, n_pucch=0, dmrs_corr=1.000, snr=111.7 dB, corr=1.000, cqi=15 (cc=0), ta=0.0 us
2026-09-14T10:48:01.878285 [PHY1   ] [I] [ 8060] PUCCH: cc=0; rnti=0x46, f=1, n_pucch=0, dmrs_corr=-nan, snr=-inf dB, corr=0.000, sr=no, ta=0.0 us
2026-09-14T10:48:01.900928 [PHY1   ] [I] [ 8080] PUCCH: cc=0; rnti=0x46, f=1, n_pucch=0, dmrs_corr=-nan, snr=-inf dB, corr=0.000, sr=no, ta=0.0 us
2026-09-14T10:48:01.902131 [PHY0   ] [I] [ 8081] PUCCH: cc=0; rnti=0x46, f=2, n_pucch=0, dmrs_corr=1.000, snr=111.7 dB, corr=1.000, cqi=15 (cc=0), ta=0.0 us
2026-09-14T10:48:01.923513 [PHY1   ] [I] [ 8100] PUCCH: cc=0; rnti=0x46, f=1, n_pucch=0, dmrs_corr=-nan, snr=-inf dB, corr=0.000, sr=no, ta=0.0 us
2026-09-14T10:48:01.946296 [PHY1   ] [I] [ 8120] PUCCH: cc=0; rnti=0x46, f=1, n_pucch=0, dmrs_corr=-nan, snr=-inf dB, corr=0.000, sr=no, ta=0.0 us
2026-09-14T10:48:01.947721 [PHY0   ] [I] [ 8121] PUCCH: cc=0; rnti=0x46, f=2, n_pucch=0, dmrs_corr=1.000, snr=111.7 dB, corr=1.000, cqi=15 (cc=0), ta=0.0 us
2026-09-14T10:48:01.968824 [PHY1   ] [I] [ 8140] PUCCH: cc=0; rnti=0x46, f=1, n_pucch=0, dmrs_corr=-nan, snr=-inf dB, corr=0.000, sr=no, ta=0.0 us
2026-09-14T10:48:01.991842 [PHY1   ] [I] [ 8160] PUCCH: cc=0; rnti=0x46, f=1, n_pucch=0, dmrs_corr=-nan, snr=-inf dB, corr=0.000, sr=no, ta=0.0 us
2026-09-14T10:48:01.993086 [PHY0   ] [I] [ 8161] PUCCH: cc=0; rnti=0x46, f=2, n_pucch=0, dmrs_corr=1.000, snr=111.7 dB, corr=1.000, cqi=15 (cc=0), ta=0.0 us
2026-09-14T10:48:02.014481 [PHY1   ] [I] [ 8180] PUCCH: cc=0; rnti=0x46, f=1, n_pucch=0, dmrs_corr=-nan, snr=-inf dB, corr=0.000, sr=no, ta=0.0 us
2026-09-14T10:48:02.037024 [PHY1   ] [I] [ 8200] PUCCH: cc=0; rnti=0x46, f=1, n_pucch=0, dmrs_corr=-nan, snr=-inf dB, corr=0.000, sr=no, ta=0.0 us
2026-09-14T10:48:02.038193 [PHY0   ] [I] [ 8201] PUCCH: cc=0; rnti=0x46, f=2, n_pucch=0, dmrs_corr=1.000, snr=111.7 dB, corr=1.000, cqi=15 (cc=0), ta=0.0 us
2026-09-14T10:48:02.059655 [PHY1   ] [I] [ 8220] PUCCH: cc=0; rnti=0x46, f=1, n_pucch=0, dmrs_corr=-nan, snr=-inf dB, corr=0.000, sr=no, ta=0.0 us
2026-09-14T10:48:02.082300 [PHY1   ] [I] [ 8240] PUCCH: cc=0; rnti=0x46, f=1, n_pucch=0, dmrs_corr=-nan, snr=-inf dB, corr=0.000, sr=no, ta=0.0 us
2026-09-14T10:48:02.083576 [PHY0   ] [I] [ 8241] PUCCH: cc=0; rnti=0x46, f=2, n_pucch=0, dmrs_corr=1.000, snr=111.7 dB, corr=1.000, cqi=15 (cc=0), ta=0.0 us
2026-09-14T10:48:02.105292 [PHY1   ] [I] [ 8260] PUCCH: cc=0; rnti=0x46, f=1, n_pucch=0, dmrs_corr=-nan, snr=-inf dB, corr=0.000, sr=no, ta=0.0 us
2026-09-14T10:48:02.127853 [PHY1   ] [I] [ 8280] PUCCH: cc=0; rnti=0x46, f=1, n_pucch=0, dmrs_corr=-nan, snr=-inf dB, corr=0.000, sr=no, ta=0.0 us
2026-09-14T10:48:02.129149 [PHY0   ] [I] [ 8281] PUCCH: cc=0; rnti=0x46, f=2, n_pucch=0, dmrs_corr=1.000, snr=111.7 dB, corr=1.000, cqi=15 (cc=0), ta=0.0 us
2026-09-14T10:48:02.150589 [PHY1   ] [I] [ 8300] PUCCH: cc=0; rnti=0x46, f=1, n_pucch=0, dmrs_corr=-nan, snr=-inf dB, corr=0.000, sr=no, ta=0.0 us
2026-09-14T10:48:02.173082 [PHY1   ] [I] [ 8320] PUCCH: cc=0; rnti=0x46, f=1, n_pucch=0, dmrs_corr=-nan, snr=-inf dB, corr=0.000, sr=no, ta=0.0 us
2026-09-14T10:48:02.174446 [PHY0   ] [I] [ 8321] PUCCH: cc=0; rnti=0x46, f=2, n_pucch=0, dmrs_corr=1.000, snr=111.7 dB, corr=1.000, cqi=15 (cc=0), ta=0.0 us
2026-09-14T10:48:02.195885 [PHY1   ] [I] [ 8340] PUCCH: cc=0; rnti=0x46, f=1, n_pucch=0, dmrs_corr=-nan, snr=-inf dB, corr=0.000, sr=no, ta=0.0 us
2026-09-14T10:48:02.218948 [PHY1   ] [I] [ 8360] PUCCH: cc=0; rnti=0x46, f=1, n_pucch=0, dmrs_corr=-nan, snr=-inf dB, corr=0.000, sr=no, ta=0.0 us
2026-09-14T10:48:02.220315 [PHY0   ] [I] [ 8361] PUCCH: cc=0; rnti=0x46, f=2, n_pucch=0, dmrs_corr=1.000, snr=111.7 dB, corr=1.000, cqi=15 (cc=0), ta=0.0 us
2026-09-14T10:48:02.241473 [PHY1   ] [I] [ 8380] PUCCH: cc=0; rnti=0x46, f=1, n_pucch=0, dmrs_corr=-nan, snr=-inf dB, corr=0.000, sr=no, ta=0.0 us
2026-09-14T10:48:02.264093 [PHY1   ] [I] [ 8400] PUCCH: cc=0; rnti=0x46, f=1, n_pucch=0, dmrs_corr=-nan, snr=-inf dB, corr=0.000, sr=no, ta=0.0 us
2026-09-14T10:48:02.265274 [PHY0   ] [I] [ 8401] PUCCH: cc=0; rnti=0x46, f=2, n_pucch=0, dmrs_corr=1.000, snr=111.7 dB, corr=1.000, cqi=15 (cc=0), ta=0.0 us
2026-09-14T10:48:02.286595 [PHY1   ] [I] [ 8420] PUCCH: cc=0; rnti=0x46, f=1, n_pucch=0, dmrs_corr=-nan, snr=-inf dB, corr=0.000, sr=no, ta=0.0 us
2026-09-14T10:48:02.309127 [PHY1   ] [I] [ 8440] PUCCH: cc=0; rnti=0x46, f=1, n_pucch=0, dmrs_corr=-nan, snr=-inf dB, corr=0.000, sr=no, ta=0.0 us
2026-09-14T10:48:02.310469 [PHY0   ] [I] [ 8441] PUCCH: cc=0; rnti=0x46, f=2, n_pucch=0, dmrs_corr=1.000, snr=111.7 dB, corr=1.000, cqi=15 (cc=0), ta=0.0 us
2026-09-14T10:48:02.331905 [PHY1   ] [I] [ 8460] PUCCH: cc=0; rnti=0x46, f=1, n_pucch=0, dmrs_corr=-nan, snr=-inf dB, corr=0.000, sr=no, ta=0.0 us
2026-09-14T10:48:02.354295 [PHY1   ] [I] [ 8480] PUCCH: cc=0; rnti=0x46, f=1, n_pucch=0, dmrs_corr=-nan, snr=-inf dB, corr=0.000, sr=no, ta=0.0 us
2026-09-14T10:48:02.355657 [PHY0   ] [I] [ 8481] PUCCH: cc=0; rnti=0x46, f=2, n_pucch=0, dmrs_corr=1.000, snr=111.7 dB, corr=1.000, cqi=15 (cc=0), ta=0.0 us
2026-09-14T10:48:02.376938 [PHY1   ] [I] [ 8500] PUCCH: cc=0; rnti=0x46, f=1, n_pucch=0, dmrs_corr=-nan, snr=-inf dB, corr=0.000, sr=no, ta=0.0 us
2026-09-14T10:48:02.399509 [PHY1   ] [I] [ 8520] PUCCH: cc=0; rnti=0x46, f=1, n_pucch=0, dmrs_corr=-nan, snr=-inf dB, corr=0.000, sr=no, ta=0.0 us
2026-09-14T10:48:02.400780 [PHY0   ] [I] [ 8521] PUCCH: cc=0; rnti=0x46, f=2, n_pucch=0, dmrs_corr=1.000, snr=111.7 dB, corr=1.000, cqi=15 (cc=0), ta=0.0 us
2026-09-14T10:48:02.422060 [PHY1   ] [I] [ 8540] PUCCH: cc=0; rnti=0x46, f=1, n_pucch=0, dmrs_corr=-nan, snr=-inf dB, corr=0.000, sr=no, ta=0.0 us
2026-09-14T10:48:02.444449 [PHY1   ] [I] [ 8560] PUCCH: cc=0; rnti=0x46, f=1, n_pucch=0, dmrs_corr=-nan, snr=-inf dB, corr=0.000, sr=no, ta=0.0 us
2026-09-14T10:48:02.445584 [PHY0   ] [I] [ 8561] PUCCH: cc=0; rnti=0x46, f=2, n_pucch=0, dmrs_corr=1.000, snr=111.7 dB, corr=1.000, cqi=15 (cc=0), ta=0.0 us
2026-09-14T10:48:02.466754 [PHY1   ] [I] [ 8580] PUCCH: cc=0; rnti=0x46, f=1, n_pucch=0, dmrs_corr=-nan, snr=-inf dB, corr=0.000, sr=no, ta=0.0 us
2026-09-14T10:48:02.489273 [PHY1   ] [I] [ 8600] PUCCH: cc=0; rnti=0x46, f=1, n_pucch=0, dmrs_corr=-nan, snr=-inf dB, corr=0.000, sr=no, ta=0.0 us
2026-09-14T10:48:02.490580 [PHY0   ] [I] [ 8601] PUCCH: cc=0; rnti=0x46, f=2, n_pucch=0, dmrs_corr=1.000, snr=111.7 dB, corr=1.000, cqi=15 (cc=0), ta=0.0 us
2026-09-14T10:48:02.512143 [PHY1   ] [I] [ 8620] PUCCH: cc=0; rnti=0x46, f=1, n_pucch=0, dmrs_corr=-nan, snr=-inf dB, corr=0.000, sr=no, ta=0.0 us
2026-09-14T10:48:02.535008 [PHY1   ] [I] [ 8640] PUCCH: cc=0; rnti=0x46, f=1, n_pucch=0, dmrs_corr=-nan, snr=-inf dB, corr=0.000, sr=no, ta=0.0 us
2026-09-14T10:48:02.536235 [PHY0   ] [I] [ 8641] PUCCH: cc=0; rnti=0x46, f=2, n_pucch=0, dmrs_corr=1.000, snr=111.7 dB, corr=1.000, cqi=15 (cc=0), ta=0.0 us
2026-09-14T10:48:02.557861 [PHY1   ] [I] [ 8660] PUCCH: cc=0; rnti=0x46, f=1, n_pucch=0, dmrs_corr=-nan, snr=-inf dB, corr=0.000, sr=no, ta=0.0 us
2026-09-14T10:48:02.581020 [PHY1   ] [I] [ 8680] PUCCH: cc=0; rnti=0x46, f=1, n_pucch=0, dmrs_corr=-nan, snr=-inf dB, corr=0.000, sr=no, ta=0.0 us
2026-09-14T10:48:02.582350 [PHY0   ] [I] [ 8681] PUCCH: cc=0; rnti=0x46, f=2, n_pucch=0, dmrs_corr=1.000, snr=111.7 dB, corr=1.000, cqi=15 (cc=0), ta=0.0 us
2026-09-14T10:48:02.603961 [PHY1   ] [I] [ 8700] PUCCH: cc=0; rnti=0x46, f=1, n_pucch=0, dmrs_corr=-nan, snr=-inf dB, corr=0.000, sr=no, ta=0.0 us
2026-09-14T10:48:02.626621 [PHY1   ] [I] [ 8720] PUCCH: cc=0; rnti=0x46, f=1, n_pucch=0, dmrs_corr=-nan, snr=-inf dB, corr=0.000, sr=no, ta=0.0 us
2026-09-14T10:48:02.627804 [PHY0   ] [I] [ 8721] PUCCH: cc=0; rnti=0x46, f=2, n_pucch=0, dmrs_corr=1.000, snr=111.7 dB, corr=1.000, cqi=15 (cc=0), ta=0.0 us
2026-09-14T10:48:02.649325 [PHY1   ] [I] [ 8740] PUCCH: cc=0; rnti=0x46, f=1, n_pucch=0, dmrs_corr=-nan, snr=-inf dB, corr=0.000, sr=no, ta=0.0 us
2026-09-14T10:48:02.672084 [PHY1   ] [I] [ 8760] PUCCH: cc=0; rnti=0x46, f=1, n_pucch=0, dmrs_corr=-nan, snr=-inf dB, corr=0.000, sr=no, ta=0.0 us
2026-09-14T10:48:02.673394 [PHY0   ] [I] [ 8761] PUCCH: cc=0; rnti=0x46, f=2, n_pucch=0, dmrs_corr=1.000, snr=111.7 dB, corr=1.000, cqi=15 (cc=0), ta=0.0 us
2026-09-14T10:48:02.694705 [PHY1   ] [I] [ 8780] PUCCH: cc=0; rnti=0x46, f=1, n_pucch=0, dmrs_corr=-nan, snr=-inf dB, corr=0.000, sr=no, ta=0.0 us
2026-09-14T10:48:02.719891 [PHY1   ] [I] [ 8800] PUCCH: cc=0; rnti=0x46, f=1, n_pucch=0, dmrs_corr=-nan, snr=-inf dB, corr=0.000, sr=no, ta=0.0 us
2026-09-14T10:48:02.721060 [PHY0   ] [I] [ 8801] PUCCH: cc=0; rnti=0x46, f=2, n_pucch=0, dmrs_corr=1.000, snr=111.7 dB, corr=1.000, cqi=15 (cc=0), ta=0.0 us
2026-09-14T10:48:02.742198 [PHY1   ] [I] [ 8820] PUCCH: cc=0; rnti=0x46, f=1, n_pucch=0, dmrs_corr=-nan, snr=-inf dB, corr=0.000, sr=no, ta=0.0 us
2026-09-14T10:48:02.764905 [PHY1   ] [I] [ 8840] PUCCH: cc=0; rnti=0x46, f=1, n_pucch=0, dmrs_corr=-nan, snr=-inf dB, corr=0.000, sr=no, ta=0.0 us
2026-09-14T10:48:02.766357 [PHY0   ] [I] [ 8841] PUCCH: cc=0; rnti=0x46, f=2, n_pucch=0, dmrs_corr=1.000, snr=111.7 dB, corr=1.000, cqi=15 (cc=0), ta=0.0 us
2026-09-14T10:48:02.787537 [PHY1   ] [I] [ 8860] PUCCH: cc=0; rnti=0x46, f=1, n_pucch=0, dmrs_corr=-nan, snr=-inf dB, corr=0.000, sr=no, ta=0.0 us
2026-09-14T10:48:02.810283 [PHY1   ] [I] [ 8880] PUCCH: cc=0; rnti=0x46, f=1, n_pucch=0, dmrs_corr=-nan, snr=-inf dB, corr=0.000, sr=no, ta=0.0 us
2026-09-14T10:48:02.811506 [PHY0   ] [I] [ 8881] PUCCH: cc=0; rnti=0x46, f=2, n_pucch=0, dmrs_corr=1.000, snr=111.7 dB, corr=1.000, cqi=15 (cc=0), ta=0.0 us
2026-09-14T10:48:02.832918 [PHY1   ] [I] [ 8900] PUCCH: cc=0; rnti=0x46, f=1, n_pucch=0, dmrs_corr=-nan, snr=-inf dB, corr=0.000, sr=no, ta=0.0 us
2026-09-14T10:48:02.855349 [PHY1   ] [I] [ 8920] PUCCH: cc=0; rnti=0x46, f=1, n_pucch=0, dmrs_corr=-nan, snr=-inf dB, corr=0.000, sr=no, ta=0.0 us
2026-09-14T10:48:02.856502 [PHY0   ] [I] [ 8921] PUCCH: cc=0; rnti=0x46, f=2, n_pucch=0, dmrs_corr=1.000, snr=111.7 dB, corr=1.000, cqi=15 (cc=0), ta=0.0 us
2026-09-14T10:48:02.877816 [PHY1   ] [I] [ 8940] PUCCH: cc=0; rnti=0x46, f=1, n_pucch=0, dmrs_corr=-nan, snr=-inf dB, corr=0.000, sr=no, ta=0.0 us
2026-09-14T10:48:02.900442 [PHY1   ] [I] [ 8960] PUCCH: cc=0; rnti=0x46, f=1, n_pucch=0, dmrs_corr=-nan, snr=-inf dB, corr=0.000, sr=no, ta=0.0 us
2026-09-14T10:48:02.901745 [PHY0   ] [I] [ 8961] PUCCH: cc=0; rnti=0x46, f=2, n_pucch=0, dmrs_corr=1.000, snr=111.7 dB, corr=1.000, cqi=15 (cc=0), ta=0.0 us
2026-09-14T10:48:02.923076 [PHY1   ] [I] [ 8980] PUCCH: cc=0; rnti=0x46, f=1, n_pucch=0, dmrs_corr=-nan, snr=-inf dB, corr=0.000, sr=no, ta=0.0 us
2026-09-14T10:48:02.945678 [PHY1   ] [I] [ 9000] PUCCH: cc=0; rnti=0x46, f=1, n_pucch=0, dmrs_corr=-nan, snr=-inf dB, corr=0.000, sr=no, ta=0.0 us
2026-09-14T10:48:02.946864 [PHY0   ] [I] [ 9001] PUCCH: cc=0; rnti=0x46, f=2, n_pucch=0, dmrs_corr=1.000, snr=111.7 dB, corr=1.000, cqi=15 (cc=0), ta=0.0 us
2026-09-14T10:48:02.968292 [PHY1   ] [I] [ 9020] PUCCH: cc=0; rnti=0x46, f=1, n_pucch=0, dmrs_corr=-nan, snr=-inf dB, corr=0.000, sr=no, ta=0.0 us
2026-09-14T10:48:02.991013 [PHY1   ] [I] [ 9040] PUCCH: cc=0; rnti=0x46, f=1, n_pucch=0, dmrs_corr=-nan, snr=-inf dB, corr=0.000, sr=no, ta=0.0 us
2026-09-14T10:48:02.992307 [PHY0   ] [I] [ 9041] PUCCH: cc=0; rnti=0x46, f=2, n_pucch=0, dmrs_corr=1.000, snr=111.7 dB, corr=1.000, cqi=15 (cc=0), ta=0.0 us
2026-09-14T10:48:03.013872 [PHY1   ] [I] [ 9060] PUCCH: cc=0; rnti=0x46, f=1, n_pucch=0, dmrs_corr=-nan, snr=-inf dB, corr=0.000, sr=no, ta=0.0 us
2026-09-14T10:48:03.036559 [PHY1   ] [I] [ 9080] PUCCH: cc=0; rnti=0x46, f=1, n_pucch=0, dmrs_corr=-nan, snr=-inf dB, corr=0.000, sr=no, ta=0.0 us
2026-09-14T10:48:03.037965 [PHY0   ] [I] [ 9081] PUCCH: cc=0; rnti=0x46, f=2, n_pucch=0, dmrs_corr=1.000, snr=111.7 dB, corr=1.000, cqi=15 (cc=0), ta=0.0 us
2026-09-14T10:48:03.059244 [PHY1   ] [I] [ 9100] PUCCH: cc=0; rnti=0x46, f=1, n_pucch=0, dmrs_corr=-nan, snr=-inf dB, corr=0.000, sr=no, ta=0.0 us
2026-09-14T10:48:03.081958 [PHY1   ] [I] [ 9120] PUCCH: cc=0; rnti=0x46, f=1, n_pucch=0, dmrs_corr=-nan, snr=-inf dB, corr=0.000, sr=no, ta=0.0 us
2026-09-14T10:48:03.083242 [PHY0   ] [I] [ 9121] PUCCH: cc=0; rnti=0x46, f=2, n_pucch=0, dmrs_corr=1.000, snr=111.7 dB, corr=1.000, cqi=15 (cc=0), ta=0.0 us
2026-09-14T10:48:03.104958 [PHY1   ] [I] [ 9140] PUCCH: cc=0; rnti=0x46, f=1, n_pucch=0, dmrs_corr=-nan, snr=-inf dB, corr=0.000, sr=no, ta=0.0 us
2026-09-14T10:48:03.127778 [PHY1   ] [I] [ 9160] PUCCH: cc=0; rnti=0x46, f=1, n_pucch=0, dmrs_corr=-nan, snr=-inf dB, corr=0.000, sr=no, ta=0.0 us
2026-09-14T10:48:03.128989 [PHY0   ] [I] [ 9161] PUCCH: cc=0; rnti=0x46, f=2, n_pucch=0, dmrs_corr=1.000, snr=111.7 dB, corr=1.000, cqi=15 (cc=0), ta=0.0 us
2026-09-14T10:48:03.150434 [PHY1   ] [I] [ 9180] PUCCH: cc=0; rnti=0x46, f=1, n_pucch=0, dmrs_corr=-nan, snr=-inf dB, corr=0.000, sr=no, ta=0.0 us
2026-09-14T10:48:03.173438 [PHY1   ] [I] [ 9200] PUCCH: cc=0; rnti=0x46, f=1, n_pucch=0, dmrs_corr=-nan, snr=-inf dB, corr=0.000, sr=no, ta=0.0 us
2026-09-14T10:48:03.174726 [PHY0   ] [I] [ 9201] PUCCH: cc=0; rnti=0x46, f=2, n_pucch=0, dmrs_corr=1.000, snr=111.7 dB, corr=1.000, cqi=15 (cc=0), ta=0.0 us
2026-09-14T10:48:03.196081 [PHY1   ] [I] [ 9220] PUCCH: cc=0; rnti=0x46, f=1, n_pucch=0, dmrs_corr=-nan, snr=-inf dB, corr=0.000, sr=no, ta=0.0 us
2026-09-14T10:48:03.218734 [PHY1   ] [I] [ 9240] PUCCH: cc=0; rnti=0x46, f=1, n_pucch=0, dmrs_corr=-nan, snr=-inf dB, corr=0.000, sr=no, ta=0.0 us
2026-09-14T10:48:03.220071 [PHY0   ] [I] [ 9241] PUCCH: cc=0; rnti=0x46, f=2, n_pucch=0, dmrs_corr=1.000, snr=111.7 dB, corr=1.000, cqi=15 (cc=0), ta=0.0 us
2026-09-14T10:48:03.241682 [PHY1   ] [I] [ 9260] PUCCH: cc=0; rnti=0x46, f=1, n_pucch=0, dmrs_corr=-nan, snr=-inf dB, corr=0.000, sr=no, ta=0.0 us
2026-09-14T10:48:03.264294 [PHY1   ] [I] [ 9280] PUCCH: cc=0; rnti=0x46, f=1, n_pucch=0, dmrs_corr=-nan, snr=-inf dB, corr=0.000, sr=no, ta=0.0 us
2026-09-14T10:48:03.265503 [PHY0   ] [I] [ 9281] PUCCH: cc=0; rnti=0x46, f=2, n_pucch=0, dmrs_corr=1.000, snr=111.7 dB, corr=1.000, cqi=15 (cc=0), ta=0.0 us
2026-09-14T10:48:03.286963 [PHY1   ] [I] [ 9300] PUCCH: cc=0; rnti=0x46, f=1, n_pucch=0, dmrs_corr=-nan, snr=-inf dB, corr=0.000, sr=no, ta=0.0 us
2026-09-14T10:48:03.309160 [PHY1   ] [I] [ 9320] PUCCH: cc=0; rnti=0x46, f=1, n_pucch=0, dmrs_corr=-nan, snr=-inf dB, corr=0.000, sr=no, ta=0.0 us
2026-09-14T10:48:03.310470 [PHY0   ] [I] [ 9321] PUCCH: cc=0; rnti=0x46, f=2, n_pucch=0, dmrs_corr=1.000, snr=111.7 dB, corr=1.000, cqi=15 (cc=0), ta=0.0 us
2026-09-14T10:48:03.331903 [PHY1   ] [I] [ 9340] PUCCH: cc=0; rnti=0x46, f=1, n_pucch=0, dmrs_corr=-nan, snr=-inf dB, corr=0.000, sr=no, ta=0.0 us
2026-09-14T10:48:03.354447 [PHY1   ] [I] [ 9360] PUCCH: cc=0; rnti=0x46, f=1, n_pucch=0, dmrs_corr=-nan, snr=-inf dB, corr=0.000, sr=no, ta=0.0 us
2026-09-14T10:48:03.355752 [PHY0   ] [I] [ 9361] PUCCH: cc=0; rnti=0x46, f=2, n_pucch=0, dmrs_corr=1.000, snr=111.7 dB, corr=1.000, cqi=15 (cc=0), ta=0.0 us
2026-09-14T10:48:03.377232 [PHY1   ] [I] [ 9380] PUCCH: cc=0; rnti=0x46, f=1, n_pucch=0, dmrs_corr=-nan, snr=-inf dB, corr=0.000, sr=no, ta=0.0 us
2026-09-14T10:48:03.400011 [PHY1   ] [I] [ 9400] PUCCH: cc=0; rnti=0x46, f=1, n_pucch=0, dmrs_corr=-nan, snr=-inf dB, corr=0.000, sr=no, ta=0.0 us
2026-09-14T10:48:03.401234 [PHY0   ] [I] [ 9401] PUCCH: cc=0; rnti=0x46, f=2, n_pucch=0, dmrs_corr=1.000, snr=111.7 dB, corr=1.000, cqi=15 (cc=0), ta=0.0 us
2026-09-14T10:48:03.422427 [PHY1   ] [I] [ 9420] PUCCH: cc=0; rnti=0x46, f=1, n_pucch=0, dmrs_corr=-nan, snr=-inf dB, corr=0.000, sr=no, ta=0.0 us
2026-09-14T10:48:03.444834 [PHY1   ] [I] [ 9440] PUCCH: cc=0; rnti=0x46, f=1, n_pucch=0, dmrs_corr=-nan, snr=-inf dB, corr=0.000, sr=no, ta=0.0 us
2026-09-14T10:48:03.446189 [PHY0   ] [I] [ 9441] PUCCH: cc=0; rnti=0x46, f=2, n_pucch=0, dmrs_corr=1.000, snr=111.7 dB, corr=1.000, cqi=15 (cc=0), ta=0.0 us
2026-09-14T10:48:03.467505 [PHY1   ] [I] [ 9460] PUCCH: cc=0; rnti=0x46, f=1, n_pucch=0, dmrs_corr=-nan, snr=-inf dB, corr=0.000, sr=no, ta=0.0 us
2026-09-14T10:48:03.490092 [PHY1   ] [I] [ 9480] PUCCH: cc=0; rnti=0x46, f=1, n_pucch=0, dmrs_corr=-nan, snr=-inf dB, corr=0.000, sr=no, ta=0.0 us
2026-09-14T10:48:03.491433 [PHY0   ] [I] [ 9481] PUCCH: cc=0; rnti=0x46, f=2, n_pucch=0, dmrs_corr=1.000, snr=111.7 dB, corr=1.000, cqi=15 (cc=0), ta=0.0 us
2026-09-14T10:48:03.513078 [PHY1   ] [I] [ 9500] PUCCH: cc=0; rnti=0x46, f=1, n_pucch=0, dmrs_corr=-nan, snr=-inf dB, corr=0.000, sr=no, ta=0.0 us
2026-09-14T10:48:03.535771 [PHY1   ] [I] [ 9520] PUCCH: cc=0; rnti=0x46, f=1, n_pucch=0, dmrs_corr=-nan, snr=-inf dB, corr=0.000, sr=no, ta=0.0 us
2026-09-14T10:48:03.537012 [PHY0   ] [I] [ 9521] PUCCH: cc=0; rnti=0x46, f=2, n_pucch=0, dmrs_corr=1.000, snr=111.7 dB, corr=1.000, cqi=15 (cc=0), ta=0.0 us
2026-09-14T10:48:03.558323 [PHY1   ] [I] [ 9540] PUCCH: cc=0; rnti=0x46, f=1, n_pucch=0, dmrs_corr=-nan, snr=-inf dB, corr=0.000, sr=no, ta=0.0 us
2026-09-14T10:48:03.581039 [PHY1   ] [I] [ 9560] PUCCH: cc=0; rnti=0x46, f=1, n_pucch=0, dmrs_corr=-nan, snr=-inf dB, corr=0.000, sr=no, ta=0.0 us
2026-09-14T10:48:03.582373 [PHY0   ] [I] [ 9561] PUCCH: cc=0; rnti=0x46, f=2, n_pucch=0, dmrs_corr=1.000, snr=111.7 dB, corr=1.000, cqi=15 (cc=0), ta=0.0 us
2026-09-14T10:48:03.603701 [PHY1   ] [I] [ 9580] PUCCH: cc=0; rnti=0x46, f=1, n_pucch=0, dmrs_corr=-nan, snr=-inf dB, corr=0.000, sr=no, ta=0.0 us
2026-09-14T10:48:03.626160 [PHY1   ] [I] [ 9600] PUCCH: cc=0; rnti=0x46, f=1, n_pucch=0, dmrs_corr=-nan, snr=-inf dB, corr=0.000, sr=no, ta=0.0 us
2026-09-14T10:48:03.627281 [PHY0   ] [I] [ 9601] PUCCH: cc=0; rnti=0x46, f=2, n_pucch=0, dmrs_corr=1.000, snr=111.7 dB, corr=1.000, cqi=15 (cc=0), ta=0.0 us
2026-09-14T10:48:03.648566 [PHY1   ] [I] [ 9620] PUCCH: cc=0; rnti=0x46, f=1, n_pucch=0, dmrs_corr=-nan, snr=-inf dB, corr=0.000, sr=no, ta=0.0 us
2026-09-14T10:48:03.671238 [PHY1   ] [I] [ 9640] PUCCH: cc=0; rnti=0x46, f=1, n_pucch=0, dmrs_corr=-nan, snr=-inf dB, corr=0.000, sr=no, ta=0.0 us
2026-09-14T10:48:03.672440 [PHY0   ] [I] [ 9641] PUCCH: cc=0; rnti=0x46, f=2, n_pucch=0, dmrs_corr=1.000, snr=111.7 dB, corr=1.000, cqi=15 (cc=0), ta=0.0 us
2026-09-14T10:48:03.693643 [PHY1   ] [I] [ 9660] PUCCH: cc=0; rnti=0x46, f=1, n_pucch=0, dmrs_corr=-nan, snr=-inf dB, corr=0.000, sr=no, ta=0.0 us
2026-09-14T10:48:03.716563 [PHY1   ] [I] [ 9680] PUCCH: cc=0; rnti=0x46, f=1, n_pucch=0, dmrs_corr=-nan, snr=-inf dB, corr=0.000, sr=no, ta=0.0 us
2026-09-14T10:48:03.717803 [PHY0   ] [I] [ 9681] PUCCH: cc=0; rnti=0x46, f=2, n_pucch=0, dmrs_corr=1.000, snr=111.7 dB, corr=1.000, cqi=15 (cc=0), ta=0.0 us
2026-09-14T10:48:03.739217 [PHY1   ] [I] [ 9700] PUCCH: cc=0; rnti=0x46, f=1, n_pucch=0, dmrs_corr=-nan, snr=-inf dB, corr=0.000, sr=no, ta=0.0 us
2026-09-14T10:48:03.761727 [PHY1   ] [I] [ 9720] PUCCH: cc=0; rnti=0x46, f=1, n_pucch=0, dmrs_corr=-nan, snr=-inf dB, corr=0.000, sr=no, ta=0.0 us
2026-09-14T10:48:03.763060 [PHY0   ] [I] [ 9721] PUCCH: cc=0; rnti=0x46, f=2, n_pucch=0, dmrs_corr=1.000, snr=111.7 dB, corr=1.000, cqi=15 (cc=0), ta=0.0 us
2026-09-14T10:48:03.784408 [PHY1   ] [I] [ 9740] PUCCH: cc=0; rnti=0x46, f=1, n_pucch=0, dmrs_corr=-nan, snr=-inf dB, corr=0.000, sr=no, ta=0.0 us
2026-09-14T10:48:03.807096 [PHY1   ] [I] [ 9760] PUCCH: cc=0; rnti=0x46, f=1, n_pucch=0, dmrs_corr=-nan, snr=-inf dB, corr=0.000, sr=no, ta=0.0 us
2026-09-14T10:48:03.808292 [PHY0   ] [I] [ 9761] PUCCH: cc=0; rnti=0x46, f=2, n_pucch=0, dmrs_corr=1.000, snr=111.7 dB, corr=1.000, cqi=15 (cc=0), ta=0.0 us
2026-09-14T10:48:03.829646 [PHY1   ] [I] [ 9780] PUCCH: cc=0; rnti=0x46, f=1, n_pucch=0, dmrs_corr=-nan, snr=-inf dB, corr=0.000, sr=no, ta=0.0 us
2026-09-14T10:48:03.852315 [PHY1   ] [I] [ 9800] PUCCH: cc=0; rnti=0x46, f=1, n_pucch=0, dmrs_corr=-nan, snr=-inf dB, corr=0.000, sr=no, ta=0.0 us
2026-09-14T10:48:03.853604 [PHY0   ] [I] [ 9801] PUCCH: cc=0; rnti=0x46, f=2, n_pucch=0, dmrs_corr=1.000, snr=111.7 dB, corr=1.000, cqi=15 (cc=0), ta=0.0 us
2026-09-14T10:48:03.875076 [PHY1   ] [I] [ 9820] PUCCH: cc=0; rnti=0x46, f=1, n_pucch=0, dmrs_corr=-nan, snr=-inf dB, corr=0.000, sr=no, ta=0.0 us
2026-09-14T10:48:03.897827 [PHY1   ] [I] [ 9840] PUCCH: cc=0; rnti=0x46, f=1, n_pucch=0, dmrs_corr=-nan, snr=-inf dB, corr=0.000, sr=no, ta=0.0 us
2026-09-14T10:48:03.899150 [PHY0   ] [I] [ 9841] PUCCH: cc=0; rnti=0x46, f=2, n_pucch=0, dmrs_corr=1.000, snr=111.7 dB, corr=1.000, cqi=15 (cc=0), ta=0.0 us
2026-09-14T10:48:03.920460 [PHY1   ] [I] [ 9860] PUCCH: cc=0; rnti=0x46, f=1, n_pucch=0, dmrs_corr=-nan, snr=-inf dB, corr=0.000, sr=no, ta=0.0 us
2026-09-14T10:48:03.943174 [PHY1   ] [I] [ 9880] PUCCH: cc=0; rnti=0x46, f=1, n_pucch=0, dmrs_corr=-nan, snr=-inf dB, corr=0.000, sr=no, ta=0.0 us
2026-09-14T10:48:03.944359 [PHY0   ] [I] [ 9881] PUCCH: cc=0; rnti=0x46, f=2, n_pucch=0, dmrs_corr=1.000, snr=111.7 dB, corr=1.000, cqi=15 (cc=0), ta=0.0 us
2026-09-14T10:48:03.965594 [PHY1   ] [I] [ 9900] PUCCH: cc=0; rnti=0x46, f=1, n_pucch=0, dmrs_corr=-nan, snr=-inf dB, corr=0.000, sr=no, ta=0.0 us
2026-09-14T10:48:03.988244 [PHY1   ] [I] [ 9920] PUCCH: cc=0; rnti=0x46, f=1, n_pucch=0, dmrs_corr=-nan, snr=-inf dB, corr=0.000, sr=no, ta=0.0 us
2026-09-14T10:48:03.989506 [PHY0   ] [I] [ 9921] PUCCH: cc=0; rnti=0x46, f=2, n_pucch=0, dmrs_corr=1.000, snr=111.7 dB, corr=1.000, cqi=15 (cc=0), ta=0.0 us
2026-09-14T10:48:04.010789 [PHY1   ] [I] [ 9940] PUCCH: cc=0; rnti=0x46, f=1, n_pucch=0, dmrs_corr=-nan, snr=-inf dB, corr=0.000, sr=no, ta=0.0 us
2026-09-14T10:48:04.033127 [PHY1   ] [I] [ 9960] PUCCH: cc=0; rnti=0x46, f=1, n_pucch=0, dmrs_corr=-nan, snr=-inf dB, corr=0.000, sr=no, ta=0.0 us
2026-09-14T10:48:04.034408 [PHY0   ] [I] [ 9961] PUCCH: cc=0; rnti=0x46, f=2, n_pucch=0, dmrs_corr=1.000, snr=111.7 dB, corr=1.000, cqi=15 (cc=0), ta=0.0 us
2026-09-14T10:48:04.055444 [PHY1   ] [I] [ 9980] PUCCH: cc=0; rnti=0x46, f=1, n_pucch=0, dmrs_corr=-nan, snr=-inf dB, corr=0.000, sr=no, ta=0.0 us
2026-09-14T10:48:04.077916 [PHY1   ] [I] [10000] PUCCH: cc=0; rnti=0x46, f=1, n_pucch=0, dmrs_corr=-nan, snr=-inf dB, corr=0.000, sr=no, ta=0.0 us
2026-09-14T10:48:04.079121 [PHY0   ] [I] [10001] PUCCH: cc=0; rnti=0x46, f=2, n_pucch=0, dmrs_corr=1.000, snr=111.7 dB, corr=1.000, cqi=15 (cc=0), ta=0.0 us
2026-09-14T10:48:04.100353 [PHY1   ] [I] [10020] PUCCH: cc=0; rnti=0x46, f=1, n_pucch=0, dmrs_corr=-nan, snr=-inf dB, corr=0.000, sr=no, ta=0.0 us
2026-09-14T10:48:04.123082 [PHY1   ] [I] [10040] PUCCH: cc=0; rnti=0x46, f=1, n_pucch=0, dmrs_corr=-nan, snr=-inf dB, corr=0.000, sr=no, ta=0.0 us
2026-09-14T10:48:04.124311 [PHY0   ] [I] [10041] PUCCH: cc=0; rnti=0x46, f=2, n_pucch=0, dmrs_corr=1.000, snr=111.7 dB, corr=1.000, cqi=15 (cc=0), ta=0.0 us
2026-09-14T10:48:04.145569 [PHY1   ] [I] [10060] PUCCH: cc=0; rnti=0x46, f=1, n_pucch=0, dmrs_corr=-nan, snr=-inf dB, corr=0.000, sr=no, ta=0.0 us
2026-09-14T10:48:04.168133 [PHY1   ] [I] [10080] PUCCH: cc=0; rnti=0x46, f=1, n_pucch=0, dmrs_corr=-nan, snr=-inf dB, corr=0.000, sr=no, ta=0.0 us
2026-09-14T10:48:04.169494 [PHY0   ] [I] [10081] PUCCH: cc=0; rnti=0x46, f=2, n_pucch=0, dmrs_corr=1.000, snr=111.7 dB, corr=1.000, cqi=15 (cc=0), ta=0.0 us
2026-09-14T10:48:04.190648 [PHY1   ] [I] [10100] PUCCH: cc=0; rnti=0x46, f=1, n_pucch=0, dmrs_corr=-nan, snr=-inf dB, corr=0.000, sr=no, ta=0.0 us
2026-09-14T10:48:04.213394 [PHY1   ] [I] [10120] PUCCH: cc=0; rnti=0x46, f=1, n_pucch=0, dmrs_corr=-nan, snr=-inf dB, corr=0.000, sr=no, ta=0.0 us
2026-09-14T10:48:04.214778 [PHY0   ] [I] [10121] PUCCH: cc=0; rnti=0x46, f=2, n_pucch=0, dmrs_corr=1.000, snr=111.7 dB, corr=1.000, cqi=15 (cc=0), ta=0.0 us
2026-09-14T10:48:04.236040 [PHY1   ] [I] [10140] PUCCH: cc=0; rnti=0x46, f=1, n_pucch=0, dmrs_corr=-nan, snr=-inf dB, corr=0.000, sr=no, ta=0.0 us
2026-09-14T10:48:04.258773 [PHY1   ] [I] [10160] PUCCH: cc=0; rnti=0x46, f=1, n_pucch=0, dmrs_corr=-nan, snr=-inf dB, corr=0.000, sr=no, ta=0.0 us
2026-09-14T10:48:04.260003 [PHY0   ] [I] [10161] PUCCH: cc=0; rnti=0x46, f=2, n_pucch=0, dmrs_corr=1.000, snr=111.7 dB, corr=1.000, cqi=15 (cc=0), ta=0.0 us
2026-09-14T10:48:04.281594 [PHY1   ] [I] [10180] PUCCH: cc=0; rnti=0x46, f=1, n_pucch=0, dmrs_corr=-nan, snr=-inf dB, corr=0.000, sr=no, ta=0.0 us
2026-09-14T10:48:04.304556 [PHY1   ] [I] [10200] PUCCH: cc=0; rnti=0x46, f=1, n_pucch=0, dmrs_corr=-nan, snr=-inf dB, corr=0.000, sr=no, ta=0.0 us
2026-09-14T10:48:04.305648 [PHY0   ] [I] [10201] PUCCH: cc=0; rnti=0x46, f=2, n_pucch=0, dmrs_corr=1.000, snr=111.7 dB, corr=1.000, cqi=15 (cc=0), ta=0.0 us
2026-09-14T10:48:04.327209 [PHY1   ] [I] [10220] PUCCH: cc=0; rnti=0x46, f=1, n_pucch=0, dmrs_corr=-nan, snr=-inf dB, corr=0.000, sr=no, ta=0.0 us
2026-09-14T10:48:04.350000 [PHY1   ] [I] [    0] PUCCH: cc=0; rnti=0x46, f=1, n_pucch=0, dmrs_corr=-nan, snr=-inf dB, corr=0.000, sr=no, ta=0.0 us
2026-09-14T10:48:04.351270 [PHY0   ] [I] [    1] PUCCH: cc=0; rnti=0x46, f=2, n_pucch=0, dmrs_corr=1.000, snr=111.7 dB, corr=1.000, cqi=15 (cc=0), ta=0.0 us
2026-09-14T10:48:04.372760 [PHY1   ] [I] [   20] PUCCH: cc=0; rnti=0x46, f=1, n_pucch=0, dmrs_corr=-nan, snr=-inf dB, corr=0.000, sr=no, ta=0.0 us
2026-09-14T10:48:04.395590 [PHY1   ] [I] [   40] PUCCH: cc=0; rnti=0x46, f=1, n_pucch=0, dmrs_corr=-nan, snr=-inf dB, corr=0.000, sr=no, ta=0.0 us
2026-09-14T10:48:04.396820 [PHY0   ] [I] [   41] PUCCH: cc=0; rnti=0x46, f=2, n_pucch=0, dmrs_corr=1.000, snr=111.7 dB, corr=1.000, cqi=15 (cc=0), ta=0.0 us
2026-09-14T10:48:04.418237 [PHY1   ] [I] [   60] PUCCH: cc=0; rnti=0x46, f=1, n_pucch=0, dmrs_corr=-nan, snr=-inf dB, corr=0.000, sr=no, ta=0.0 us
2026-09-14T10:48:04.441017 [PHY1   ] [I] [   80] PUCCH: cc=0; rnti=0x46, f=1, n_pucch=0, dmrs_corr=-nan, snr=-inf dB, corr=0.000, sr=no, ta=0.0 us
2026-09-14T10:48:04.442380 [PHY0   ] [I] [   81] PUCCH: cc=0; rnti=0x46, f=2, n_pucch=0, dmrs_corr=1.000, snr=111.7 dB, corr=1.000, cqi=15 (cc=0), ta=0.0 us
2026-09-14T10:48:04.463621 [PHY1   ] [I] [  100] PUCCH: cc=0; rnti=0x46, f=1, n_pucch=0, dmrs_corr=-nan, snr=-inf dB, corr=0.000, sr=no, ta=0.0 us
2026-09-14T10:48:04.486466 [PHY1   ] [I] [  120] PUCCH: cc=0; rnti=0x46, f=1, n_pucch=0, dmrs_corr=-nan, snr=-inf dB, corr=0.000, sr=no, ta=0.0 us
2026-09-14T10:48:04.487638 [PHY0   ] [I] [  121] PUCCH: cc=0; rnti=0x46, f=2, n_pucch=0, dmrs_corr=1.000, snr=111.7 dB, corr=1.000, cqi=15 (cc=0), ta=0.0 us
2026-09-14T10:48:04.509245 [PHY1   ] [I] [  140] PUCCH: cc=0; rnti=0x46, f=1, n_pucch=0, dmrs_corr=-nan, snr=-inf dB, corr=0.000, sr=no, ta=0.0 us
2026-09-14T10:48:04.531890 [PHY1   ] [I] [  160] PUCCH: cc=0; rnti=0x46, f=1, n_pucch=0, dmrs_corr=-nan, snr=-inf dB, corr=0.000, sr=no, ta=0.0 us
2026-09-14T10:48:04.533195 [PHY0   ] [I] [  161] PUCCH: cc=0; rnti=0x46, f=2, n_pucch=0, dmrs_corr=1.000, snr=111.7 dB, corr=1.000, cqi=15 (cc=0), ta=0.0 us
2026-09-14T10:48:04.554968 [PHY1   ] [I] [  180] PUCCH: cc=0; rnti=0x46, f=1, n_pucch=0, dmrs_corr=-nan, snr=-inf dB, corr=0.000, sr=no, ta=0.0 us
2026-09-14T10:48:04.577552 [PHY1   ] [I] [  200] PUCCH: cc=0; rnti=0x46, f=1, n_pucch=0, dmrs_corr=-nan, snr=-inf dB, corr=0.000, sr=no, ta=0.0 us
2026-09-14T10:48:04.578753 [PHY0   ] [I] [  201] PUCCH: cc=0; rnti=0x46, f=2, n_pucch=0, dmrs_corr=1.000, snr=111.7 dB, corr=1.000, cqi=15 (cc=0), ta=0.0 us
2026-09-14T10:48:04.587622 [RRC    ] [I] Activity timer for rnti=0x46 expired after 30000 ms
2026-09-14T10:48:04.587639 [S1AP   ] [I] Tx S1AP SDU, UEContextReleaseRequest, rnti=0x46
    0000: 00 12 40 15 00 00 03 00 00 00 02 00 01 00 08 00
    0010: 02 00 01 00 02 40 02 02 80
2026-09-14T10:48:04.588136 [S1AP   ] [I] Rx S1AP SDU - UEContextReleaseCommand
    0000: 00 17 00 11 00 00 02 00 63 00 04 00 01 00 01 00
    0010: 02 40 02 02 80
2026-09-14T10:48:04.588138 [S1AP   ] [I] Checking UE S1 logical connection. eNB UE S1AP ID=1, MME UE S1AP ID=1
2026-09-14T10:48:04.588138 [RRC    ] [I] Releasing E-RABs for 0x46
2026-09-14T10:48:04.588143 [GTPU   ] [I] Removed rnti=0x46,eps-BearerID=5 tunnel with TEID In=0x1
2026-09-14T10:48:04.588145 [GTPU   ] [I] Removed rnti=0x46,eps-BearerID=6 tunnel with TEID In=0x2
2026-09-14T10:48:04.588146 [GTPU   ] [I] Removed rnti=0x46,eps-BearerID=7 tunnel with TEID In=0x3
2026-09-14T10:48:04.588160 [S1AP   ] [I] Tx S1AP SDU, UEContextReleaseComplete, rnti=0x46
    0000: 20 17 00 0f 00 00 02 00 00 40 02 00 01 00 08 40
    0010: 02 00 01
2026-09-14T10:48:04.588186 [S1AP   ] [I] UE context for RNTI:0x46 released
2026-09-14T10:48:04.588604 [RRC    ] [I] Received Release Complete rnti=0x46
2026-09-14T10:48:04.588614 [RLC    ] [I] Cleared buffer rnti=0x46
2026-09-14T10:48:04.588625 [RRC    ] [I] Tx SRB1 PDU, rnti=0x46 - rrcConnectionRelease (2 B)
    0000: 28 02
2026-09-14T10:48:04.588639 [PDCP   ] [I] TX SRB1 PDU, SN=7, integrity=tx/rx, encryption=tx/rx
    0000: 07 28 02 93 d7 de 0d
2026-09-14T10:48:04.588641 [RLC    ] [I] SRB1: Tx SDU (7 B, PDCP_SN=7 tx_sdu_queue_len=1)
    0000: 07 28 02 93 d7 de 0d
2026-09-14T10:48:04.589797 [MAC    ] [I] [  211] SCHED: DL tx rnti=0x46, cc=0, pid=0, mask=0x10000, dci=(0, 4), n_rtx=0, cfi=1, tbs=18, buffer=14/0, tti_tx_dl=215
2026-09-14T10:48:04.589807 [RLC    ] [I] SRB1: Tx PDU SN=7 (9 B)
    0000: a0 07 07 28 02 93 d7 de 0d
2026-09-14T10:48:04.589813 [MAC    ] [I] [  211] 0x46 DL LCID=1 len=9
2026-09-14T10:48:04.589836 [PHY0   ] [I] [  211] PDCCH: cc=0, rnti=0x46, f=1, cce= 4, L=0, rbg=0x10000, pid=0, mcs={2}, ndi={1}, tpc_pucch=1, tti_tx_dl=215
2026-09-14T10:48:04.589859 [PHY0   ] [I] [  211] PDSCH: cc=0, rnti=0x46, nof_prb=3, nof_re=450, tbs={18}, mod={2}, rv={0}, tti_tx_dl=215
2026-09-14T10:48:04.598907 [MAC    ] [I] [  219] SCHED: DL adaptive link: rnti=0x46, cqi=15, last_mcs=2, cqi_offset=0.019000
2026-09-14T10:48:04.598919 [PHY0   ] [I] [  219] PUCCH: cc=0; rnti=0x46, f=1a, n_pucch=16, dmrs_corr=1.000, snr=111.7 dB, corr=1.000, ack=1, ta=0.0 us
2026-09-14T10:48:04.599959 [PHY1   ] [I] [  220] PUCCH: cc=0; rnti=0x46, f=1, n_pucch=0, dmrs_corr=-nan, snr=-inf dB, corr=0.000, sr=no, ta=0.0 us
2026-09-14T10:48:04.622852 [PHY1   ] [I] [  240] PUCCH: cc=0; rnti=0x46, f=1, n_pucch=0, dmrs_corr=1.000, snr=111.7 dB, corr=1.000, sr=yes, ta=0.0 us
2026-09-14T10:48:04.622879 [MAC    ] [I] [  240] SCHED: UL tx rnti=0x46, cc=0, pid=0, dci=(0,4), prb=[2, 11), n_rtx=0, cfi=1, tbs=517, bsr=0 (512-517), tti_tx_ul=248
2026-09-14T10:48:04.622902 [PHY1   ] [I] [  240] PDCCH: cc=0, rnti=0x46, f=0, cce= 4, L=0, riv=402, mcs=22, rv=0, ndi=1, f_h=n/a, cqi=no, tpc_pusch=1, dmrs_cs=0, tti_tx_dl=244
2026-09-14T10:48:04.623939 [PHY0   ] [I] [  241] PUCCH: cc=0; rnti=0x46, f=2, n_pucch=0, dmrs_corr=1.000, snr=111.7 dB, corr=1.000, cqi=15 (cc=0), ta=0.0 us
2026-09-14T10:48:04.631981 [MAC    ] [I] [  248] SCHED: UL adaptive link: rnti=0x46, snr_estim=111.42, last_mcs=22, snr_offset=0.011000
2026-09-14T10:48:04.631983 [MAC    ] [I] [  248] Pushing PDU rnti=0x46, tti_rx=248, nof_bytes=517
2026-09-14T10:48:04.631993 [PHY1   ] [I] [  248] PUSCH: cc=0, rnti=0x46, rb=(2,10), nof_re=1296, tbs=517, mod=4, rv=0, crc=OK, avg_iter=2.0, snr=111.4 dB, epre=112.8 dBfs, ta=0.0 us, cfo=0.0 hz, t=139 us
2026-09-14T10:48:04.632017 [PHY1   ] [I] [  248] PHICH: rnti=0x46, hi=1, I_lowest=2, n_dmrs=0, tti_tx_dl=252
2026-09-14T10:48:04.632036 [MAC    ] [I] [  248] 0x46 UL PHR: ph=30.0 LBSR: b=0 0 0 0  LCID=1 len=2 PAD: len=506
2026-09-14T10:48:04.632039 [RLC    ] [I] SRB1: Rx PDU - N bytes 2
2026-09-14T10:48:04.632044 [RLC    ] [I] Rx Status PDU SRB1: ACK_SN = 8, N_nack = 0
2026-09-14T10:48:04.644980 [PHY1   ] [I] [  260] PUCCH: cc=0; rnti=0x46, f=1, n_pucch=0, dmrs_corr=-nan, snr=-inf dB, corr=0.000, sr=no, ta=0.0 us
2026-09-14T10:48:04.645062 [GTPU   ] [I] Removing rnti=0x46
2026-09-14T10:48:04.645064 [STCK   ] [I] Bearers: Removed rnti=0x46 from EPS bearer manager
2026-09-14T10:48:04.645377 [RRC    ] [I] Deallocated CQI resources for time-frequency slot (0, 0)
2026-09-14T10:48:04.645378 [RRC    ] [I] Deallocated SR resources for time-frequency slot (0, 0)
2026-09-14T10:48:04.645415 [RRC    ] [I] Removed user rnti=0x46
2026-09-14T10:48:04.657002 [MAC    ] [I] [  270] User rnti=0x46 removed from MAC/PHY
2026-09-14T10:49:06.577920 [S1AP   ] [I] SCTP Notification 8005
2026-09-14T10:49:06.577921 [S1AP   ] [I] SCTP Association Shutdown. Association: 0
2026-09-14T10:49:06.577933 [S1AP   ] [I] Restarting S1 connection
2026-09-14T10:49:06.577950 [COMN   ] [D] [    0] RxSockets: Socket fd=7 has been successfully removed
2026-09-14T10:49:06.577953 [COMN   ] [D] [    0] RxSockets: Socket fd=7 has been successfully removed
2026-09-14T10:49:06.577964 [S1AP   ] [I] Proc "MME Connection" - Starting new MME connection.
2026-09-14T10:49:06.577965 [S1AP   ] [I] Connecting to MME 127.0.0.2:36412
2026-09-14T10:49:06.578010 [COMN   ] [D] [    0] Setting RTO_INFO options on SCTP socket. Association 0, Initial RTO 3000, Minimum RTO 1000, Maximum RTO 6000
2026-09-14T10:49:06.578012 [COMN   ] [D] [    0] Setting SCTP_INITMSG options on SCTP socket. Max attempts 3, Max init attempts timeout 5000
2026-09-14T10:49:06.578020 [COMN   ] [D] [    0] Successfully bound to address 127.0.0.2:0
2026-09-14T10:49:06.578021 [S1AP   ] [I] SCTP socket opened. fd=7
2026-09-14T10:49:06.578057 [COMN   ] [I] [    0] Failed to establish socket connection to 127.0.0.2
2026-09-14T10:49:06.578063 [S1AP   ] [I] Proc "MME Connection" - Could not connect to MME
2026-09-14T10:49:06.578065 [S1AP   ] [I] Proc "MME Connection" - Failed to initiate S1 connection. Attempting reconnection in 10 seconds
2026-09-14T10:49:06.578067 [COMN   ] [W] [    0] RxSockets: The socket fd=7 to be removed does not exist
2026-09-14T10:49:06.578069 [S1AP   ] [I] Proc "MME Connection" - S1AP socket closed.
2026-09-14T10:49:06.591670 [COMN   ] [D] [    0] RxSockets: Closing rx socket handler thread
2026-09-14T10:49:06.591694 [COMN   ] [D] [    0] RxSockets: closed.
